指标名称,螺纹钢主力基差(天津),跨月价差:螺纹1-5,跨月价差:螺纹10-1,跨月价差:螺纹5-10
2009/3/27,13.5361,,-47,
2009/3/30,30.5361,,-49,
2009/3/31,25.5361,,-67,
2009/4/1,27.5361,,-79,
2009/4/2,101.5361,,-116,
2009/4/3,116.2268,,-112,
2009/4/7,31.9897,,-127,
2009/4/8,59.9897,,-83,
2009/4/9,54.9897,,-98,
2009/4/10,38.9897,,-110,
2009/4/13,64.299,,-118,
2009/4/14,-16.3918,,-90,
2009/4/15,33.1546,,-110,
2009/4/16,50.701,,-110,
2009/4/17,140.1031,,-190,
2009/4/20,75.2474,,-148,
2009/4/21,174.2474,,-153,
2009/4/22,161.9381,,-184,
2009/4/23,164.6289,,-157,
2009/4/24,197.2474,,-164,
2009/4/27,281.7216,,-106,
2009/4/28,273.7216,,-109,
2009/4/29,312.268,,-88,
2009/4/30,330.8144,,-113,
2009/5/4,278.7423,,-128,
2009/5/5,327.433,,-115,
2009/5/6,289.8144,,-118,
2009/5/7,270.1959,,-125,
2009/5/8,269.8144,,-114,
2009/5/11,296.3608,,-82,
2009/5/12,321.2887,,-64,
2009/5/13,327.2887,,-81,
2009/5/14,382.5979,,-120,
2009/5/15,372.5979,,-107,
2009/5/18,368.5979,-108,-115,223
2009/5/19,358.5979,-154,-116,270
2009/5/20,368.9072,-160,-117,277
2009/5/21,383.5258,-177,-91,268
2009/5/22,379.2165,-185,-86,271
2009/5/25,357.2887,-175,-100,275
2009/5/26,334.3608,-171,-100,271
2009/5/27,325.3608,-171,-95,266
2009/6/1,319.2887,-229,-98,327
2009/6/2,352.5258,-147,-103,250
2009/6/3,337.5258,-166,-82,248
2009/6/4,307.5258,-175,-62,237
2009/6/5,210.2887,-170,-66,236
2009/6/8,167.9794,-156,-55,211
2009/6/9,176.9794,-159,-76,235
2009/6/10,147.9794,-130,-87,217
2009/6/11,36.7423,-145,-75,220
2009/6/12,50.7423,-146,-97,243
2009/6/15,96.6701,14,-100,86
2009/6/16,80.6701,-115,-101,216
2009/6/17,93.6701,-137,-81,218
2009/6/18,103.6701,-154,-108,262
2009/6/19,38.6701,-101,-87,188
2009/6/22,57.5979,-128,-50,178
2009/6/23,126.5258,-96,-84,180
2009/6/24,158.1443,-174,-43,217
2009/6/25,224,-132,-67,199
2009/6/26,236,-118,-73,191
2009/6/29,230.0722,-100,-92,192
2009/6/30,212.4536,-105,-72,177
2009/7/1,199.4536,-120,-59,179
2009/7/2,192.0722,-105,-65,170
2009/7/3,220.6907,-131,-44,175
2009/7/6,244.6186,-99,-47,146
2009/7/7,240.6186,-87,-37,124
2009/7/8,260.6186,-63,-42,105
2009/7/9,245.6186,-64,-19,83
2009/7/10,290.4742,-68,-7,75
2009/7/13,327.7113,-90,8,82
2009/7/14,307.3299,-52,-11,63
2009/7/15,232.3299,-38,-3,41
2009/7/16,241.567,-75,5,70
2009/7/17,309.8041,-58,-20,78
2009/7/20,287.8041,-72,-17,89
2009/7/21,262.1856,-72,-30,102
2009/7/22,224.1856,-89,-30,119
2009/7/23,225.732,-97,-8,105
2009/7/24,204.9691,-74,8,66
2009/7/27,286.9897,-81,-11,92
2009/7/28,243.5361,-48,1,47
2009/7/29,337.1753,9,-22,13
2009/7/30,305.7938,-9,28,-19
2009/7/31,164.0309,-5,26,-21
2009/8/3,57.7423,80,14,-94
2009/8/4,190.4536,32,16,-48
2009/8/5,369.6392,37,20,-57
2009/8/6,443.1856,23,58,-81
2009/8/7,540.0928,3,116,-119
2009/8/10,344.9072,-25,63,-38
2009/8/11,225.8144,-2,66,-64
2009/8/12,292.8144,-40,101,-61
2009/8/13,266.8144,-43,65,-22
2009/8/14,217.1753,-58,62,-4
2009/8/17,138.5361,-46,72,-26
2009/8/18,106.9897,-67,96,-29
2009/8/19,200.8969,-91,81,10
2009/8/20,33.8041,-64,96,-32
2009/8/21,-17.1959,-64,95,-31
2009/8/24,-6.1959,-64,76,-12
2009/8/25,-26.2887,-66,55,11
2009/8/26,-106.8351,-81,31,50
2009/8/27,-160.3814,-77,2,75
2009/8/28,-109.8351,-95,-33,128
2009/8/31,29.1649,-129,-21,150
2009/9/1,87.1649,-150,-55,205
2009/9/2,27.0722,-109,-66,175
2009/9/3,-144.567,-116,-93,209
2009/9/4,-178.1134,-115,-99,214
2009/9/7,-97.0412,-135,-127,262
2009/9/8,-163.2784,-139,-146,285
2009/9/9,-263.2784,-118,-205,323
2009/9/10,-185.0412,-134,-218,352
2009/9/11,-150.0412,-135,-211,346
2009/9/14,-151.0412,-151,-239,390
2009/9/15,-145.0412,-165,-265,430
2009/9/16,-214.0412,-140,-317,457
2009/9/17,-168.0412,-177,-320,497
2009/9/18,-151.0412,-173,-333,506
2009/9/21,-146.4227,-144,-405,549
2009/9/22,-113.4227,-184,-378,562
2009/9/23,-27.8041,-199,-293,492
2009/9/24,9.1959,-161,-307,468
2009/9/25,38.1959,-168,-261,429
2009/9/28,162.9588,-189,-244,433
2009/9/29,127.9588,-194,-269,463
2009/9/30,131.9588,-184,-285,469
2009/10/9,188.268,-237,-233,470
2009/10/12,85.7216,-190,-255,445
2009/10/13,95.1031,-212,-235,447
2009/10/14,20.2474,-208,-143,351
2009/10/15,-78.3711,-189,-324,513
2009/10/16,-110.134,-151,223,-72
2009/10/19,-115.2062,-160,228,-68
2009/10/20,-40.6598,-200,285,-85
2009/10/21,-106.2784,-201,282,-81
2009/10/22,-74.2784,-219,322,-103
2009/10/23,-110.2784,-232,307,-75
2009/10/26,-199.6598,-233,298,-65
2009/10/27,-118.1134,-256,323,-67
2009/10/28,39.433,-292,369,-77
2009/10/29,28.1959,-284,364,-80
2009/10/30,-42.732,-273,360,-87
2009/11/2,-57.1134,-271,365,-94
2009/11/3,-28.1134,-275,369,-94
2009/11/4,-36.1134,-295,380,-85
2009/11/5,-32.1134,-333,443,-110
2009/11/6,-37.1134,-437,524,-87
2009/11/9,-257.1134,-465,601,-136
2009/11/10,-176.567,-438,580,-142
2009/11/11,-130.6392,-476,640,-164
2009/11/12,-143.567,-449,640,-191
2009/11/13,-174.8763,-531,684,-153
2009/11/16,-183.4948,-541,712,-171
2009/11/17,-166.4948,-550,723,-173
2009/11/18,-192.1134,-560,760,-200
2009/11/19,-262.1134,-551,781,-230
2009/11/20,-245.8041,-543,798,-255
2009/11/23,-302.1856,-543,783,-240
2009/11/24,-213.567,-549,769,-220
2009/11/25,-203.9485,-605,831,-226
2009/11/26,-100.4021,-609,853,-244
2009/11/27,37.5979,-510,792,-282
2009/11/30,-398.4021,-575,844,-269
2009/12/1,-411.0206,-599,873,-274
2009/12/2,-421.0206,-611,919,-308
2009/12/3,-429.0206,-611,930,-319
2009/12/4,-438.6392,-590,906,-316
2009/12/7,-468.567,-598,946,-348
2009/12/8,-413.567,-592,958,-366
2009/12/9,-383.1856,-549,925,-376
2009/12/10,-450.1856,-592,922,-330
2009/12/11,-512.1856,-631,975,-344
2009/12/14,-504.9485,-647,965,-318
2009/12/15,-468.9485,-624,943,-319
2009/12/16,-446.3299,-623,941,-318
2009/12/17,-440.3299,-606,904,-298
2009/12/18,-433.3299,-603,885,-282
2009/12/21,-431.0928,-620,872,-252
2009/12/22,-418.0928,-568,814,-246
2009/12/23,-421.0928,-557,789,-232
2009/12/24,-453.4742,-590,814,-224
2009/12/25,-451.4742,-576,806,-230
2009/12/28,-476.2371,-609,809,-200
2009/12/29,-439.9278,-600,801,-201
2009/12/30,-426.9278,-600,802,-202
2009/12/31,-462.2371,-610,801,-191
2010/1/4,-530.2371,-614,770,-156
2010/1/5,-529.9278,-614,768,-154
2010/1/6,-532,-616,797,-181
2010/1/7,-378.3814,-514,755,-241
2010/1/8,-351.3814,-487,768,-281
2010/1/11,-426,-496,814,-318
2010/1/12,-440.6186,-491,783,-292
2010/1/13,-358.9278,-431,738,-307
2010/1/14,-373.9278,-452,761,-309
2010/1/15,-329.5464,-393,703,-310
2010/1/18,-387.4742,397,-88,-309
2010/1/19,-384.7835,412,-82,-330
2010/1/20,-366.7835,430,-102,-328
2010/1/21,-313.5464,446,-100,-346
2010/1/22,-249.5464,441,-129,-312
2010/1/25,-249.8557,420,-115,-305
2010/1/26,-236.8557,429,-108,-321
2010/1/27,-308.4742,384,-88,-296
2010/1/28,-285.4742,391,-90,-301
2010/1/29,-292.4742,401,-94,-307
2010/2/1,-266.8557,395,-98,-297
2010/2/2,-130.8557,376,-118,-258
2010/2/3,-151.8557,408,-106,-302
2010/2/4,-86.8557,443,-123,-320
2010/2/5,-80.8557,400,-94,-306
2010/2/8,-100.8557,400,-97,-303
2010/2/9,-128.8557,408,-112,-296
2010/2/10,-138.9278,413,-100,-313
2010/2/11,-169.9278,384,-93,-291
2010/2/12,-233.9278,387,-87,-300
2010/2/22,-183.9278,402,-89,-313
2010/2/23,-223.9278,378,-54,-324
2010/2/24,-193.9278,409,-61,-348
2010/2/25,-149.9278,466,-78,-388
2010/2/26,-124,473,-67,-406
2010/3/1,-98.3814,537,-69,-468
2010/3/2,-44.3814,558,-104,-454
2010/3/3,-32.3814,566,-123,-443
2010/3/4,-30.3814,522,-135,-387
2010/3/5,-57.3814,516,-124,-392
2010/3/8,-78.3814,548,-111,-437
2010/3/9,-504.7629,551,-110,-441
2010/3/10,-466.2165,549,-109,-440
2010/3/11,-397.0515,548,-109,-439
2010/3/12,-341.1959,559,-110,-449
2010/3/15,-219.4845,521,-105,-416
2010/3/16,-308.5567,522,-88,-434
2010/3/17,-240.0103,512,-87,-425
2010/3/18,-210.0103,502,-89,-413
2010/3/19,-285.5567,495,-84,-411
2010/3/22,-265.6289,492,-82,-410
2010/3/23,-198.3918,461,-78,-383
2010/3/24,-131.299,439,-79,-360
2010/3/25,-15.2784,441,-74,-367
2010/3/26,-12.2784,433,-79,-354
2010/3/29,-29.2784,417,-68,-349
2010/3/30,19.7216,420,-85,-335
2010/3/31,-25.8247,404,-65,-339
2010/4/1,-23.8247,401,-59,-342
2010/4/2,-56.8247,428,-60,-368
2010/4/6,59.8144,442,-56,-386
2010/4/7,89.3608,440,-54,-386
2010/4/8,125.3608,446,-67,-379
2010/4/9,87.3608,467,-83,-384
2010/4/12,125.2165,444,-71,-373
2010/4/13,157.4536,385,-60,-325
2010/4/14,163.8351,333,-52,-281
2010/4/15,167.9072,376,-66,-310
2010/4/16,117.9794,391,-67,-324
2010/4/19,286.4536,362,-71,-291
2010/4/20,266.4536,371,-73,-298
2010/4/21,258.8351,378,-74,-304
2010/4/22,263.2165,384,-93,-291
2010/4/23,246.9072,400,-82,-318
2010/4/26,252.9072,415,-78,-337
2010/4/27,288.2887,421,-82,-339
2010/4/28,347.3608,387,-90,-297
2010/4/29,331.7423,413,-92,-321
2010/4/30,320.9794,445,-100,-345
2010/5/4,352.8351,455,-105,-350
2010/5/5,364.8351,455,-102,-353
2010/5/6,349.9072,441,-99,-342
2010/5/7,421.2887,362,-96,-266
2010/5/10,380.7423,384,-96,-288
2010/5/11,415.1237,360,-89,-271
2010/5/12,374.7216,449,-113,-336
2010/5/13,329.1753,428,-111,-317
2010/5/14,290.0103,436,-129,-307
2010/5/17,440.0825,386,-115,-271
2010/5/18,313.9897,-206,-126,332
2010/5/19,279.3711,-199,-112,311
2010/5/20,302.9175,-195,-109,304
2010/5/21,377.4639,-192,-113,305
2010/5/24,246.2268,-188,-109,297
2010/5/25,289.9175,-189,-113,302
2010/5/26,281.9175,-175,-116,291
2010/5/27,283.9175,-192,-113,305
2010/5/28,266.9897,-188,-114,302
2010/5/31,307.9897,-207,-112,319
2010/6/1,344.9897,-221,-98,319
2010/6/2,317.3711,-207,-98,305
2010/6/3,302.3711,-196,-97,293
2010/6/4,301.7526,-196,-107,303
2010/6/7,450.4433,-200,-87,287
2010/6/8,379.5155,-169,-80,249
2010/6/9,285.9691,-156,-61,217
2010/6/10,265.732,-141,-85,226
2010/6/11,205.8041,-133,-90,223
2010/6/17,235.732,-129,-91,220
2010/6/18,259.732,-142,-111,253
2010/6/21,174.4227,-141,-98,239
2010/6/22,199.4227,-142,-99,241
2010/6/23,257.4227,-148,-112,260
2010/6/24,257.0412,-136,-106,242
2010/6/25,274.0412,-163,-98,261
2010/6/28,277.8041,-175,-98,273
2010/6/29,322.8041,-181,-107,288
2010/6/30,311.1856,-187,-113,300
2010/7/1,305.2577,-188,-129,317
2010/7/2,238.7113,-185,-132,317
2010/7/5,193.7835,-179,-138,317
2010/7/6,218.7835,-184,-154,338
2010/7/7,228.0928,-184,-145,329
2010/7/8,258.0928,-195,-156,351
2010/7/9,243.0928,-182,-171,353
2010/7/12,250.0928,-184,-188,372
2010/7/13,276.0928,-193,-168,361
2010/7/14,287.0928,-192,-163,355
2010/7/15,263.4742,-196,-144,340
2010/7/16,96.1649,-193,-150,343
2010/7/19,68.4021,-167,-169,336
2010/7/20,26.7113,-162,-173,335
2010/7/21,98.567,-171,-155,326
2010/7/22,185.0412,-172,-155,327
2010/7/23,165.9691,-156,-171,327
2010/7/26,173.9691,-163,-175,338
2010/7/27,223.6598,-179,-172,351
2010/7/28,138.0412,-155,-199,354
2010/7/29,131.732,-157,-197,354
2010/7/30,83.3505,-156,-217,373
2010/8/2,195.9897,-158,-209,367
2010/8/3,276.5361,-163,-201,364
2010/8/4,178.3711,-156,-212,368
2010/8/5,179.7526,-158,-203,361
2010/8/6,175.0619,-166,-203,369
2010/8/9,143.9897,-165,-211,376
2010/8/10,217.5361,-168,-197,365
2010/8/11,234.1546,-167,-192,359
2010/8/12,263.2268,-162,-181,343
2010/8/13,188.9897,-169,-189,358
2010/8/16,161.9897,-171,-196,367
2010/8/17,155.9897,-168,-192,360
2010/8/18,161.9897,-160,-184,344
2010/8/19,168.299,-158,-177,335
2010/8/20,222.299,-168,-153,321
2010/8/23,231.0619,-155,-135,290
2010/8/24,254.0619,-152,-118,270
2010/8/25,256.7526,-155,-118,273
2010/8/26,193.8247,-156,-128,284
2010/8/27,203.4433,-152,-124,276
2010/8/30,169.3711,-155,-152,307
2010/8/31,210.9897,-164,-125,289
2010/9/1,181.299,-153,-134,287
2010/9/2,147.299,-139,-123,262
2010/9/3,147.6804,-125,-107,232
2010/9/6,176.1031,-87,-116,203
2010/9/7,223.0309,-77,-102,179
2010/9/8,191.1753,-80,-78,158
2010/9/9,269.5567,-75,-55,130
2010/9/10,255.7938,-60,-57,117
2010/9/13,289.4124,-63,-42,105
2010/9/14,311.1753,-63,-21,84
2010/9/15,291.5567,-55,-26,81
2010/9/16,311.6289,-57,-8,65
2010/9/17,267.0825,-71,1,70
2010/9/20,248.0825,-65,-11,76
2010/9/21,288.4639,-82,-16,98
2010/9/27,316.5361,-104,-18,122
2010/9/28,251.3711,-115,-61,176
2010/9/29,241.7526,-121,-69,190
2010/9/30,218.7526,-110,-83,193
2010/10/8,274.9175,-138,-29,167
2010/10/11,254.1546,-169,4,165
2010/10/12,280.8454,-155,-31,186
2010/10/13,198.9897,-180,-23,203
2010/10/14,38.6804,-183,-8,191
2010/10/15,-26.5567,-187,19,168
2010/10/18,2.9897,-196,328,-132
2010/10/19,34.9897,-180,339,-159
2010/10/20,81.3711,-149,300,-151
2010/10/21,54.7526,-157,323,-166
2010/10/22,79.0619,-151,320,-169
2010/10/25,23.299,-199,339,-140
2010/10/26,56.299,-184,340,-156
2010/10/27,47.299,-181,337,-156
2010/10/28,29.299,-185,331,-146
2010/10/29,28.299,-179,327,-148
2010/11/1,31.8454,-199,328,-129
2010/11/2,104.701,-185,331,-146
2010/11/3,106.0103,-179,333,-154
2010/11/4,92.2474,-186,343,-157
2010/11/5,21.1753,-168,305,-137
2010/11/8,92.3402,-174,294,-120
2010/11/9,-32.0412,-189,290,-101
2010/11/10,113.8144,-147,259,-112
2010/11/11,121.7423,-157,262,-105
2010/11/12,205.5773,-99,210,-111
2010/11/15,113.7216,-134,237,-103
2010/11/16,165.6495,-120,229,-109
2010/11/17,282.268,-91,204,-113
2010/11/18,221.268,-98,219,-121
2010/11/19,189.268,-83,216,-133
2010/11/22,219.1959,-80,216,-136
2010/11/23,297.433,-55,171,-116
2010/11/24,219.7423,-86,209,-123
2010/11/25,252.3608,-60,181,-121
2010/11/26,285.3608,-53,172,-119
2010/11/29,246.7423,-49,172,-123
2010/11/30,280.7423,-11,125,-114
2010/12/1,216.1237,-31,129,-98
2010/12/2,219.433,-13,117,-104
2010/12/3,217.6701,-27,111,-84
2010/12/6,267.9072,-24,116,-92
2010/12/7,226.9072,-40,133,-93
2010/12/8,274.9072,-21,114,-93
2010/12/9,271.9072,-8,103,-95
2010/12/10,259.9072,-17,110,-93
2010/12/13,218.2165,-32,106,-74
2010/12/14,225.5258,-18,93,-75
2010/12/15,214.9072,-12,93,-81
2010/12/16,219.9072,-4,83,-79
2010/12/17,195.9072,-12,89,-77
2010/12/20,185.9072,-1,75,-74
2010/12/21,164.9072,8,62,-70
2010/12/22,192.9072,44,26,-70
2010/12/23,212.9072,62,12,-74
2010/12/24,224.9072,74,10,-84
2010/12/27,221.9794,101,-23,-78
2010/12/28,211.9794,98,-23,-75
2010/12/29,185.9794,86,-10,-76
2010/12/30,144.3608,84,-9,-75
2010/12/31,123.3608,318,-243,-75
2011/1/4,133.9794,117,-21,-96
2011/1/5,183.5979,121,2,-123
2011/1/6,167.5979,135,-3,-132
2011/1/7,173.2887,140,-7,-133
2011/1/10,142.5979,96,58,-154
2011/1/11,143.9072,76,80,-156
2011/1/12,139.9072,112,40,-152
2011/1/13,125.9072,29,136,-165
2011/1/14,114.8351,6,127,-133
2011/1/17,171,-44,151,-107
2011/1/18,177,157,-47,-110
2011/1/19,159,151,-49,-102
2011/1/20,172,152,-48,-104
2011/1/21,170.9278,111,-10,-101
2011/1/24,228.0928,126,-22,-104
2011/1/25,226.0928,167,-54,-113
2011/1/26,244.0928,146,-44,-102
2011/1/27,263.0928,149,-46,-103
2011/1/28,257.0928,148,-43,-105
2011/1/31,197.0928,164,-60,-104
2011/2/1,171.0928,132,-30,-102
2011/2/9,69.0928,157,-46,-111
2011/2/10,5.0928,189,-62,-127
2011/2/11,77.6392,170,-71,-99
2011/2/14,101.9485,153,-57,-96
2011/2/15,97.9485,155,-60,-95
2011/2/16,111.7113,135,-50,-85
2011/2/17,144.1649,159,-77,-82
2011/2/18,115.3093,151,-85,-66
2011/2/21,74.3093,122,-46,-76
2011/2/22,203.4021,117,-69,-48
2011/2/23,263.4021,82,-62,-20
2011/2/24,270.1649,66,-55,-11
2011/2/25,231.3093,60,-58,-2
2011/2/28,201.3093,60,-60,0
2011/3/1,263.3093,47,-45,-2
2011/3/2,253.3093,35,-52,17
2011/3/3,277,21,-49,28
2011/3/4,253.3814,26,-52,26
2011/3/7,175.5258,40,-56,16
2011/3/8,182.9794,29,-63,34
2011/3/9,184.9794,45,-74,29
2011/3/10,276.9794,58,-72,14
2011/3/11,299.9794,68,-71,3
2011/3/14,336.3814,107,-85,-22
2011/3/15,326.3093,99,-82,-17
2011/3/16,288.9278,102,-85,-17
2011/3/17,303.9278,90,-93,3
2011/3/18,364.9278,97,-96,-1
2011/3/21,437,89,-97,8
2011/3/22,442,61,-92,31
2011/3/23,341.3814,88,-89,1
2011/3/24,373,59,-74,15
2011/3/25,370.3093,48,-53,5
2011/3/28,362.5464,90,-71,-19
2011/3/29,348.1649,98,-52,-46
2011/3/30,368.1649,90,-56,-34
2011/3/31,388.7835,95,-58,-37
2011/4/1,402.7835,93,-66,-27
2011/4/6,308.7835,123,-49,-74
2011/4/7,340.0206,111,-46,-65
2011/4/8,338.6392,89,-40,-49
2011/4/11,376.1856,110,-38,-72
2011/4/12,434.4227,106,-47,-59
2011/4/13,415.4227,98,-37,-61
2011/4/14,430.4227,94,-43,-51
2011/4/15,510.4227,90,-55,-35
2011/4/18,483.1134,94,-60,-34
2011/4/19,542.8041,63,-61,-2
2011/4/20,502.8041,65,-60,-5
2011/4/21,467.8041,99,-62,-37
2011/4/22,443.8041,110,-55,-55
2011/4/25,468.732,113,-50,-63
2011/4/26,462.0412,82,-42,-40
2011/4/27,483.3505,71,-51,-20
2011/4/28,482.9691,63,-53,-10
2011/4/29,484.2784,54,-40,-14
2011/5/3,477.2062,14,-36,22
2011/5/4,509.8247,32,-31,-1
2011/5/5,558.4433,-119,-38,157
2011/5/6,667.4433,-128,-48,176
2011/5/9,601.2062,-56,-35,91
2011/5/10,551.2784,-202,-30,232
2011/5/11,597.8969,30,-34,4
2011/5/12,648.2062,-220,-37,257
2011/5/13,580.2062,-152,-37,189
2011/5/16,601.8969,-187,-34,221
2011/5/17,596.8969,-9,-33,42
2011/5/18,605.8969,-46,-32,78
2011/5/19,589.8969,-19,-32,51
2011/5/20,605.2062,-30,-37,67
2011/5/23,651.2062,-27,-39,66
2011/5/24,622.2062,-28,-42,70
2011/5/25,607.2062,-2,-42,44
2011/5/26,602.2062,-13,-49,62
2011/5/27,593.2062,-23,-51,74
2011/5/30,556.2062,-20,-61,81
2011/5/31,555.2062,-11,-61,72
2011/6/1,564.2062,-32,-62,94
2011/6/2,569.2062,-27,-57,84
2011/6/3,573.5155,-25,-61,86
2011/6/7,607.4433,-32,-55,87
2011/6/8,612.7526,-39,-52,91
2011/6/9,653.3711,-47,-52,99
2011/6/10,649.3711,-39,-48,87
2011/6/13,695.3711,-54,-52,106
2011/6/14,690.3711,-45,-53,98
2011/6/15,696.0619,-45,-59,104
2011/6/16,700.7526,-50,-47,97
2011/6/17,740.4433,-53,-49,102
2011/6/20,742.2062,-52,-36,88
2011/6/21,686.2784,-57,-3,60
2011/6/22,694.9691,-38,-3,41
2011/6/23,613.732,-31,15,16
2011/6/24,575.4948,-32,5,27
2011/6/27,571.567,-37,17,20
2011/6/28,548.9485,-20,3,17
2011/6/29,518.6392,-9,7,2
2011/6/30,491.6392,2,18,-20
2011/7/1,518.6392,-2,7,-5
2011/7/4,452.6392,-8,-16,24
2011/7/5,487.567,-16,-16,32
2011/7/6,484.1856,-9,-24,33
2011/7/7,488.1856,3,-25,22
2011/7/8,488.1856,-14,-23,37
2011/7/11,444.1856,-18,-30,48
2011/7/12,445.1856,-35,-12,47
2011/7/13,440.1134,-20,4,16
2011/7/14,455.1134,-23,9,14
2011/7/15,466.4227,-19,16,3
2011/7/18,435.4227,-24,23,1
2011/7/19,422.4227,-8,6,2
2011/7/20,417.4227,-4,-2,6
2011/7/21,424.4227,-9,12,-3
2011/7/22,412.4227,-4,7,-3
2011/7/25,459.4227,-17,25,-8
2011/7/26,439.4227,-8,7,1
2011/7/27,420.4227,-3,2,1
2011/7/28,403.4227,-8,7,1
2011/7/29,408.4227,-11,10,1
2011/8/1,413.9691,-3,25,-22
2011/8/2,416.2784,-5,38,-33
2011/8/3,422.5876,-2,45,-43
2011/8/4,429.5876,-6,56,-50
2011/8/5,602.5876,-18,108,-90
2011/8/8,617.2784,-30,114,-84
2011/8/9,613.6598,-25,101,-76
2011/8/10,557.732,-18,94,-76
2011/8/11,538.4227,-16,105,-89
2011/8/12,538.732,-16,116,-100
2011/8/15,493.732,-9,84,-75
2011/8/16,514.732,-17,93,-76
2011/8/17,484.732,-6,77,-71
2011/8/18,517.732,-15,81,-66
2011/8/19,533.732,-18,99,-81
2011/8/22,511.1134,-19,95,-76
2011/8/23,506.1134,-31,98,-67
2011/8/24,505.1134,-25,95,-70
2011/8/25,511.1134,-22,91,-69
2011/8/26,527.1134,-25,102,-77
2011/8/29,559.1134,-28,126,-98
2011/8/30,517.1134,-29,108,-79
2011/8/31,496.1134,-26,102,-76
2011/9/1,498.1134,-22,108,-86
2011/9/2,495.1134,-23,100,-77
2011/9/5,527.1134,-30,110,-80
2011/9/6,533.1134,-27,112,-85
2011/9/7,491.8041,-17,81,-64
2011/9/8,513.8041,-33,99,-66
2011/9/9,515.4948,-32,103,-71
2011/9/13,513.1856,-17,103,-86
2011/9/14,536.1856,-16,108,-92
2011/9/15,531.567,-23,133,-110
2011/9/16,522.9485,-15,140,-125
2011/9/19,581.4021,-40,192,-152
2011/9/20,571.7835,-42,214,-172
2011/9/21,529.1649,-43,206,-163
2011/9/22,583.8557,-36,264,-228
2011/9/23,606.9278,5,270,-275
2011/9/26,661.0722,-3,323,-320
2011/9/27,549.2165,4,282,-286
2011/9/28,583.9072,-14,288,-274
2011/9/29,647.6701,-7,297,-290
2011/9/30,606.6701,-3,11,-8
2011/10/10,566.8144,-7,208,-201
2011/10/11,530.8866,-7,138,-131
2011/10/12,461.6495,-1,55,-54
2011/10/13,462.7216,-4,42,-38
2011/10/14,415.1753,-3,136,-133
2011/10/17,509.9381,-35,322,-287
2011/10/18,568.0103,-24,106,-82
2011/10/19,558.4639,-29,80,-51
2011/10/20,580.3711,-33,90,-57
2011/10/21,504.134,-45,133,-88
2011/10/24,384.8247,-50,105,-55
2011/10/25,471.0619,-49,105,-56
2011/10/26,473.6804,-41,89,-48
2011/10/27,503.6082,-48,108,-60
2011/10/28,420.6082,-57,107,-50
2011/10/31,461.8454,-10,47,-37
2011/11/1,540.1546,1,59,-60
2011/11/2,540.4639,20,35,-55
2011/11/3,578.8454,45,19,-64
2011/11/4,463.8454,15,35,-50
2011/11/7,468.5361,36,7,-43
2011/11/8,423.2268,54,-30,-24
2011/11/9,434.1546,94,-75,-19
2011/11/10,565.7732,117,-118,1
2011/11/11,477.0825,111,-153,42
2011/11/14,447.3918,89,-122,33
2011/11/15,510.3196,83,-116,33
2011/11/16,533.3196,109,-126,17
2011/11/17,489.3196,100,-134,34
2011/11/18,492.701,109,-133,24
2011/11/21,509.1546,115,-115,0
2011/11/22,454.6082,129,-118,-11
2011/11/23,453.0619,156,-141,-15
2011/11/24,419.0619,148,-153,5
2011/11/25,447.0619,193,-195,2
2011/11/28,408.0619,199,-206,7
2011/11/29,367.0619,183,-201,18
2011/11/30,417.0619,226,-246,20
2011/12/1,318.0619,190,-239,49
2011/12/2,329.0619,196,-240,44
2011/12/5,286.8247,187,-219,32
2011/12/6,290.8247,190,-219,29
2011/12/7,237.8969,175,-204,29
2011/12/8,243.8969,184,-216,32
2011/12/9,230.2784,191,-222,31
2011/12/12,231.2784,195,-223,28
2011/12/13,268.8969,210,-221,11
2011/12/14,266.8969,221,-224,3
2011/12/15,295.8969,248,-261,13
2011/12/16,230.8969,221,-240,19
2011/12/19,229.2784,235,-247,12
2011/12/20,214.9691,239,-257,18
2011/12/21,207.9691,238,-260,22
2011/12/22,182.9691,228,-265,37
2011/12/23,162.9691,219,-248,29
2011/12/26,173.2784,219,-239,20
2011/12/27,164.2784,230,-254,24
2011/12/28,183.8969,262,-283,21
2011/12/29,218.8969,182,-198,16
2011/12/30,209.8969,121,-151,30
2012/1/4,260.8969,117,-128,11
2012/1/5,221.2784,52,-66,14
2012/1/6,203.2784,24,-45,21
2012/1/9,214.2784,115,-138,23
2012/1/10,184.2784,205,-234,29
2012/1/11,154.6598,191,-223,32
2012/1/12,155.6598,192,-223,31
2012/1/13,139.3505,175,-207,32
2012/1/16,138.6598,-45,7,38
2012/1/17,83.6598,-33,13,20
2012/1/18,77.6598,21,-1,-20
2012/1/19,68.6598,11,12,-23
2012/1/20,55.6598,27,-13,-14
2012/1/30,58.6598,34,-19,-15
2012/1/31,133.2062,40,-19,-21
2012/2/1,145.2062,33,-12,-21
2012/2/2,112.2062,25,-11,-14
2012/2/3,98.2062,24,-9,-15
2012/2/6,89.8969,9,-3,-6
2012/2/7,125.2784,36,-23,-13
2012/2/8,31.3505,10,-9,-1
2012/2/9,71.3505,33,-19,-14
2012/2/10,51.4227,35,-25,-10
2012/2/13,14.567,41,-29,-12
2012/2/14,23.567,42,-28,-14
2012/2/15,86.567,83,-49,-34
2012/2/16,127.1856,36,-23,-13
2012/2/17,159.8041,37,-33,-4
2012/2/20,169.732,37,-30,-7
2012/2/21,171.2784,16,-11,-5
2012/2/22,220.4433,1,-14,13
2012/2/23,244.7526,1,-19,18
2012/2/24,247.7526,4,-14,10
2012/2/27,162.5155,13,-9,-4
2012/2/28,176.4433,5,-9,4
2012/2/29,202.3711,10,-15,5
2012/3/1,235.6804,14,-10,-4
2012/3/2,213.6804,13,-4,-9
2012/3/5,225.0619,11,-4,-7
2012/3/6,224.0619,22,-12,-10
2012/3/7,239.0619,13,-5,-8
2012/3/8,211.0619,13,-2,-11
2012/3/9,234.9175,21,-1,-20
2012/3/12,291.0825,29,-4,-25
2012/3/13,305.701,31,0,-31
2012/3/14,321.701,36,-6,-30
2012/3/15,309.701,31,-6,-25
2012/3/16,270.4639,25,1,-26
2012/3/19,272.7732,32,-4,-28
2012/3/20,293.0825,35,-11,-24
2012/3/21,268.0825,9,18,-27
2012/3/22,260.7732,3,27,-30
2012/3/23,237.8454,7,22,-29
2012/3/26,220.5361,-4,34,-30
2012/3/27,207.5361,-20,47,-27
2012/3/28,250.1546,-11,40,-29
2012/3/29,275.1546,-24,40,-16
2012/3/30,271.1546,-20,38,-18
2012/4/5,230.8454,-4,32,-28
2012/4/6,199.8454,2,37,-39
2012/4/9,226.4639,-8,39,-31
2012/4/10,221.4639,-5,34,-29
2012/4/11,228.4639,-7,29,-22
2012/4/12,192.8454,-19,32,-13
2012/4/13,197.5361,-27,37,-10
2012/4/16,224.9175,-26,27,-1
2012/4/17,211.299,-22,32,-10
2012/4/18,191.299,-21,38,-17
2012/4/19,207.9897,-26,38,-12
2012/4/20,179.0619,-29,37,-8
2012/4/23,200.7526,-30,25,5
2012/4/24,211.7526,-22,23,-1
2012/4/25,197.4433,-30,29,1
2012/4/26,181.4433,-30,32,-2
2012/4/27,212.7526,64,20,-84
2012/5/2,267.6804,-40,21,19
2012/5/3,273.6804,-33,17,16
2012/5/4,225.7526,-30,23,7
2012/5/7,250.4433,-51,12,39
2012/5/8,279.0619,-54,18,36
2012/5/9,275.134,-16,17,-1
2012/5/10,271.134,-61,15,46
2012/5/11,300.8247,-93,23,70
2012/5/14,274.5876,-109,29,80
2012/5/15,319.5876,-2,26,-24
2012/5/16,338.9691,-64,23,41
2012/5/17,276.3505,-46,32,14
2012/5/18,294.3505,-27,30,-3
2012/5/21,257.732,-38,26,12
2012/5/22,273.732,-29,13,16
2012/5/23,349.3505,-52,3,49
2012/5/24,342.3505,-38,2,36
2012/5/25,331.3505,-33,4,29
2012/5/28,279.3505,-35,-5,40
2012/5/29,253.3505,-35,7,28
2012/5/30,268.3505,-37,6,31
2012/5/31,265.3505,-38,14,24
2012/6/1,273.3505,-33,9,24
2012/6/4,335.3505,-36,21,15
2012/6/5,274.0412,-25,21,4
2012/6/6,251.732,-31,28,3
2012/6/7,245.732,-37,30,7
2012/6/8,239.732,-31,29,2
2012/6/11,224.732,-38,32,6
2012/6/12,247.732,-39,31,8
2012/6/13,245.732,-38,27,11
2012/6/14,237.732,-30,27,3
2012/6/15,225.732,-50,27,23
2012/6/18,249.6598,-34,21,13
2012/6/19,252.6598,-36,19,17
2012/6/20,225.3505,-33,17,16
2012/6/21,250.3505,-40,15,25
2012/6/25,261.3505,-48,25,23
2012/6/26,282.0412,-43,16,27
2012/6/27,295.0412,-47,22,25
2012/6/28,262.732,-40,26,14
2012/6/29,279.732,-55,33,22
2012/7/2,303.732,-51,38,13
2012/7/3,259.4227,-50,29,21
2012/7/4,238.1134,-49,32,17
2012/7/5,212.4948,-44,28,16
2012/7/6,207.1856,-48,32,16
2012/7/9,225.567,-49,37,12
2012/7/10,270.2577,-61,55,6
2012/7/11,337.2577,-51,63,-12
2012/7/12,335.9485,-53,66,-13
2012/7/13,293.3299,-53,54,-1
2012/7/16,324.7113,-64,52,12
2012/7/17,342.4021,-69,40,29
2012/7/18,308.4742,-58,45,13
2012/7/19,326.8557,-63,52,11
2012/7/20,360.6186,-75,47,28
2012/7/23,334.1443,-72,64,8
2012/7/24,298.5258,-54,78,-24
2012/7/25,242.6701,-49,89,-40
2012/7/26,185.433,-36,90,-54
2012/7/27,152.7423,-33,79,-46
2012/7/30,188.6701,-22,88,-66
2012/7/31,183.9794,-15,77,-62
2012/8/1,252.9794,-31,82,-51
2012/8/2,234.433,-41,90,-49
2012/8/3,211.8144,-40,67,-27
2012/8/6,139.9588,-45,70,-25
2012/8/7,134.9588,-48,53,-5
2012/8/8,165.268,-58,53,5
2012/8/9,100.0309,-53,34,19
2012/8/10,59.7216,-45,19,26
2012/8/13,77.1031,-48,35,13
2012/8/14,94.1031,-56,35,21
2012/8/15,70.4845,-54,32,22
2012/8/16,70.1753,-45,31,14
2012/8/17,72.2474,-59,37,22
2012/8/20,60.3196,-59,37,22
2012/8/21,76.3196,-60,40,20
2012/8/22,89.701,-63,55,8
2012/8/23,104.701,-56,42,14
2012/8/24,137.701,-51,49,2
2012/8/27,133.701,-55,53,2
2012/8/28,191.701,-71,78,-7
2012/8/29,203.701,-93,75,18
2012/8/30,209.701,-105,93,12
2012/8/31,215.0825,-78,79,-1
2012/9/3,244.1546,-77,77,0
2012/9/4,251.299,-55,93,-38
2012/9/5,305.299,-46,102,-56
2012/9/6,262.299,-62,105,-43
2012/9/7,86.0619,-62,59,3
2012/9/10,98.1546,-42,18,24
2012/9/11,196.0103,-63,31,32
2012/9/12,200.0103,-72,14,58
2012/9/13,160.7732,-59,10,49
2012/9/14,54.7732,-54,-34,88
2012/9/17,267.9588,-65,6,59
2012/9/18,291.5052,-58,6,52
2012/9/19,235.5052,-41,16,25
2012/9/20,369.8866,-59,122,-63
2012/9/21,324.3402,-60,141,-81
2012/9/24,258.3402,-49,128,-79
2012/9/25,254.3402,-40,123,-83
2012/9/26,274.3402,-55,124,-69
2012/9/27,264.268,-39,96,-57
2012/9/28,266.1959,-37,53,-16
2012/10/8,299.9794,-24,55,-31
2012/10/9,350.8351,-31,197,-166
2012/10/10,335.8351,-23,218,-195
2012/10/11,383.8351,-21,211,-190
2012/10/12,347.9072,-7,206,-199
2012/10/15,332.7423,26,138,-164
2012/10/16,252.1959,22,26,-48
2012/10/17,225.1959,-19,62,-43
2012/10/18,217.1959,-29,79,-50
2012/10/19,250.1237,-7,62,-55
2012/10/22,225.433,-53,83,-30
2012/10/23,244.433,-23,93,-70
2012/10/24,220.433,-32,96,-64
2012/10/25,225.433,-30,78,-48
2012/10/26,221.433,-30,95,-65
2012/10/29,285.433,7,54,-61
2012/10/30,276.433,-7,59,-52
2012/10/31,280.7423,-8,57,-49
2012/11/1,235.7423,-16,67,-51
2012/11/2,238.7423,-10,58,-48
2012/11/5,263.433,3,50,-53
2012/11/6,221.1959,2,57,-59
2012/11/7,229.1959,15,50,-65
2012/11/8,215.5773,14,50,-64
2012/11/9,202.5773,20,47,-67
2012/11/12,125.0309,47,20,-67
2012/11/13,142.0309,32,37,-69
2012/11/14,118.1031,34,33,-67
2012/11/15,136.7216,32,29,-61
2012/11/16,137.7216,32,27,-59
2012/11/19,205.7938,68,0,-68
2012/11/20,197.7938,65,-1,-64
2012/11/21,179.7938,60,6,-66
2012/11/22,185.7938,62,2,-64
2012/11/23,178.7938,60,-1,-59
2012/11/26,196.7938,61,2,-63
2012/11/27,212.7938,65,-6,-59
2012/11/28,193.866,63,-2,-61
2012/11/29,209.6289,79,-17,-62
2012/11/30,182.6289,65,-2,-63
2012/12/3,75.0825,27,34,-61
2012/12/4,64.0825,10,51,-61
2012/12/5,17.3918,4,54,-58
2012/12/6,51.701,16,47,-63
2012/12/7,-9.299,-2,60,-58
2012/12/10,-1.3711,4,60,-64
2012/12/11,13.6289,15,46,-61
2012/12/12,-13.3711,4,51,-55
2012/12/13,-6.3711,14,37,-51
2012/12/14,-108.3711,-10,47,-37
2012/12/17,-51.8969,-5,37,-32
2012/12/18,-48.5876,3,24,-27
2012/12/19,-47.5876,-23,45,-22
2012/12/20,-18.5876,-38,65,-27
2012/12/21,-22.5876,-43,67,-24
2012/12/24,-50.5155,-43,79,-36
2012/12/25,-133.5155,-61,98,-37
2012/12/26,-107.5876,-73,123,-50
2012/12/27,-67.6598,-73,116,-43
2012/12/28,-114.6598,-127,159,-32
2012/12/31,-186.6598,-128,160,-32
2013/1/4,-85.567,-121,159,-38
2013/1/7,-6.7835,-124,162,-38
2013/1/8,-12.7835,-150,189,-39
2013/1/9,-31.7113,-143,180,-37
2013/1/10,-53.7113,-195,228,-33
2013/1/11,30.9794,-109,134,-25
2013/1/14,-89.2577,-179,204,-25
2013/1/15,-62.2577,-127,156,-29
2013/1/16,-29.567,8,15,-23
2013/1/17,-41.567,40,-14,-26
2013/1/18,-97.567,8,15,-23
2013/1/21,-60.567,35,-4,-31
2013/1/22,-82.567,3,28,-31
2013/1/23,-158.8763,-2,30,-28
2013/1/24,-137.8763,77,-45,-32
2013/1/25,-181.8763,46,-6,-40
2013/1/28,-173.8763,65,-6,-59
2013/1/29,-154.2577,70,-11,-59
2013/1/30,-199.2577,78,-13,-65
2013/1/31,-191.6392,71,-9,-62
2013/2/1,-201.7113,57,-4,-53
2013/2/4,-223.7835,46,-10,-36
2013/2/5,-122.1649,155,-11,-144
2013/2/6,-91.1649,123,-18,-105
2013/2/7,-106.1649,163,-33,-130
2013/2/8,-109.1649,189,-41,-148
2013/2/18,-134.5464,148,-34,-114
2013/2/19,-147.5464,127,-31,-96
2013/2/20,-132.5464,105,-30,-75
2013/2/21,-46.5464,91,-20,-71
2013/2/22,-28.4742,87,-28,-59
2013/2/25,-49.7113,101,-22,-79
2013/2/26,-10.3299,77,-24,-53
2013/2/27,-39.3299,80,-24,-56
2013/2/28,-107.3299,97,-24,-73
2013/3/1,-74.3299,91,-24,-67
2013/3/4,40.6701,45,-15,-30
2013/3/5,6.6701,47,-23,-24
2013/3/6,8.6701,47,-27,-20
2013/3/7,3.3608,42,-18,-24
2013/3/8,7.3608,36,-20,-16
2013/3/11,-55.1134,31,-16,-15
2013/3/12,-59.732,19,-18,-1
2013/3/13,-21.3505,62,-32,-30
2013/3/14,15.7216,49,-30,-19
2013/3/15,-99.8969,74,-21,-53
2013/3/18,23.8866,64,-21,-43
2013/3/19,-41.6598,66,-18,-48
2013/3/20,-67.6598,61,-20,-41
2013/3/21,-80.0412,83,-21,-62
2013/3/22,-45.732,97,-25,-72
2013/3/25,-110.6598,100,-24,-76
2013/3/26,-80.6598,88,-26,-62
2013/3/27,-46.4227,82,-24,-58
2013/3/28,18.5773,68,-24,-44
2013/3/29,32.5773,81,-33,-48
2013/4/1,98.9588,91,-35,-56
2013/4/2,52.9588,86,-27,-59
2013/4/3,23.9588,85,-25,-60
2013/4/8,-13.0412,113,-28,-85
2013/4/9,-35.3505,142,-35,-107
2013/4/10,-35.3505,158,-32,-126
2013/4/11,-13.3505,165,-42,-123
2013/4/12,-26.3505,166,-40,-126
2013/4/15,53.0309,120,-27,-93
2013/4/16,30.7216,216,-47,-169
2013/4/17,71.4124,184,-47,-137
2013/4/18,98.7938,214,-57,-157
2013/4/19,22.5567,217,-47,-170
2013/4/22,61.5567,195,-51,-144
2013/4/23,108.5567,186,-57,-129
2013/4/24,63.5567,224,-56,-168
2013/4/25,60.5567,243,-62,-181
2013/4/26,129.1753,173,-73,-100
2013/5/2,176.866,161,-69,-92
2013/5/3,127.5567,172,-56,-116
2013/5/6,127.7938,243,-68,-175
2013/5/7,125.7938,200,-56,-144
2013/5/8,91.1031,247,-56,-191
2013/5/9,139.1031,241,-50,-191
2013/5/10,110.7938,294,-56,-238
2013/5/13,93.7938,244,-57,-187
2013/5/14,106.4845,280,-52,-228
2013/5/15,185.4845,209,-50,-159
2013/5/16,190.4845,-98,-48,146
2013/5/17,117.4845,-49,-66,115
2013/5/20,154.1031,-73,-59,132
2013/5/21,170.1031,-69,-64,133
2013/5/22,176.4124,-55,-63,118
2013/5/23,248.3402,-59,-57,116
2013/5/24,230.3402,-55,-59,114
2013/5/27,336.268,-87,-62,149
2013/5/28,341.268,-85,-62,147
2013/5/29,393.268,-90,-57,147
2013/5/30,363.3402,-81,-61,142
2013/5/31,364.7216,-81,-60,141
2013/6/3,256.4845,-69,-76,145
2013/6/4,271.7938,-79,-84,163
2013/6/5,278.1031,-89,-84,173
2013/6/6,297.866,-100,-62,162
2013/6/7,277.2474,-102,-65,167
2013/6/13,173.1546,-89,-59,148
2013/6/14,150.5361,-95,-68,163
2013/6/17,97.5361,-85,-81,166
2013/6/18,89.5361,-91,-83,174
2013/6/19,48.5361,-85,-76,161
2013/6/20,71.9175,-97,-68,165
2013/6/21,27.6082,-86,-94,180
2013/6/24,72.9897,-90,-87,177
2013/6/25,56.6804,-96,-64,160
2013/6/26,67.0619,-88,-48,136
2013/6/27,21.0619,-78,-60,138
2013/6/28,4.0619,-81,-47,128
2013/7/1,18.3711,-86,-49,135
2013/7/2,8.6804,-83,-57,140
2013/7/3,-82.701,-71,-68,139
2013/7/4,-56.7732,-69,-72,141
2013/7/5,5.0825,-72,-76,148
2013/7/8,18.0825,-73,-71,144
2013/7/9,8.4639,-75,-64,139
2013/7/10,-42.8454,-68,-78,146
2013/7/11,-71.4639,-70,-82,152
2013/7/12,-60.8454,-49,-81,130
2013/7/15,-24.6082,-48,-80,128
2013/7/16,-40.6082,-47,-89,136
2013/7/17,-42.6082,-58,-84,142
2013/7/18,-43.6082,-53,-90,143
2013/7/19,-55.6082,-54,-94,148
2013/7/22,-51.9175,-45,-89,134
2013/7/23,-0.0619,-46,-95,141
2013/7/24,24.866,-54,-88,142
2013/7/25,64.7938,-51,-87,138
2013/7/26,80.7938,-52,-86,138
2013/7/29,71.5567,-46,-71,117
2013/7/30,54.9381,-47,-72,119
2013/7/31,43.9381,-45,-80,125
2013/8/1,51.2474,-52,-73,125
2013/8/2,21.2474,-44,-83,127
2013/8/5,13.2474,-44,-80,124
2013/8/6,38.1753,-42,-84,126
2013/8/7,34.7938,-44,-87,131
2013/8/8,6.7938,-50,-74,124
2013/8/9,-5.2062,-47,-80,127
2013/8/12,-70.5155,-48,-93,141
2013/8/13,-88.2062,-45,-111,156
2013/8/14,-7.3505,-45,-101,146
2013/8/15,-7.3505,-46,-119,165
2013/8/16,0.6495,-50,-139,189
2013/8/19,-0.3505,-49,-154,203
2013/8/20,15.6495,-62,-143,205
2013/8/21,-8.2784,-65,-157,222
2013/8/22,-8.8969,-71,-172,243
2013/8/23,-56.8969,-70,-190,260
2013/8/26,-63.2062,-69,-192,261
2013/8/27,-68.2062,-71,-196,267
2013/8/28,-17.2062,-70,-182,252
2013/8/29,0.7938,-70,-180,250
2013/8/30,-3.2062,-71,-193,264
2013/9/2,-37.2062,-93,-225,318
2013/9/3,4.7938,-99,-193,292
2013/9/4,12.7938,-103,-188,291
2013/9/5,7.4845,-94,-181,275
2013/9/6,6.1753,-82,-183,265
2013/9/9,-43.4433,-80,-201,281
2013/9/10,-48.0619,-82,-193,275
2013/9/11,-39.0619,-94,-186,280
2013/9/12,-35.3711,-88,-172,260
2013/9/13,10.3196,-82,-135,217
2013/9/16,-10.6082,-74,-132,206
2013/9/17,-41.5361,-77,-140,217
2013/9/18,-48.1546,-88,-123,211
2013/9/23,-90.7732,-95,-144,239
2013/9/24,-73.0825,-85,-124,209
2013/9/25,-82.3918,-88,-132,220
2013/9/26,-79.701,-86,-134,220
2013/9/27,-42.701,-96,-125,221
2013/9/30,-43.3918,-104,-145,249
2013/10/8,-55.3918,-95,-188,283
2013/10/9,-45.3918,-81,-199,280
2013/10/10,-53.3918,-89,-221,310
2013/10/11,-26.4639,-80,-206,286
2013/10/14,-50.4639,-98,-254,352
2013/10/15,-31.4639,-105,-231,336
2013/10/16,-23.3918,-123,198,-75
2013/10/17,-14.3918,-111,196,-85
2013/10/18,-34.701,-75,114,-39
2013/10/21,-47.0103,-74,108,-34
2013/10/22,-23.701,-85,116,-31
2013/10/23,-3.701,-97,136,-39
2013/10/24,14.299,-98,140,-42
2013/10/25,47.299,-99,164,-65
2013/10/28,48.299,-101,158,-57
2013/10/29,59.9175,-114,165,-51
2013/10/30,63.8454,-124,175,-51
2013/10/31,-20.2268,-130,188,-58
2013/11/1,-44.9175,-129,188,-59
2013/11/4,-30.299,-141,197,-56
2013/11/5,29.2474,-135,193,-58
2013/11/6,97.4845,-121,172,-51
2013/11/7,81.1031,-99,139,-40
2013/11/8,99.1031,-95,135,-40
2013/11/11,9.6289,-105,137,-32
2013/11/12,-2.6804,-113,142,-29
2013/11/13,20.3196,-103,130,-27
2013/11/14,26.701,-99,123,-24
2013/11/15,24.7732,-85,118,-33
2013/11/18,23.7732,-86,123,-37
2013/11/19,-18.5361,-92,129,-37
2013/11/20,-71.4639,-102,138,-36
2013/11/21,-16.8454,-83,124,-41
2013/11/22,-18.8454,-86,129,-43
2013/11/25,-40.8454,-102,137,-35
2013/11/26,-85.4639,-114,158,-44
2013/11/27,-54.8454,-110,158,-48
2013/11/28,-74.8454,-113,153,-40
2013/11/29,-74.8454,-120,158,-38
2013/12/2,-130.7732,-126,164,-38
2013/12/3,-134.4639,-127,166,-39
2013/12/4,-107.5361,-132,167,-35
2013/12/5,-87.5361,-130,168,-38
2013/12/6,-106.8454,-142,159,-17
2013/12/9,-147.4639,-147,171,-24
2013/12/10,-141.4639,-138,166,-28
2013/12/11,-160.4639,-140,177,-37
2013/12/12,-154.4639,-136,156,-20
2013/12/13,-91.1546,-117,152,-35
2013/12/16,-96.4639,-126,166,-40
2013/12/17,-88.4639,-125,172,-47
2013/12/18,-102.0825,-116,162,-46
2013/12/19,-108.3918,-121,163,-42
2013/12/20,-83.3918,-92,144,-52
2013/12/23,-89.0103,-123,170,-47
2013/12/24,-125.6289,-143,195,-52
2013/12/25,-100.6289,-152,212,-60
2013/12/26,-101.6289,-170,233,-63
2013/12/27,-109.6289,-174,235,-61
2013/12/30,-70.6289,-194,266,-72
2013/12/31,-67.6289,-223,298,-75
2014/1/2,-87.6289,-262,344,-82
2014/1/3,-47.9381,-249,345,-96
2014/1/6,-64.1753,-242,339,-97
2014/1/7,-65.7216,-250,355,-105
2014/1/8,-59.4124,-234,332,-98
2014/1/9,-36.1031,-234,332,-98
2014/1/10,-72.1031,-257,344,-87
2014/1/13,-62.7216,-232,320,-88
2014/1/14,-113.3402,-247,336,-89
2014/1/15,-119.3402,-208,293,-85
2014/1/16,-71.4124,133,-39,-94
2014/1/17,-81.0309,121,-36,-85
2014/1/20,-62.0309,125,-41,-84
2014/1/21,-21.0309,117,-37,-80
2014/1/22,-35.0309,117,-33,-84
2014/1/23,-74.0309,118,-34,-84
2014/1/24,-98.0309,116,-33,-83
2014/1/27,-83.0309,128,-36,-92
2014/1/28,-42.0309,137,-41,-96
2014/1/29,-54.0309,137,-52,-85
2014/1/30,,120,-38,-82
2014/2/7,-1.4124,135,-46,-89
2014/2/10,-83.5773,139,-45,-94
2014/2/11,-17.6495,143,-49,-94
2014/2/12,-24.6495,137,-46,-91
2014/2/13,-26.6495,142,-45,-97
2014/2/14,-43.6495,148,-44,-104
2014/2/17,-117.5773,145,-46,-99
2014/2/18,-90.5773,153,-49,-104
2014/2/19,-98.5773,153,-56,-97
2014/2/20,-77.1959,157,-61,-96
2014/2/21,-82.5052,151,-58,-93
2014/2/24,-19.5052,169,-65,-104
2014/2/25,8.8041,168,-63,-105
2014/2/26,-20.8144,168,-68,-100
2014/2/27,-43.8144,166,-66,-100
2014/2/28,-21.8144,167,-73,-94
2014/3/3,3.1134,163,-61,-102
2014/3/4,-81.8866,164,-65,-99
2014/3/5,-85.5773,172,-66,-106
2014/3/6,-50.5773,173,-74,-99
2014/3/7,2.4227,175,-68,-107
2014/3/10,75.1856,161,-63,-98
2014/3/11,49.8763,197,-79,-118
2014/3/12,11.2577,183,-66,-117
2014/3/13,1.8763,184,-66,-118
2014/3/14,34.1856,192,-70,-122
2014/3/17,56.8763,187,-81,-106
2014/3/18,45.8763,158,-65,-93
2014/3/19,33.567,114,-52,-62
2014/3/20,35.2577,93,-49,-44
2014/3/21,24.6392,63,-40,-23
2014/3/24,21.3299,47,-34,-13
2014/3/25,-52.6701,56,-31,-25
2014/3/26,-30.3608,76,-31,-45
2014/3/27,-24.3608,76,-35,-41
2014/3/28,-62.3608,97,-34,-63
2014/3/31,-73.0515,107,-42,-65
2014/4/1,-45.1237,114,-41,-73
2014/4/2,-31.1237,112,-43,-69
2014/4/3,-50.1237,117,-42,-75
2014/4/4,-75.8144,129,-43,-86
2014/4/8,-55.9588,142,-41,-101
2014/4/9,35.8969,133,-46,-87
2014/4/10,62.2062,105,-44,-61
2014/4/11,49.5876,113,-44,-69
2014/4/14,59.8969,102,-39,-63
2014/4/15,61.2062,98,-38,-60
2014/4/16,101.2062,97,-44,-53
2014/4/17,85.5876,94,-44,-50
2014/4/18,143.9691,65,-43,-22
2014/4/21,133.3505,59,-42,-17
2014/4/22,114.0412,53,-36,-17
2014/4/23,81.732,18,-28,10
2014/4/24,64.732,30,-24,-6
2014/4/25,82.0412,26,-27,1
2014/4/28,136.0412,-24,-19,43
2014/4/29,120.3505,-79,3,76
2014/4/30,161.9691,-115,17,98
2014/5/5,140.6598,-103,16,87
2014/5/6,143.3505,-121,23,98
2014/5/7,173.3505,-159,38,121
2014/5/8,187.3505,-170,31,139
2014/5/9,190.0412,-186,28,158
2014/5/12,154.732,-189,27,162
2014/5/13,182.732,-202,13,189
2014/5/14,181.732,-194,10,184
2014/5/15,196.1134,-224,5,219
2014/5/16,226.8041,-40,9,31
2014/5/19,226.4948,-29,6,23
2014/5/20,217.8763,-40,2,38
2014/5/21,210.8763,-34,-5,39
2014/5/22,227.4948,-36,-11,47
2014/5/23,225.4948,-35,-29,64
2014/5/26,166.4948,-30,-15,45
2014/5/27,172.8041,-34,-3,37
2014/5/28,211.1134,-35,4,31
2014/5/29,216.1134,-39,3,36
2014/5/30,281.4227,-29,-12,41
2014/6/3,280.4227,-34,-6,40
2014/6/4,255.8041,-34,-11,45
2014/6/5,249.8041,-28,-9,37
2014/6/6,248.1134,-24,-6,30
2014/6/9,252.8041,-24,-16,40
2014/6/10,238.4948,-27,-8,35
2014/6/11,260.4948,-31,-18,49
2014/6/12,258.8763,-31,-14,45
2014/6/13,246.567,-33,-11,44
2014/6/16,253.9485,-33,-17,50
2014/6/17,226.6392,-31,-20,51
2014/6/18,225.3299,-36,-19,55
2014/6/19,194.4021,-30,-27,57
2014/6/20,190.3299,-30,-25,55
2014/6/23,172.6392,-29,-11,40
2014/6/24,170.3299,-28,-12,40
2014/6/25,134.7113,-24,-9,33
2014/6/26,98.7113,-28,-4,32
2014/6/27,156.6392,-29,-5,34
2014/6/30,209.8763,-32,3,29
2014/7/1,206.567,-28,-13,41
2014/7/2,147.6392,-24,-13,37
2014/7/3,161.6392,-28,-16,44
2014/7/4,163.2577,-21,-18,39
2014/7/7,166.9485,-30,-13,43
2014/7/8,138.9485,-21,-18,39
2014/7/9,159.9485,-24,-17,41
2014/7/10,141.9485,-27,-21,48
2014/7/11,137.2577,-23,-22,45
2014/7/14,150.1856,-22,-26,48
2014/7/15,151.1856,-22,-25,47
2014/7/16,164.1856,-26,-16,42
2014/7/17,154.567,-25,-16,41
2014/7/18,214.2577,-30,11,19
2014/7/21,212.9485,-26,13,13
2014/7/22,209.9485,-27,17,10
2014/7/23,229.2577,-27,27,0
2014/7/24,231.2577,-26,23,3
2014/7/25,227.567,-24,16,8
2014/7/28,209.8763,-26,17,9
2014/7/29,180.8763,-16,10,6
2014/7/30,224.1856,-21,21,0
2014/7/31,227.1856,-24,28,-4
2014/8/1,208.567,-21,23,-2
2014/8/4,179.8763,-17,10,7
2014/8/5,214.8041,-24,20,4
2014/8/6,212.8041,-8,17,-9
2014/8/7,216.8041,-10,9,1
2014/8/8,229.8041,-15,14,1
2014/8/11,244.4948,-13,23,-10
2014/8/12,233.1856,-13,22,-9
2014/8/13,252.1856,-7,31,-24
2014/8/14,275.1856,-12,31,-19
2014/8/15,265.1856,-9,30,-21
2014/8/18,286.1856,-12,42,-30
2014/8/19,260.567,-17,34,-17
2014/8/20,285.567,-19,34,-15
2014/8/21,282.2577,-20,10,10
2014/8/22,248.3299,-22,13,9
2014/8/25,250.0206,-22,16,6
2014/8/26,234.7113,-19,16,3
2014/8/27,248.7113,-20,8,12
2014/8/28,287.0206,-23,-10,33
2014/8/29,273.7113,-19,-49,68
2014/9/1,267.7835,-28,-59,87
2014/9/2,252.1649,-30,-49,79
2014/9/3,309.1649,-50,-61,111
2014/9/4,293.2371,-43,-86,129
2014/9/5,307.5464,-40,-85,125
2014/9/9,270.4536,-45,-64,109
2014/9/10,196.5979,-31,-84,115
2014/9/11,240.2165,-37,-81,118
2014/9/12,207.2165,-30,-77,107
2014/9/15,181.5258,-35,-93,128
2014/9/16,229.8351,-47,-93,140
2014/9/17,193.2165,-45,-108,153
2014/9/18,230.2165,-55,-103,158
2014/9/19,272.9072,-47,-114,161
2014/9/22,244.1959,-51,-113,164
2014/9/23,247.1959,-61,-131,192
2014/9/24,185.3402,-50,-113,163
2014/9/25,273.9588,-34,-52,86
2014/9/26,231.9588,-29,-43,72
2014/9/29,292.9588,-22,-7,29
2014/9/30,289.9588,-25,-80,105
2014/10/8,308.9588,-27,-33,60
2014/10/9,251.3402,-24,-47,71
2014/10/10,216.0309,-15,-80,95
2014/10/13,158.9588,0,-75,75
2014/10/14,203.8866,-2,-31,33
2014/10/15,219.5052,1,-83,82
2014/10/16,239.1237,38,-13,-25
2014/10/17,289.3608,36,-15,-21
2014/10/20,300.7423,55,-30,-25
2014/10/21,328.0515,46,-20,-26
2014/10/22,388.3608,68,-38,-30
2014/10/23,350.8144,57,5,-62
2014/10/24,309.1959,71,-32,-39
2014/10/27,324.5052,93,-66,-27
2014/10/28,315.1959,104,-102,-2
2014/10/29,284.5052,91,-95,4
2014/10/30,293.8144,85,-75,-10
2014/10/31,318.8144,89,-72,-17
2014/11/3,341.8144,72,-43,-29
2014/11/4,346.433,72,-48,-24
2014/11/5,391.433,96,-72,-24
2014/11/6,357.8144,91,-69,-22
2014/11/7,316.8866,92,-67,-25
2014/11/10,295.8866,105,-84,-21
2014/11/11,300.8866,90,-67,-23
2014/11/12,298.8866,88,-71,-17
2014/11/13,332.8866,96,-71,-25
2014/11/14,328.8866,96,-85,-11
2014/11/17,338.8866,100,-97,-3
2014/11/18,338.7216,112,-109,-3
2014/11/19,314.1031,114,-132,18
2014/11/20,300.4845,111,-131,20
2014/11/21,301.7938,152,-193,41
2014/11/24,333.4124,130,-146,16
2014/11/25,320.4124,136,-158,22
2014/11/26,446.1237,134,-158,24
2014/11/27,406.6701,110,-137,27
2014/11/28,407.9794,90,-115,25
2014/12/1,404.0515,83,-92,9
2014/12/2,380.8144,102,-111,9
2014/12/3,351.8144,90,-97,7
2014/12/4,316.8144,72,-90,18
2014/12/5,282.5773,81,-95,14
2014/12/8,331.5052,104,-117,13
2014/12/9,316.5052,97,-108,11
2014/12/10,310.5052,94,-101,7
2014/12/11,307.5052,100,-112,12
2014/12/12,267.8866,83,-87,4
2014/12/15,251.9588,85,-89,4
2014/12/16,232.7216,96,-105,9
2014/12/17,220.1031,107,-113,6
2014/12/18,193.4845,100,-71,-29
2014/12/19,182.7938,83,-53,-30
2014/12/22,154.3196,57,-7,-50
2014/12/23,128.1546,85,-22,-63
2014/12/24,68.2268,79,-29,-50
2014/12/25,133.7732,96,-63,-33
2014/12/26,135.7732,95,-54,-41
2014/12/29,189.5567,93,-50,-43
2014/12/30,100.5567,44,-15,-29
2014/12/31,114.5567,1,22,-23
2015/1/5,66.0825,20,9,-29
2015/1/6,-34.1546,1,19,-20
2015/1/7,30.7732,-5,29,-24
2015/1/8,36.7732,-18,41,-23
2015/1/9,-23.701,-7,29,-22
2015/1/12,20.9897,-41,60,-19
2015/1/13,11.9897,-31,40,-9
2015/1/14,25.6804,-37,56,-19
2015/1/15,-26.9381,-149,161,-12
2015/1/16,-48.866,40,-22,-18
2015/1/19,-96.1031,25,-13,-12
2015/1/20,-68.1031,41,-25,-16
2015/1/21,-83.0309,44,-20,-24
2015/1/22,-79.7216,42,-19,-23
2015/1/23,-95.0309,40,-18,-22
2015/1/26,-30.1031,53,-18,-35
2015/1/27,-35.1031,65,-25,-40
2015/1/28,-64.4124,46,-18,-28
2015/1/29,-56.1753,48,-19,-29
2015/1/30,-67.7938,35,-8,-27
2015/2/2,-51.4845,53,-7,-46
2015/2/3,-54.1031,86,-20,-66
2015/2/4,-47.1031,89,-18,-71
2015/2/5,-52.1031,85,-15,-70
2015/2/6,-76.1031,74,-14,-60
2015/2/9,-58.1031,81,-13,-68
2015/2/10,-69.1031,80,-11,-69
2015/2/11,-70.1031,84,-16,-68
2015/2/12,-69.1031,74,-15,-59
2015/2/13,-94.1031,64,-11,-53
2015/2/16,-104.1031,64,-2,-62
2015/2/17,-101.1031,63,-4,-59
2015/2/25,-63.1031,72,-3,-69
2015/2/26,-43.866,71,2,-73
2015/2/27,-64.7216,97,-6,-91
2015/3/2,-83.0309,115,-4,-111
2015/3/3,-68.7216,105,0,-105
2015/3/4,-64.7216,108,-7,-101
2015/3/5,-99.268,88,-12,-76
2015/3/6,-101.1959,87,-20,-67
2015/3/9,-179.5052,94,-8,-86
2015/3/10,-136.1959,124,-24,-100
2015/3/11,-143.8866,119,-17,-102
2015/3/12,-86.4124,114,-4,-110
2015/3/13,-42.1753,116,-11,-105
2015/3/16,-100.1031,112,-5,-107
2015/3/17,-71.4845,107,-5,-102
2015/3/18,29.6804,85,-12,-73
2015/3/19,20.3711,82,-12,-70
2015/3/20,-9.5567,86,-15,-71
2015/3/23,129.6289,84,-5,-79
2015/3/24,135.6289,85,-11,-74
2015/3/25,129.3918,75,-14,-61
2015/3/26,83.5361,88,-15,-73
2015/3/27,45.9897,67,-16,-51
2015/3/30,123.5361,53,-21,-32
2015/3/31,143.5361,63,-24,-39
2015/4/1,163.9175,40,-21,-19
2015/4/2,180.9897,15,-24,9
2015/4/3,140.7526,13,-24,11
2015/4/7,139.8247,57,-36,-21
2015/4/8,116.5155,61,-34,-27
2015/4/9,129.8969,66,-37,-29
2015/4/10,133.2784,80,-36,-44
2015/4/13,49.6598,84,-24,-60
2015/4/14,106.2062,78,-20,-58
2015/4/15,122.8969,55,-25,-30
2015/4/16,81.2784,58,-21,-37
2015/4/17,67.6598,39,-24,-15
2015/4/20,120.2784,30,-31,1
2015/4/21,118.2784,67,-25,-42
2015/4/22,72.2784,77,-25,-52
2015/4/23,65.9691,96,-33,-63
2015/4/24,21.2784,108,-27,-81
2015/4/27,32.5155,171,-46,-125
2015/4/28,42.5155,165,-36,-129
2015/4/29,100.5155,151,-41,-110
2015/4/30,65.2062,201,-34,-167
2015/5/4,6.8969,241,-39,-202
2015/5/5,2.2062,259,-51,-208
2015/5/6,0.2062,279,-50,-229
2015/5/7,12.8969,273,-51,-222
2015/5/8,-12.7216,286,-46,-240
2015/5/11,-32.0309,318,-42,-276
2015/5/12,-12.3402,388,-49,-339
2015/5/13,-4.3402,359,-56,-303
2015/5/14,5.3505,347,-63,-284
2015/5/15,-3.6495,349,-65,-284
2015/5/18,39.9691,-47,-68,115
2015/5/19,26.3505,-32,-74,106
2015/5/20,33.732,-49,-54,103
2015/5/21,-6.5773,-36,-56,92
2015/5/22,-13.5773,-41,-53,94
2015/5/25,0.732,-43,-59,102
2015/5/26,7.0412,-50,-63,113
2015/5/27,23.6598,-48,-66,114
2015/5/28,3.0412,-40,-74,114
2015/5/29,-11.268,-42,-82,124
2015/6/1,-24.268,-61,-75,136
2015/6/2,-27.268,-53,-80,133
2015/6/3,-1.268,-62,-70,132
2015/6/4,-8.268,-56,-64,120
2015/6/5,-3.5773,-58,-63,121
2015/6/8,-17.1959,-52,-55,107
2015/6/9,-20.1959,-59,-48,107
2015/6/10,-29.5052,-65,-58,123
2015/6/11,-48.5052,-69,-47,116
2015/6/12,-2.8144,-91,-53,144
2015/6/15,4.8763,-93,-51,144
2015/6/16,22.2577,-95,-67,162
2015/6/17,31.9485,-89,-54,143
2015/6/18,-0.3608,-64,-52,116
2015/6/19,-11.6701,-73,-52,125
2015/6/23,-25.2887,-78,-52,130
2015/6/24,-16.9794,-80,-58,138
2015/6/25,16.3299,-82,-62,144
2015/6/26,21.3299,-77,-72,149
2015/6/29,32.7113,-73,-86,159
2015/6/30,68.4021,-73,-82,155
2015/7/1,58.7835,-82,-93,175
2015/7/2,48.4742,-84,-99,183
2015/7/3,51.4742,-82,-91,173
2015/7/6,83.6186,-77,-85,162
2015/7/7,112.3814,-76,-38,114
2015/7/8,147.4536,-76,-43,119
2015/7/9,44.7629,-78,-45,123
2015/7/10,52.0722,-74,-60,134
2015/7/13,51.0722,-71,-53,124
2015/7/14,52.0722,-73,-55,128
2015/7/15,69.0722,-73,-54,127
2015/7/16,54.0722,-71,-42,113
2015/7/17,53.0722,-71,-47,118
2015/7/20,-32.3093,-57,-39,96
2015/7/21,29.6186,-69,-34,103
2015/7/22,38.3814,-72,-31,103
2015/7/23,9.0722,-70,-39,109
2015/7/24,4.7629,-69,-47,116
2015/7/27,-25.2371,-57,-47,104
2015/7/28,-23.2371,-58,-42,100
2015/7/29,-61.2371,-44,-27,71
2015/7/30,5,-45,-12,57
2015/7/31,5.3093,-17,22,-5
2015/8/3,42.9278,-16,36,-20
2015/8/4,106.4021,-15,28,-13
2015/8/5,105.4021,-12,29,-17
2015/8/6,127.4021,-15,47,-32
2015/8/7,150.7113,1,53,-54
2015/8/10,158.4021,-5,49,-44
2015/8/11,140.0928,-2,21,-19
2015/8/12,122.0928,-7,27,-20
2015/8/13,101.0928,-11,40,-29
2015/8/14,118.4021,-13,38,-25
2015/8/17,144.4021,-19,40,-21
2015/8/18,154.4021,-11,50,-39
2015/8/19,138.7835,-10,44,-34
2015/8/20,154.7835,-11,24,-13
2015/8/21,158.7835,-8,4,4
2015/8/24,207.5464,-15,25,-10
2015/8/25,208.5464,-22,21,1
2015/8/26,204.5464,-21,32,-11
2015/8/27,172.5464,-13,9,4
2015/8/28,165.5464,-13,7,6
2015/8/31,189.5464,-12,11,1
2015/9/1,178.5464,-1,11,-10
2015/9/2,186.5464,-1,12,-11
2015/9/7,211.2371,-9,16,-7
2015/9/8,171.9278,-3,5,-2
2015/9/9,172.9278,-15,19,-4
2015/9/10,144.3093,-14,22,-8
2015/9/11,144,-7,21,-14
2015/9/14,140.3814,-21,30,-9
2015/9/15,170.6907,-25,37,-12
2015/9/16,145.6907,-17,32,-15
2015/9/17,153.6907,-21,42,-21
2015/9/18,157.6907,-20,38,-18
2015/9/21,175.6907,-18,52,-34
2015/9/22,157.7629,-21,60,-39
2015/9/23,146.7629,-13,55,-42
2015/9/24,155.7629,-10,40,-30
2015/9/25,157.7629,-8,29,-21
2015/9/28,179.4536,-13,13,0
2015/9/29,205.4536,-17,9,8
2015/9/30,227.7629,-27,-54,81
2015/10/8,212.4536,-32,-57,89
2015/10/9,196.7629,-36,-71,107
2015/10/12,191.4536,-33,-139,172
2015/10/13,210.7629,-33,-58,91
2015/10/14,187.8351,-26,-56,82
2015/10/15,183.8351,-26,-79,105
2015/10/16,167.2165,-21,39,-18
2015/10/19,200.5258,-29,53,-24
2015/10/20,196.2165,-27,51,-24
2015/10/21,182.9072,-11,37,-26
2015/10/22,181.9072,-4,29,-25
2015/10/23,175.5979,-2,29,-27
2015/10/26,185.9072,8,18,-26
2015/10/27,193.2165,1,18,-19
2015/10/28,215.5258,-5,27,-22
2015/10/29,233.1443,-4,26,-22
2015/10/30,266.7629,-13,40,-27
2015/11/2,292.6907,-9,35,-26
2015/11/3,300.6907,3,25,-28
2015/11/4,289.3814,-1,13,-12
2015/11/5,293.3814,2,6,-8
2015/11/6,265.0722,-14,24,-10
2015/11/9,243.7629,-24,37,-13
2015/11/10,241.4536,-18,34,-16
2015/11/11,251.1443,-17,35,-18
2015/11/12,232.2165,-5,19,-14
2015/11/13,238.2165,3,8,-11
2015/11/16,244.2165,13,-5,-8
2015/11/17,234.9072,7,1,-8
2015/11/18,250.9072,-1,6,-5
2015/11/19,281.9072,8,-3,-5
2015/11/20,291.9072,8,3,-11
2015/11/23,338.2165,1,6,-7
2015/11/24,309.5979,7,-2,-5
2015/11/25,300.5979,-10,17,-7
2015/11/26,286.2887,-17,32,-15
2015/11/27,310.2887,-4,16,-12
2015/11/30,288.7423,-10,18,-8
2015/12/1,292.0515,-26,36,-10
2015/12/2,245.433,-37,69,-32
2015/12/3,238.5052,-32,60,-28
2015/12/4,223.5052,-62,95,-33
2015/12/7,151.9588,-64,91,-27
2015/12/8,167.9588,-44,69,-25
2015/12/9,114.4124,-43,67,-24
2015/12/10,101.7938,-48,75,-27
2015/12/11,91.7938,-49,76,-27
2015/12/14,84.7938,-48,76,-28
2015/12/15,123.7216,-21,50,-29
2015/12/16,107.7216,-24,49,-25
2015/12/17,114.0309,9,9,-18
2015/12/18,79.0309,9,5,-14
2015/12/21,42.0309,36,-14,-22
2015/12/22,111.5773,71,-45,-26
2015/12/23,125.5773,82,-56,-26
2015/12/24,118.5773,98,-72,-26
2015/12/25,115.8866,85,-61,-24
2015/12/28,111.8866,77,-59,-18
2015/12/29,72.8866,67,-40,-27
2015/12/30,124.433,63,-49,-14
2015/12/31,130.7423,61,-45,-16
2016/1/4,148.0515,60,-46,-14
2016/1/5,197.9072,56,-49,-7
2016/1/6,211.9072,80,-72,-8
2016/1/7,193.2887,75,-67,-8
2016/1/8,186.6701,74,-64,-10
2016/1/11,167.0515,56,-48,-8
2016/1/12,173.7423,-12,19,-7
2016/1/13,174.7423,-49,61,-12
2016/1/14,177.3608,-18,31,-13
2016/1/15,167.6701,-73,79,-6
2016/1/18,180.5258,14,-6,-8
2016/1/19,168.5258,15,-6,-9
2016/1/20,189.5258,10,-7,-3
2016/1/21,137.6701,10,-6,-4
2016/1/22,122.6701,8,-9,1
2016/1/25,105.6701,7,-11,4
2016/1/26,183.1443,2,-6,4
2016/1/27,165.1443,-5,-7,12
2016/1/28,213.1443,11,-8,-3
2016/1/29,193.5258,16,-13,-3
2016/2/1,157.5979,5,-3,-2
2016/2/2,161.5979,6,-4,-2
2016/2/3,150.5979,4,-5,1
2016/2/4,125.5979,5,-5,0
2016/2/5,133.5979,8,-8,0
2016/2/15,104.5979,-1,0,1
2016/2/16,142.5258,-2,1,1
2016/2/17,167.1443,0,-1,1
2016/2/18,189.0722,-2,-2,4
2016/2/19,182.6907,-19,-3,22
2016/2/22,117.6907,-39,-1,40
2016/2/23,174.3093,-16,0,16
2016/2/24,202.2371,-24,-1,25
2016/2/25,203.2371,-29,-4,33
2016/2/26,209.2371,-29,-5,34
2016/2/29,162.2371,-47,-1,48
2016/3/1,137.2371,-41,-6,47
2016/3/2,179.4742,-15,-2,17
2016/3/3,198.4742,-11,-4,15
2016/3/4,216.4021,11,-3,-8
2016/3/7,388.134,0,-1,1
2016/3/8,432.0825,1,-4,3
2016/3/9,491.1546,-59,13,46
2016/3/10,331.134,-62,18,44
2016/3/11,355.5155,-82,22,60
2016/3/14,330.8041,-73,18,55
2016/3/15,313.8763,-65,15,50
2016/3/16,205.7113,-78,21,57
2016/3/17,135.7113,-87,31,56
2016/3/18,240.0412,-63,26,37
2016/3/21,180.1134,-87,42,45
2016/3/22,189.732,-95,39,56
2016/3/23,175.3505,-123,48,75
2016/3/24,248.3505,-155,50,105
2016/3/25,174.0412,-175,61,114
2016/3/28,339.4433,-213,69,144
2016/3/29,343.3711,-202,71,131
2016/3/30,399.6804,-218,75,143
2016/3/31,345.7526,-205,81,124
2016/4/1,340.299,-231,102,129
2016/4/5,421.7732,-275,118,157
2016/4/6,505.9381,-270,102,168
2016/4/7,517.5567,-267,101,166
2016/4/8,533.1753,-276,102,174
2016/4/11,632.0515,-317,128,189
2016/4/12,715.0722,-280,126,154
2016/4/13,706.0722,-196,83,113
2016/4/14,735.0722,-228,93,135
2016/4/15,676.5979,-210,88,122
2016/4/18,637.1443,-185,88,97
2016/4/19,554.7629,-202,91,111
2016/4/20,487.6907,-201,89,112
2016/4/21,432.7835,-234,93,141
2016/4/22,563.7835,-220,89,131
2016/4/25,622.2577,-254,105,149
2016/4/26,711.2577,-249,94,155
2016/4/27,724.0206,-227,92,135
2016/4/28,674.7113,-208,96,112
2016/4/29,664.6392,-302,95,207
2016/5/3,690.5464,-379,90,289
2016/5/4,719.3093,-366,92,274
2016/5/5,667.5979,-312,91,221
2016/5/6,568.433,-306,86,220
2016/5/9,574.7938,-336,86,250
2016/5/10,468.7732,-467,69,398
2016/5/11,490.3918,-510,55,455
2016/5/12,510.8454,-406,40,366
2016/5/13,534.2268,-584,42,542
2016/5/16,409.134,-332,44,288
2016/5/17,347.134,-1,53,-52
2016/5/18,406.134,-11,44,-33
2016/5/19,418.134,-14,39,-25
2016/5/20,337.2784,-13,40,-27
2016/5/23,266.7113,-23,29,-6
2016/5/24,276.3299,-19,39,-20
2016/5/25,338.9485,-28,25,3
2016/5/26,405.0412,-21,35,-14
2016/5/27,325.0412,-10,45,-35
2016/5/30,316.4948,-9,28,-19
2016/5/31,297.567,-11,25,-14
2016/6/1,299.9485,-18,19,-1
2016/6/2,280.3299,-17,13,4
2016/6/3,225.7113,-17,13,4
2016/6/6,247.4948,-18,25,-7
2016/6/7,260.4227,-19,31,-12
2016/6/8,238.4227,-8,41,-33
2016/6/13,198.3505,-3,60,-57
2016/6/14,255.1134,-15,36,-21
2016/6/15,208.567,-16,41,-25
2016/6/16,180.9485,-12,40,-28
2016/6/17,160.3299,-15,32,-17
2016/6/20,182.6392,-20,30,-10
2016/6/21,162.6392,-20,43,-23
2016/6/22,111.9485,-17,58,-41
2016/6/23,113.9485,-11,58,-47
2016/6/24,149.567,-18,47,-29
2016/6/27,48.8041,-8,61,-53
2016/6/28,93.0412,-12,66,-54
2016/6/29,117.0412,-13,45,-32
2016/6/30,21.0412,-10,59,-49
2016/7/1,91.5155,-10,64,-54
2016/7/4,57.7526,-11,63,-52
2016/7/5,79.7526,-6,50,-44
2016/7/6,62.5155,-3,63,-60
2016/7/7,105.0619,9,64,-73
2016/7/8,139.8454,25,83,-108
2016/7/11,154.8454,21,82,-103
2016/7/12,109.3196,29,102,-131
2016/7/13,213.1753,20,82,-102
2016/7/14,174.2474,13,77,-90
2016/7/15,140.3196,19,79,-98
2016/7/18,253.7732,10,71,-81
2016/7/19,256.9175,7,68,-75
2016/7/20,223.299,13,70,-83
2016/7/21,147.6082,27,69,-96
2016/7/22,223.299,19,58,-77
2016/7/25,129.4433,17,67,-84
2016/7/26,113.0619,27,82,-109
2016/7/27,125.6082,31,46,-77
2016/7/28,84.2268,33,46,-79
2016/7/29,121.299,24,41,-65
2016/8/1,69.2268,26,50,-76
2016/8/2,81.1546,32,58,-90
2016/8/3,46.6082,28,64,-92
2016/8/4,39.0619,26,66,-92
2016/8/5,-4.701,35,63,-98
2016/8/8,-32.4639,42,71,-113
2016/8/9,-24.7732,29,79,-108
2016/8/10,-53.701,29,80,-109
2016/8/11,-40.0825,40,87,-127
2016/8/12,28.4639,27,89,-116
2016/8/15,3.5361,40,105,-145
2016/8/16,-32.2268,52,77,-129
2016/8/17,26.7732,43,59,-102
2016/8/18,46.1546,37,26,-63
2016/8/19,28.1546,22,-14,-8
2016/8/22,73.0825,20,-29,9
2016/8/23,61.0103,6,-46,40
2016/8/24,68.0103,-13,-34,47
2016/8/25,69.3918,-3,-13,16
2016/8/26,144.701,-6,16,-10
2016/8/29,169.701,15,36,-51
2016/8/30,224.701,12,55,-67
2016/8/31,244.3918,18,28,-46
2016/9/1,234.3918,13,40,-53
2016/9/2,251.0103,14,32,-46
2016/9/5,241.6289,17,6,-23
2016/9/6,259.9381,18,8,-26
2016/9/7,333.3196,5,36,-41
2016/9/8,319.0103,8,36,-44
2016/9/9,314.0103,13,-9,-4
2016/9/12,338.7732,3,-29,26
2016/9/13,359.7732,5,-30,25
2016/9/14,365.7732,2,-16,14
2016/9/19,356.1546,-17,-11,28
2016/9/20,331.1546,-14,-15,29
2016/9/21,327.8454,-18,-3,21
2016/9/22,315.1546,-32,-8,40
2016/9/23,275.8454,-24,-23,47
2016/9/26,268.8454,-17,-34,51
2016/9/27,291.2268,-26,-58,84
2016/9/28,279.2268,-29,-57,86
2016/9/29,301.5361,-32,-65,97
2016/9/30,321.5361,-31,-90,121
2016/10/10,304.5361,-30,-83,113
2016/10/11,235.5361,-25,-128,153
2016/10/12,216.5361,-15,-98,113
2016/10/13,220.5361,-25,-129,154
2016/10/14,175.5361,-14,-126,140
2016/10/17,153.8454,-10,-61,71
2016/10/18,143.8454,4,-11,7
2016/10/19,161.1546,5,-11,6
2016/10/20,109.1546,17,-39,22
2016/10/21,110.1546,32,-62,30
2016/10/24,104.1546,25,-61,36
2016/10/25,67.3918,12,-41,29
2016/10/26,112.701,1,-24,23
2016/10/27,165.6289,-13,10,3
2016/10/28,120.5567,-5,0,5
2016/10/31,87.9381,-29,24,5
2016/11/1,147.1031,-20,-4,24
2016/11/2,181.0309,-8,-15,23
2016/11/3,120.6495,20,-51,31
2016/11/4,126.5773,34,-76,42
2016/11/7,77.2887,51,-98,47
2016/11/8,181.8351,47,-92,45
2016/11/9,23.4536,26,-77,51
2016/11/10,51.4536,-18,-19,37
2016/11/11,25.8557,-17,-25,42
2016/11/14,237.7835,-34,37,-3
2016/11/15,273.2371,-20,25,-5
2016/11/16,222.4536,-34,25,9
2016/11/17,131.6701,-40,30,10
2016/11/18,173.6701,-25,12,13
2016/11/21,231.6701,-24,28,-4
2016/11/22,117.8351,-22,18,4
2016/11/23,136,-43,30,13
2016/11/24,149.3093,-70,67,3
2016/11/25,-53.6907,-84,77,7
2016/11/28,-190.4536,-144,120,24
2016/11/29,89.8557,-73,61,12
2016/11/30,69.3814,-93,75,18
2016/12/1,-45.4536,-84,56,28
2016/12/2,15.5464,-60,21,39
2016/12/5,-41.8351,-77,41,36
2016/12/6,-34.2165,-89,55,34
2016/12/7,-137.3608,-117,78,39
2016/12/8,-149.3608,-127,85,42
2016/12/9,-110.6701,-120,73,47
2016/12/12,78.9897,-81,17,64
2016/12/13,17.9897,-86,16,70
2016/12/14,75.8247,-42,-24,66
2016/12/15,27.5155,-64,0,64
2016/12/16,147.5155,-42,-17,59
2016/12/19,228.2784,-39,-12,51
2016/12/20,206.3505,-36,-15,51
2016/12/21,178.732,-11,-41,52
2016/12/22,301.1134,80,-129,49
2016/12/23,281.2577,104,-145,41
2016/12/26,281.4021,62,-97,35
2016/12/27,156.1649,-4,-42,46
2016/12/28,193.7835,0,-52,52
2016/12/29,189.5464,17,-60,43
2016/12/30,253.9278,56,-92,36
2017/1/3,259.6186,90,-120,30
2017/1/4,149.6907,50,-99,49
2017/1/5,118.0722,67,-113,46
2017/1/6,219.2371,48,-103,55
2017/1/9,83.2371,-9,-55,64
2017/1/10,15.7835,51,-110,59
2017/1/11,31.7113,17,-90,73
2017/1/12,27.3299,-47,-34,81
2017/1/13,40.3299,-29,-53,82
2017/1/16,-47.8866,-75,-16,91
2017/1/17,63.732,-119,58,61
2017/1/18,55.732,-132,56,76
2017/1/19,91.732,-114,63,51
2017/1/20,153.732,-102,58,44
2017/1/23,167.732,-105,58,47
2017/1/24,55.732,-127,68,59
2017/1/25,48.732,-149,80,69
2017/1/26,-21.268,-154,68,86
2017/2/3,234.732,-63,39,24
2017/2/6,306.9691,-80,55,25
2017/2/7,223.9691,-124,68,56
2017/2/8,218.134,-140,72,68
2017/2/9,244.8247,-125,67,58
2017/2/10,122.8247,-137,72,65
2017/2/13,127.2268,-146,72,74
2017/2/14,142.8454,-159,80,79
2017/2/15,204.1546,-156,82,74
2017/2/16,214.1546,-163,94,69
2017/2/17,194.3196,-215,102,113
2017/2/20,255.3402,-249,107,142
2017/2/21,329.433,-234,93,141
2017/2/22,379.433,-223,97,126
2017/2/23,411.1237,-208,92,116
2017/2/24,375.5052,-220,104,116
2017/2/27,467.6907,-257,108,149
2017/2/28,608.6907,-240,96,144
2017/3/1,465.5258,-252,98,154
2017/3/2,506.0722,-263,107,156
2017/3/3,493.0722,-323,130,193
2017/3/6,540.5258,-306,123,183
2017/3/7,513.5258,-312,139,173
2017/3/8,561.9072,-305,116,189
2017/3/9,505.1237,-286,103,183
2017/3/10,512.7423,-300,101,199
2017/3/13,403.5258,-391,129,262
2017/3/14,444.4536,-425,131,294
2017/3/15,418.0722,-336,110,226
2017/3/16,413.4536,-296,110,186
2017/3/17,432.5258,-328,122,206
2017/3/20,395.5979,-365,118,247
2017/3/21,459.3608,-357,110,247
2017/3/22,478.8144,-410,122,288
2017/3/23,736.1959,-429,139,290
2017/3/24,723.1959,-422,148,274
2017/3/27,723.7216,-400,148,252
2017/3/28,730.7216,-397,149,248
2017/3/29,611.7216,-360,156,204
2017/3/30,659.3402,-372,135,237
2017/3/31,659.6495,-387,132,255
2017/4/5,548.4124,-387,151,236
2017/4/6,608.4124,-365,112,253
2017/4/7,629.3196,-385,104,281
2017/4/10,574.5361,-433,109,324
2017/4/11,582.2268,-388,99,289
2017/4/12,547.5155,-335,74,261
2017/4/13,523.5155,-343,70,273
2017/4/14,498.5155,-356,82,274
2017/4/17,487.2784,-407,102,305
2017/4/18,523.732,-343,95,248
2017/4/19,444.1856,-346,107,239
2017/4/20,417.4948,-320,94,226
2017/4/21,419.732,-307,93,214
2017/4/24,431.0412,-321,95,226
2017/4/25,461.5876,-356,102,254
2017/4/26,525.0619,-400,109,291
2017/4/27,486.3711,-418,119,299
2017/4/28,459.5361,-440,146,294
2017/5/2,543.6289,-478,129,349
2017/5/3,536.3196,-511,147,364
2017/5/4,653.8454,-664,142,522
2017/5/5,581.6804,-730,159,571
2017/5/8,601.4639,-829,208,621
2017/5/9,630.701,-834,225,609
2017/5/10,621.2474,-1065,248,817
2017/5/11,597.0103,-916,226,690
2017/5/12,736.6289,-886,207,679
2017/5/15,707.2474,-801,222,579
2017/5/16,699.2474,56,237,-293
2017/5/17,608.866,78,252,-330
2017/5/18,605.7938,93,285,-378
2017/5/19,526.4124,115,297,-412
2017/5/22,562.433,117,304,-421
2017/5/23,609.433,109,292,-401
2017/5/24,617.1959,102,268,-370
2017/5/25,644.1959,104,273,-377
2017/5/26,592.268,129,273,-402
2017/5/31,747.5773,107,251,-358
2017/6/1,740.268,93,257,-350
2017/6/2,765.0309,79,245,-324
2017/6/5,831.4124,31,238,-269
2017/6/6,780.4845,36,205,-241
2017/6/7,777.4845,39,200,-239
2017/6/8,771.4845,43,193,-236
2017/6/9,732.7938,61,184,-245
2017/6/12,716.7938,70,189,-259
2017/6/13,825.1031,32,165,-197
2017/6/14,665.7938,69,219,-288
2017/6/15,669.7216,70,207,-277
2017/6/16,730.9588,63,191,-254
2017/6/19,661.3402,79,184,-263
2017/6/20,682.0309,68,188,-256
2017/6/21,701.4124,61,172,-233
2017/6/22,718.7938,56,149,-205
2017/6/23,625.1753,60,172,-232
2017/6/26,601.7938,62,194,-256
2017/6/27,536.1031,79,202,-281
2017/6/28,522.3402,72,199,-271
2017/6/29,524.9588,76,192,-268
2017/6/30,474.9588,77,224,-301
2017/7/3,439.8866,75,227,-302
2017/7/4,492.8866,77,247,-324
2017/7/5,453.5052,91,249,-340
2017/7/6,446.1959,87,256,-343
2017/7/7,424.8866,104,215,-319
2017/7/10,462.433,98,208,-306
2017/7/11,380.6701,104,242,-346
2017/7/12,401.5979,126,236,-362
2017/7/13,309.2887,139,209,-348
2017/7/14,374.0515,123,200,-323
2017/7/17,349.5979,132,205,-337
2017/7/18,390.5979,141,203,-344
2017/7/19,297.5979,140,214,-354
2017/7/20,480.5979,109,187,-296
2017/7/21,441.2887,122,198,-320
2017/7/24,409.0515,128,187,-315
2017/7/25,357.0515,133,181,-314
2017/7/26,357.0515,139,131,-270
2017/7/27,303.5052,129,128,-257
2017/7/28,294.8866,118,123,-241
2017/7/31,212.6701,132,137,-269
2017/8/1,288.9072,122,139,-261
2017/8/2,272.2165,117,98,-215
2017/8/3,241.8351,117,71,-188
2017/8/4,166.7629,119,108,-227
2017/8/7,114.0928,156,151,-307
2017/8/8,267.8557,162,162,-324
2017/8/9,145.8557,169,74,-243
2017/8/10,280.6392,160,68,-228
2017/8/11,382.6392,160,83,-243
2017/8/14,396.4021,159,125,-284
2017/8/15,404.8557,162,165,-327
2017/8/16,434.5464,146,147,-293
2017/8/17,384.0928,128,118,-246
2017/8/18,298.0928,150,95,-245
2017/8/21,292.9485,148,90,-238
2017/8/22,280.7113,130,97,-227
2017/8/23,362.5464,131,130,-261
2017/8/24,283.5464,151,100,-251
2017/8/25,242.4742,129,85,-214
2017/8/28,178.6186,131,73,-204
2017/8/29,249.2371,118,80,-198
2017/8/30,232.3093,114,91,-205
2017/8/31,183.6186,126,73,-199
2017/9/1,110.4742,146,70,-216
2017/9/4,194.9485,125,86,-211
2017/9/5,160.6392,133,90,-223
2017/9/6,248.3299,124,117,-241
2017/9/7,255.7113,112,117,-229
2017/9/8,297.7113,111,124,-235
2017/9/11,288.4021,122,137,-259
2017/9/12,254.7113,132,148,-280
2017/9/13,310.0206,135,176,-311
2017/9/14,393.0206,122,201,-323
2017/9/15,377.7835,130,201,-331
2017/9/18,371.4742,120,245,-365
2017/9/19,432.4742,120,297,-417
2017/9/20,383.5464,130,292,-422
2017/9/21,455.6186,125,335,-460
2017/9/22,371.0515,126,333,-459
2017/9/25,352.9794,145,309,-454
2017/9/26,341.9794,145,319,-464
2017/9/27,287.2887,159,233,-392
2017/9/28,339.6701,136,297,-433
2017/9/29,250.6701,157,287,-444
2017/10/9,409.6186,162,205,-367
2017/10/10,495.7629,142,247,-389
2017/10/11,474.2165,147,167,-314
2017/10/12,319.9072,169,183,-352
2017/10/13,182.2165,190,84,-274
2017/10/16,235.0722,163,-9,-154
2017/10/17,288.1443,101,-303,202
2017/10/18,342.1443,75,-236,161
2017/10/19,393.2165,67,-216,149
2017/10/20,262.4536,76,-245,169
2017/10/23,338.4536,23,-182,159
2017/10/24,351,9,-179,170
2017/10/25,407.6186,1,-163,162
2017/10/26,419.3814,-27,-117,144
2017/10/27,492.3814,-32,-94,126
2017/10/30,477.7629,-18,-110,128
2017/10/31,420.7629,-24,-117,141
2017/11/1,506.3814,-19,-99,118
2017/11/2,448,-50,-94,144
2017/11/3,478,-44,-85,129
2017/11/6,374.6186,-33,-116,149
2017/11/7,403.6186,-46,-94,140
2017/11/8,386.6186,-20,-123,143
2017/11/9,381.5464,0,-157,157
2017/11/10,376.4742,38,-218,180
2017/11/13,390.0928,91,-297,206
2017/11/14,440.6392,142,-366,224
2017/11/15,539.6392,178,-375,197
2017/11/16,564.6392,192,-362,170
2017/11/17,612.6392,222,-374,152
2017/11/20,579.567,183,-342,159
2017/11/21,553.8041,163,-343,180
2017/11/22,499.8041,138,-334,196
2017/11/23,542.3505,144,-351,207
2017/11/24,554.3505,179,-379,200
2017/11/27,586.8969,267,-480,213
2017/11/28,599.4433,278,-527,249
2017/11/29,638.1546,224,-523,299
2017/11/30,687.6289,257,-557,300
2017/12/1,772.7938,301,-606,305
2017/12/4,827.8144,343,-653,310
2017/12/5,817.5773,367,-675,308
2017/12/6,833.7938,428,-705,277
2017/12/7,849.6289,341,-611,270
2017/12/8,782.6289,388,-675,287
2017/12/11,868.7216,387,-674,287
2017/12/12,989.5052,421,-699,278
2017/12/13,1001.268,519,-777,258
2017/12/14,974.1031,477,-689,212
2017/12/15,843.3196,381,-608,227
2017/12/18,824.2474,370,-609,239
2017/12/19,845.3918,396,-600,204
2017/12/20,718.9897,364,-585,221
2017/12/21,700.9175,358,-597,239
2017/12/22,632.5361,318,-582,264
2017/12/25,601.9691,376,-588,212
2017/12/26,494.8041,273,-469,196
2017/12/27,545.4227,298,-487,189
2017/12/28,548.4948,383,-539,156
2017/12/29,491.8763,454,-639,185
2018/1/2,432.4948,406,-617,211
2018/1/3,507.8041,409,-599,190
2018/1/4,466.8763,412,-593,181
2018/1/5,446.6392,377,-550,173
2018/1/8,344.1649,362,-549,187
2018/1/9,343.1649,376,-548,172
2018/1/10,313.1649,549,-727,178
2018/1/11,355.0928,552,-732,180
2018/1/12,330.9278,604,-763,159
2018/1/15,267.3814,897,-1042,145
2018/1/16,310.3093,-220,72,148
2018/1/17,273.3093,-249,80,169
2018/1/18,272.2371,-276,88,188
2018/1/19,236.1649,-327,129,198
2018/1/22,317.6392,-311,125,186
2018/1/23,312.0206,-271,104,167
2018/1/24,287.0206,-262,105,157
2018/1/25,268.3299,-259,91,168
2018/1/26,289.3299,-251,91,160
2018/1/29,289.3299,-254,102,152
2018/1/30,272.0928,-244,96,148
2018/1/31,278.0928,-249,93,156
2018/2/1,303.3299,-262,83,179
2018/2/2,283.6392,-276,99,177
2018/2/5,298.2577,-264,97,167
2018/2/6,322.2577,-245,84,161
2018/2/7,328.2577,-247,89,158
2018/2/8,335.2577,-230,90,140
2018/2/9,370.2577,-211,72,139
2018/2/12,347.2577,-224,72,152
2018/2/13,344.2577,-216,77,139
2018/2/14,331.2577,-220,81,139
2018/2/22,399.2577,-186,73,113
2018/2/23,316.2577,-200,96,104
2018/2/26,309.4227,-227,99,128
2018/2/27,323.0412,-243,91,152
2018/2/28,338.0412,-239,91,148
2018/3/1,346.6598,-249,87,162
2018/3/2,354.6598,-234,90,144
2018/3/5,421.6598,-203,72,131
2018/3/6,358.1134,-203,75,128
2018/3/7,406.1856,-152,68,84
2018/3/8,450.6392,-111,63,48
2018/3/9,442.8557,-121,55,66
2018/3/12,484.0928,-138,51,87
2018/3/13,487.7835,-152,59,93
2018/3/14,416.8557,-187,73,114
2018/3/15,430.7835,-213,82,131
2018/3/16,472.4021,-221,73,148
2018/3/19,490.5464,-223,63,160
2018/3/20,482.2371,-253,73,180
2018/3/21,524.5464,-256,71,185
2018/3/22,501.9278,-239,61,178
2018/3/23,617.9072,-177,60,117
2018/3/26,541.433,-249,70,179
2018/3/27,533.2887,-275,70,205
2018/3/28,754.2887,-285,73,212
2018/3/29,656.6701,-266,76,190
2018/3/30,575.2887,-286,85,201
2018/4/2,673.8351,-356,109,247
2018/4/3,643.2165,-366,121,245
2018/4/4,658.5979,-385,113,272
2018/4/9,517.0515,-362,121,241
2018/4/10,526.6701,-370,120,250
2018/4/11,550.6701,-385,117,268
2018/4/12,512.7423,-388,119,269
2018/4/13,473.0515,-385,122,263
2018/4/16,526.8144,-457,134,323
2018/4/17,489.5052,-439,136,303
2018/4/18,479.0515,-422,143,279
2018/4/19,419.3608,-414,151,263
2018/4/20,471.0515,-410,133,277
2018/4/23,411.9794,-415,143,272
2018/4/24,435.2165,-477,149,328
2018/4/25,403.5979,-481,157,324
2018/4/26,408.2887,-525,161,364
2018/4/27,435.1443,-525,164,361
2018/5/2,455.7835,-539,168,371
2018/5/3,520.0928,-512,156,356
2018/5/4,529.0928,-553,151,402
2018/5/7,546.4021,-588,140,448
2018/5/8,566.4021,-618,150,468
2018/5/9,611.7835,-623,144,479
2018/5/10,536.8557,-602,150,452
2018/5/11,538.7113,-390,165,225
2018/5/14,546.7113,-507,164,343
2018/5/15,522.4021,-455,156,299
2018/5/16,526.4021,87,145,-232
2018/5/17,514.0928,79,157,-236
2018/5/18,551.7835,75,151,-226
2018/5/21,573.1649,67,144,-211
2018/5/22,609.7835,70,136,-206
2018/5/23,600.2371,63,127,-190
2018/5/24,527.6186,73,127,-200
2018/5/25,555.9278,73,133,-206
2018/5/28,531.6186,77,129,-206
2018/5/29,485.9278,89,145,-234
2018/5/30,497.5464,85,157,-242
2018/5/31,445.5464,100,184,-284
2018/6/1,459.0928,114,184,-298
2018/6/4,453.4742,113,179,-292
2018/6/5,405.5464,109,163,-272
2018/6/6,406.7835,125,179,-304
2018/6/7,386.0928,117,179,-296
2018/6/8,387.0928,139,171,-310
2018/6/11,369.4742,131,179,-310
2018/6/12,326.7835,152,184,-336
2018/6/13,365.0206,155,181,-336
2018/6/14,327.0206,155,183,-338
2018/6/15,322.0206,158,177,-335
2018/6/19,434.4021,137,176,-313
2018/6/20,376.0928,139,179,-318
2018/6/21,430.4021,119,169,-288
2018/6/22,433.0928,111,175,-286
2018/6/25,470.0928,104,177,-281
2018/6/26,487.1649,105,183,-288
2018/6/27,500.4742,103,191,-294
2018/6/28,428.4742,120,193,-313
2018/6/29,375.7835,138,191,-329
2018/7/2,442.0928,135,205,-340
2018/7/3,440.0928,133,209,-342
2018/7/4,420.4021,146,205,-351
2018/7/5,415.4021,140,227,-367
2018/7/6,402.7835,143,239,-382
2018/7/9,352.7835,167,235,-402
2018/7/10,351.7113,178,212,-390
2018/7/11,355.3299,182,199,-381
2018/7/12,289.2577,193,206,-399
2018/7/13,316.567,180,165,-345
2018/7/16,317.567,186,210,-396
2018/7/17,334.567,186,220,-406
2018/7/18,335.567,190,216,-406
2018/7/19,343.4948,191,224,-415
2018/7/20,300.8763,200,218,-418
2018/7/23,295.4948,189,197,-386
2018/7/24,323.4948,172,191,-363
2018/7/25,289.4948,174,143,-317
2018/7/26,289.4948,142,128,-270
2018/7/27,201.1134,164,158,-322
2018/7/30,228.0412,152,161,-313
2018/7/31,187.0412,169,174,-343
2018/8/1,280.8969,181,196,-377
2018/8/2,242.6598,184,154,-338
2018/8/3,191.6598,187,156,-343
2018/8/6,175.2784,186,130,-316
2018/8/7,203.5155,180,122,-302
2018/8/8,204.5155,176,142,-318
2018/8/9,203.2062,177,132,-309
2018/8/10,250.8247,170,167,-337
2018/8/13,157.3711,189,190,-379
2018/8/14,216.6082,197,194,-391
2018/8/15,177.9897,199,182,-381
2018/8/16,183.6804,227,166,-393
2018/8/17,242.6082,247,172,-419
2018/8/20,230.0825,266,137,-403
2018/8/21,350.9381,247,146,-393
2018/8/22,384.866,199,144,-343
2018/8/23,438.866,211,153,-364
2018/8/24,364.2474,223,145,-368
2018/8/27,483.9381,211,187,-398
2018/8/28,445.6289,216,195,-411
2018/8/29,527.9381,220,230,-450
2018/8/30,528.701,244,257,-501
2018/8/31,519.4639,267,264,-531
2018/9/3,518.4639,265,295,-560
2018/9/4,490.4639,290,285,-575
2018/9/5,491.8454,280,287,-567
2018/9/6,436.8454,316,281,-597
2018/9/7,440.0825,315,273,-588
2018/9/10,414.2474,364,307,-671
2018/9/11,606.6289,311,371,-682
2018/9/12,576.0825,298,363,-661
2018/9/13,575.701,258,338,-596
2018/9/14,567.0103,270,373,-643
2018/9/17,577.6289,277,392,-669
2018/9/18,511.6289,304,375,-679
2018/9/19,564.5567,279,399,-678
2018/9/20,563.9381,253,429,-682
2018/9/21,508.0103,263,423,-686
2018/9/25,566.0825,265,476,-741
2018/9/26,572.3918,274,502,-776
2018/9/27,628.3918,252,556,-808
2018/9/28,640.8454,225,623,-848
2018/10/8,624.1546,267,655,-922
2018/10/9,566.4639,286,617,-903
2018/10/10,571.0825,269,700,-969
2018/10/11,539.1546,272,624,-896
2018/10/12,489.1546,293,554,-847
2018/10/15,465.7732,317,550,-867
2018/10/16,519.3918,320,-470,150
2018/10/17,460.0103,359,-531,172
2018/10/18,538.701,315,-483,168
2018/10/19,571.0825,308,-460,152
2018/10/22,503.0103,343,-507,164
2018/10/23,545.9381,330,-504,174
2018/10/24,518.5567,352,-538,186
2018/10/25,516.5567,373,-553,180
2018/10/26,542.4124,394,-592,198
2018/10/29,641.0309,372,-550,178
2018/10/30,619.0309,407,-590,183
2018/10/31,694.9588,407,-589,182
2018/11/1,764.9588,401,-567,166
2018/11/2,747.6495,395,-557,162
2018/11/5,739.6495,379,-545,166
2018/11/6,839.3402,335,-490,155
2018/11/7,830.1031,371,-524,153
2018/11/8,722.5567,402,-559,157
2018/11/9,775.5567,420,-566,146
2018/11/12,788.3918,364,-509,145
2018/11/13,737.4639,379,-522,143
2018/11/14,606.6082,395,-556,161
2018/11/15,654.6082,379,-532,153
2018/11/16,618.3711,372,-523,151
2018/11/19,612.8247,312,-465,153
2018/11/20,616.0412,274,-416,142
2018/11/21,520.6392,222,-365,143
2018/11/22,515.6392,281,-417,136
2018/11/23,601.0206,273,-384,111
2018/11/26,351.433,321,-429,108
2018/11/27,253.268,333,-444,111
2018/11/28,537.268,349,-466,117
2018/11/29,535.5773,298,-417,119
2018/11/30,586.5773,331,-451,120
2018/12/3,653.9072,362,-499,137
2018/12/4,561.3608,391,-541,150
2018/12/5,451.7423,335,-503,168
2018/12/6,488.1959,353,-499,146
2018/12/7,435.268,335,-481,146
2018/12/10,468.7216,342,-481,139
2018/12/11,422.7938,343,-481,138
2018/12/12,484.3402,314,-447,133
2018/12/13,413.268,302,-452,150
2018/12/14,407.8866,295,-448,153
2018/12/17,469.433,325,-488,163
2018/12/18,469.433,327,-503,176
2018/12/19,489.7423,338,-511,173
2018/12/20,433.7423,315,-503,188
2018/12/21,447.9794,333,-529,196
2018/12/24,494.6701,358,-553,195
2018/12/25,506.433,410,-604,194
2018/12/26,495.433,446,-660,214
2018/12/27,539.3608,490,-711,221
2018/12/28,541.6701,448,-669,221
2019/1/2,532.7423,452,-676,224
2019/1/3,459.7423,408,-653,245
2019/1/4,428.7423,380,-617,237
2019/1/7,394.7423,336,-563,227
2019/1/8,409.7423,361,-586,225
2019/1/9,438.6701,238,-425,187
2019/1/10,431.6701,126,-321,195
2019/1/11,427.2887,92,-284,192
2019/1/14,391.2887,75,-262,187
2019/1/15,457.5979,96,-277,181
2019/1/16,442.5979,-329,152,177
2019/1/17,446.2165,-326,140,186
2019/1/18,384.8351,-335,152,183
2019/1/21,414.0722,-326,146,180
2019/1/22,426.0722,-338,149,189
2019/1/23,425.3814,-363,150,213
2019/1/24,399.6907,-374,154,220
2019/1/25,369.6907,-389,168,221
2019/1/28,398.6907,-373,158,215
2019/1/29,404.6907,-378,158,220
2019/1/30,402.6907,-372,156,216
2019/1/31,372.6907,-384,160,224
2019/2/1,325.6907,-416,178,238
2019/2/11,265,-450,180,270
2019/2/12,305,-419,171,248
2019/2/13,388,-377,165,212
2019/2/14,406,-379,164,215
2019/2/15,449.7629,-355,150,205
2019/2/18,389.7629,-364,154,210
2019/2/19,383.4536,-338,152,186
2019/2/20,387.1443,-338,145,193
2019/2/21,361.4536,-349,147,202
2019/2/22,317.7629,-359,155,204
2019/2/25,366.7629,-337,156,181
2019/2/26,312.7629,-360,161,199
2019/2/27,333.7629,-354,161,193
2019/2/28,309.0722,-383,167,216
2019/3/1,295.6186,-408,174,234
2019/3/4,330.5464,-393,176,217
2019/3/5,348.5464,-398,173,225
2019/3/6,373.6186,-375,168,207
2019/3/7,248.3814,-414,177,237
2019/3/8,318,-402,172,230
2019/3/11,346.3814,-426,169,257
2019/3/12,275,-457,180,277
2019/3/13,330.9278,-448,178,270
2019/3/14,356.8557,-472,183,289
2019/3/15,368.2371,-454,175,279
2019/3/18,370.8557,-466,176,290
2019/3/19,374.1649,-470,178,292
2019/3/20,385.1649,-457,178,279
2019/3/21,390.1649,-449,179,270
2019/3/22,394.1649,-439,183,256
2019/3/25,449.5464,-399,168,231
2019/3/26,426.2371,-436,165,271
2019/3/27,420.2371,-453,167,286
2019/3/28,441.2371,-452,167,285
2019/3/29,362.9278,-467,177,290
2019/4/1,654.8557,-491,182,309
2019/4/2,612.4742,-476,198,278
2019/4/3,626.7113,-481,189,292
2019/4/4,630.0206,-489,193,296
2019/4/8,545.567,-516,216,300
2019/4/9,549.4948,-525,227,298
2019/4/10,532.4948,-531,237,294
2019/4/11,477.8763,-550,251,299
2019/4/12,481.567,-582,248,334
2019/4/15,498.1134,-585,245,340
2019/4/16,547.1134,-602,238,364
2019/4/17,532.1134,-613,245,368
2019/4/18,596.4948,-637,245,392
2019/4/19,568.4948,-640,244,396
2019/4/22,585.0412,-632,255,377
2019/4/23,590.732,-636,246,390
2019/4/24,586.8041,-651,248,403
2019/4/25,604.8041,-666,245,421
2019/4/26,577.8041,-667,255,412
2019/4/29,539.8041,-691,274,417
2019/4/30,488.8041,-648,285,363
2019/5/6,478.3299,-676,273,403
2019/5/7,487.9485,-663,280,383
2019/5/8,534.2577,-675,271,404
2019/5/9,528.2577,-671,271,400
2019/5/10,519.2577,-676,273,403
2019/5/13,574.2577,-766,261,505
2019/5/14,571.3299,-766,257,509
2019/5/15,530.3299,-977,281,696
2019/5/16,502.6392,,272,
2019/5/17,504.567,,278,
2019/5/20,495.567,,282,
2019/5/21,356.567,,301,
2019/5/22,417.1134,,296,
2019/5/23,415.1856,,295,
2019/5/24,376.2577,,296,
2019/5/27,402.6392,,287,
2019/5/28,389.3299,,276,
2019/5/29,388.7113,,272,
2019/5/30,436.7113,,259,
2019/5/31,443.0928,,257,
2019/6/3,465.4742,,250,
2019/6/4,417.1649,,249,
2019/6/5,404.8557,,251,
2019/6/6,394.2371,,252,
2019/6/10,373,,260,
2019/6/11,257,,273,
2019/6/12,314,,260,
2019/6/13,277.3814,,266,
2019/6/14,304.0722,,245,
2019/6/17,262.2887,,242,
2019/6/18,203.3608,,234,
2019/6/19,165.3608,,240,
2019/6/20,130.9794,,253,
2019/6/21,96.9794,,259,
2019/6/24,113.8351,,263,
2019/6/25,54.7629,,292,
2019/6/26,50.7629,,287,
2019/6/27,130.2371,,286,
2019/6/28,76.5464,,300,
2019/7/1,178.8763,,313,
2019/7/2,171.0206,,277,
2019/7/3,163.0928,,275,
2019/7/4,158.7835,,268,
2019/7/5,198.7835,,243,
2019/7/8,170.1649,,255,
2019/7/9,120.1649,,272,
2019/7/10,141.1649,,260,
2019/7/11,134.8557,,262,
2019/7/12,197.1649,,241,
2019/7/15,121.8557,184,248,-432
2019/7/16,135.4742,197,252,-449
2019/7/17,130.7835,196,251,-447
2019/7/18,204.4742,169,235,-404
2019/7/19,150.8557,176,225,-401
2019/7/22,224.4742,170,222,-392
2019/7/23,231.4742,160,220,-380
2019/7/24,252.8557,160,215,-375
2019/7/25,191.2371,167,224,-391
2019/7/26,201.5464,169,255,-424
2019/7/29,233.6186,154,227,-381
2019/7/30,204,152,235,-387
2019/7/31,219.6186,154,234,-388
2019/8/1,233.6907,141,211,-352
2019/8/2,212.1443,113,226,-339
2019/8/5,254.5258,105,228,-333
2019/8/6,259.2887,82,210,-292
2019/8/7,265.5979,64,211,-275
2019/8/8,283.9794,84,195,-279
2019/8/9,261.8866,61,186,-247
2019/8/12,165.5773,81,226,-307
2019/8/13,175.8866,75,237,-312
2019/8/14,213.8144,82,219,-301
2019/8/15,127.5773,102,245,-347
2019/8/16,106.9588,106,256,-362
2019/8/19,85.268,118,277,-395
2019/8/20,133.268,106,264,-370
2019/8/21,105.0309,130,260,-390
2019/8/22,393.6495,137,297,-434
2019/8/23,406.8866,139,269,-408
2019/8/26,449.9588,128,291,-419
2019/8/27,510.0309,104,294,-398
2019/8/28,474.0309,121,294,-415
2019/8/29,545.6495,113,321,-434
2019/8/30,471.9588,135,294,-429
2019/9/2,456.1959,140,295,-435
2019/9/3,470.5052,158,311,-469
2019/9/4,471.1237,164,323,-487
2019/9/5,496.3608,176,328,-504
2019/9/6,548.3608,170,343,-513
2019/9/9,428.0515,200,307,-507
2019/9/10,446.0515,195,330,-525
2019/9/11,433.7423,202,314,-516
2019/9/12,365.7423,214,292,-506
2019/9/16,350.7423,206,276,-482
2019/9/17,371.433,196,290,-486
2019/9/18,411.433,184,317,-501
2019/9/19,476.5052,166,344,-510
2019/9/20,475.1959,169,303,-472
2019/9/23,384.1237,194,264,-458
2019/9/24,437.7423,185,282,-467
2019/9/25,416.7423,191,271,-462
2019/9/26,459.433,185,270,-455
2019/9/27,446.8144,187,235,-422
2019/9/30,434.433,189,183,-372
2019/10/8,521.0515,172,245,-417
2019/10/9,512.0515,178,219,-397
2019/10/10,510.0515,176,170,-346
2019/10/11,466.5052,176,196,-372
2019/10/14,521.5052,151,293,-444
2019/10/15,506.8866,143,304,-447
2019/10/16,561.8866,102,-199,97
2019/10/17,528.8866,121,-225,104
2019/10/18,542.8866,121,-219,98
2019/10/21,562.8866,116,-213,97
2019/10/22,534.8866,126,-234,108
2019/10/23,540.8866,123,-223,100
2019/10/24,534.8866,126,-224,98
2019/10/25,508.8866,134,-236,102
2019/10/28,536.1959,125,-226,101
2019/10/29,535.8144,132,-238,106
2019/10/30,510.8144,145,-260,115
2019/10/31,527.1237,149,-260,111
2019/11/1,514.1237,149,-265,116
2019/11/4,522.433,156,-274,118
2019/11/5,470.433,180,-311,131
2019/11/6,484.0515,189,-319,130
2019/11/7,517.3608,181,-313,132
2019/11/8,523.3608,179,-307,128
2019/11/11,541.7423,158,-290,132
2019/11/12,476.0515,186,-331,145
2019/11/13,493.3608,181,-324,143
2019/11/14,424.3608,176,-339,163
2019/11/15,421.2887,185,-351,166
2019/11/18,451.5258,222,-387,165
2019/11/19,393.1443,266,-446,180
2019/11/20,424.3093,281,-466,185
2019/11/21,501.9278,253,-412,159
2019/11/22,465.9278,265,-425,160
2019/11/25,423.9278,280,-445,165
2019/11/26,540.8557,257,-401,144
2019/11/27,514.6186,236,-381,145
2019/11/28,492.6186,200,-357,157
2019/11/29,480.3093,193,-343,150
2019/12/2,425.0722,205,-347,142
2019/12/3,418.8351,196,-336,140
2019/12/4,414.8351,190,-337,147
2019/12/5,551.9794,181,-325,144
2019/12/6,508.6701,172,-325,153
2019/12/9,414.0515,157,-298,141
2019/12/10,409.7423,178,-321,143
2019/12/11,357.1237,206,-353,147
2019/12/12,349.5052,225,-369,144
2019/12/13,329.8866,203,-345,142
2019/12/16,352.268,217,-355,138
2019/12/17,307.0309,203,-339,136
2019/12/18,315.0309,212,-351,139
2019/12/19,283.3402,198,-344,146
2019/12/20,314.9588,212,-357,145
2019/12/23,304.5773,203,-353,150
2019/12/24,322.268,215,-359,144
2019/12/25,326.6495,210,-352,142
2019/12/26,282.6495,205,-355,150
2019/12/27,270.6495,216,-373,157
2019/12/30,276.9588,243,-398,155
2019/12/31,252.9588,213,-375,162
2020/1/2,285.268,195,-357,162
2020/1/3,289.268,207,-369,162
2020/1/6,273.268,191,-353,162
2020/1/7,258.268,174,-339,165
2020/1/8,204.9588,144,-316,172
2020/1/9,277.268,211,-373,162
2020/1/10,261.268,310,-472,162
2020/1/13,302.268,271,-421,150
2020/1/14,262.268,355,-514,159
2020/1/15,295.268,233,-382,149
2020/1/16,267.268,-277,120,157
2020/1/17,237.268,-280,122,158
2020/1/20,227.268,-288,126,162
2020/1/21,262.268,-276,119,157
2020/1/22,274.268,-269,117,152
2020/1/23,332.268,-238,101,137
2020/2/3,537.4124,-186,111,75
2020/2/4,458.4124,-155,133,22
2020/2/5,452.7938,-134,129,5
2020/2/6,445.7938,-112,127,-15
2020/2/7,414.4845,-91,129,-38
2020/2/10,393.2474,-78,139,-61
2020/2/11,306.2474,-111,142,-31
2020/2/12,294.2474,-122,146,-24
2020/2/13,292.9381,-107,149,-42
2020/2/14,269.3196,-91,146,-55
2020/2/17,240.3196,-83,159,-76
2020/2/18,246.3918,-77,152,-75
2020/2/19,242.3918,-89,147,-58
2020/2/20,176.3918,-112,152,-40
2020/2/21,151.3918,-131,144,-13
2020/2/24,201.6289,-131,142,-11
2020/2/25,188.6289,-116,143,-27
2020/2/26,230.6289,-103,144,-41
2020/2/27,238.0103,-83,135,-52
2020/2/28,249.8454,-68,126,-58
2020/3/2,90.6804,-83,134,-51
2020/3/3,101.9897,-64,131,-67
2020/3/4,56.299,-89,140,-51
2020/3/5,64.299,-88,128,-40
2020/3/6,92.299,-81,128,-47
2020/3/9,53.0619,-77,122,-45
2020/3/10,13.0619,-99,125,-26
2020/3/11,67.2268,-116,121,-5
2020/3/12,43.2268,-150,126,24
2020/3/13,5.5361,-184,128,56
2020/3/16,104.0103,-196,128,68
2020/3/17,81.3918,-177,130,47
2020/3/18,98.701,-196,133,63
2020/3/19,98.0825,-217,126,91
2020/3/20,287.701,-240,116,124
2020/3/23,335.4639,-234,104,130
2020/3/24,259.4639,-199,110,89
2020/3/25,271.3918,-205,107,98
2020/3/26,305.701,-219,105,114
2020/3/27,307.3918,-232,102,130
2020/3/30,373.7732,-264,100,164
2020/3/31,382.7732,-265,92,173
2020/4/1,426.1546,-279,96,183
2020/4/2,345.5361,-249,101,148
2020/4/3,406.1546,-274,105,169
2020/4/7,409.7732,-251,115,136
2020/4/8,382.0825,-252,123,129
2020/4/9,330.3918,-279,145,134
2020/4/10,273.701,-319,174,145
2020/4/13,280.3196,-312,158,154
2020/4/14,303.9381,-300,150,150
2020/4/15,325.2474,-295,143,152
2020/4/16,313.2474,-300,145,155
2020/4/17,337.866,-296,135,161
2020/4/20,356.866,-308,137,171
2020/4/21,371.5567,-312,142,170
2020/4/22,323.2474,-311,149,162
2020/4/23,378.5567,-314,141,173
2020/4/24,355.2474,-315,141,174
2020/4/27,351.3196,-330,133,197
2020/4/28,365.0103,-330,130,200
2020/4/29,355.0103,-317,133,184
2020/4/30,290.0103,-306,149,157
2020/5/6,285.6289,-312,145,167
2020/5/7,248.9381,-297,149,148
2020/5/8,246.2474,-241,157,84
2020/5/11,246.2474,-113,158,-45
2020/5/12,234.2474,-124,160,-36
2020/5/13,234.2474,-109,154,-45
2020/5/14,253.2474,-110,149,-39
2020/5/15,244.5567,-87,151,-64
2020/5/18,273.3402,95,156,-251
2020/5/19,301.1959,100,170,-270
2020/5/20,332.1959,96,155,-251
2020/5/21,295.1959,99,165,-264
2020/5/22,355.1959,91,159,-250
2020/5/25,332.268,88,164,-252
2020/5/26,339.268,85,173,-258
2020/5/27,338.268,90,166,-256
2020/5/28,334.268,92,163,-255
2020/5/29,273.8866,114,174,-288
2020/6/1,337.7423,111,175,-286
2020/6/2,311.6701,123,176,-299
2020/6/3,332.2887,125,175,-300
2020/6/4,370.5979,115,176,-291
2020/6/5,372.5979,,,
2020/6/8,360.5979,113,164,-277
2020/6/9,367.9072,115,163,-278
2020/6/10,379.2887,108,157,-265
2020/6/11,359.9794,115,157,-272
2020/6/12,329.9794,121,162,-283
2020/6/15,383.9794,110,151,-261
2020/6/16,356.9794,115,154,-269
2020/6/17,340.0515,112,149,-261
2020/6/18,310.0515,116,157,-273
2020/6/19,300.6701,130,149,-279
2020/6/22,346.2887,125,136,-261
2020/6/23,335.6701,124,138,-262
2020/6/24,315.3608,117,152,-269
2020/6/29,383.3608,105,139,-244
2020/6/30,370.3608,113,135,-248
2020/7/1,359.0515,113,130,-243
2020/7/2,341.7423,111,135,-246
2020/7/3,306.0515,115,140,-255
2020/7/6,317.3608,118,138,-256
2020/7/7,301.3608,120,141,-261
2020/7/8,264.2887,122,161,-283
2020/7/9,240.2887,127,164,-291
2020/7/10,276.2887,123,155,-278
2020/7/13,227.2887,130,148,-278
2020/7/14,232.5979,125,141,-266
2020/7/15,230.5979,121,141,-262
2020/7/16,273.5979,111,132,-243
2020/7/17,250.5979,116,141,-257
2020/7/20,254.9794,111,137,-248
2020/7/21,171.3608,120,151,-271
2020/7/22,194.5979,123,140,-263
2020/7/23,180.9072,122,151,-273
2020/7/24,250.2165,121,152,-273
2020/7/27,253.5979,111,151,-262
2020/7/28,252.5979,113,148,-261
2020/7/29,210.5979,118,159,-277
2020/7/30,209.5979,115,158,-273
2020/7/31,199.5979,119,150,-269
2020/8/3,161.2165,119,157,-276
2020/8/4,167.5258,123,162,-285
2020/8/5,175.5258,125,156,-281
2020/8/6,149.5258,140,130,-270
2020/8/7,175.5258,141,105,-246
2020/8/10,185.5258,140,95,-235
2020/8/11,212.5258,124,80,-204
2020/8/12,192.2165,132,76,-208
2020/8/13,206.2165,120,74,-194
2020/8/14,177.5979,133,75,-208
2020/8/17,134.2887,138,76,-214
2020/8/18,128.5979,124,64,-188
2020/8/19,182.5979,89,22,-111
2020/8/20,180.6701,74,30,-104
2020/8/21,152.3608,68,52,-120
2020/8/24,154.3608,71,49,-120
2020/8/25,162.3608,74,69,-143
2020/8/26,209.3608,88,51,-139
2020/8/27,218.3608,82,60,-142
2020/8/28,191.0515,85,50,-135
2020/8/31,166.6701,95,39,-134
2020/9/1,181.9794,88,34,-122
2020/9/2,188.2887,83,34,-117
2020/9/3,186.5979,76,31,-107
2020/9/4,222.5979,70,47,-117
2020/9/7,240.5979,71,57,-128
2020/9/8,236.9794,71,64,-135
2020/9/9,297.9794,54,73,-127
2020/9/10,295.3608,61,84,-145
2020/9/11,249.7423,63,88,-151
2020/9/14,281.6701,66,83,-149
2020/9/15,343.3608,51,98,-149
2020/9/16,360.3608,48,98,-146
2020/9/17,348.0515,66,70,-136
2020/9/18,322.0515,82,69,-151
2020/9/21,386.0515,65,69,-134
2020/9/22,367.433,71,77,-148
2020/9/23,362.433,71,80,-151
2020/9/24,352.433,74,76,-150
2020/9/25,382.433,63,89,-152
2020/9/28,364.433,70,87,-157
2020/9/29,368.433,72,84,-156
2020/9/30,354.7423,72,47,-119
2020/10/9,312.6701,68,5,-73
2020/10/12,329.2887,72,-27,-45
2020/10/13,348.5979,82,2,-84
2020/10/14,358.5979,78,7,-85
2020/10/15,343.9794,109,33,-142
2020/10/16,323.9794,121,-192,71
2020/10/19,355.2887,119,-189,70
2020/10/20,350.2887,126,-198,72
2020/10/21,316.2887,133,-218,85
2020/10/22,334.5979,127,-209,82
2020/10/23,360.5979,116,-196,80
2020/10/26,363.5979,124,-205,81
2020/10/27,360.5979,124,-204,80
2020/10/28,298.2887,138,-230,92
2020/10/29,308.5979,146,-231,85
2020/10/30,295.2165,149,-245,96
2020/11/2,309.1443,154,-249,95
2020/11/3,320.1443,153,-243,90
2020/11/4,285.4536,168,-268,100
2020/11/5,300.7629,171,-263,92
2020/11/6,266.7629,180,-279,99
2020/11/9,272.2371,188,-303,115
2020/11/10,398.0206,180,-286,106
2020/11/11,370.7113,190,-299,109
2020/11/12,381.7113,190,-299,109
2020/11/13,373.7113,193,-302,109
2020/11/16,299.8557,195,-304,109
2020/11/17,263.7835,207,-329,122
2020/11/18,286.0928,215,-340,125
2020/11/19,253.0928,227,-354,127
2020/11/20,226.4021,238,-371,133
2020/11/23,261.4742,233,-350,117
2020/11/24,252.1649,225,-344,119
2020/11/25,255.9278,166,-289,123
2020/11/26,236.9278,148,-264,116
2020/11/27,186.6186,149,-260,111
2020/11/30,173.6907,142,-256,114
2020/12/1,156.7629,128,-240,112
2020/12/2,135.7629,101,-226,125
2020/12/3,162.1443,92,-193,101
2020/12/4,107.5258,87,-197,110
2020/12/7,37.8351,68,-198,130
2020/12/8,124.4536,49,-167,118
2020/12/9,49.4536,30,-129,99
2020/12/10,39.6907,81,-181,100
2020/12/11,98.2371,92,-197,105
2020/12/14,132.9278,112,-204,92
2020/12/15,47.9278,106,-213,107
2020/12/16,-16.7629,82,-196,114
2020/12/17,-23.1443,88,-197,109
2020/12/18,-71.3608,60,-160,100
2020/12/21,21.7526,84,-193,109
2020/12/22,154.9897,74,-215,141
2020/12/23,147.2062,35,-177,142
2020/12/24,87.6598,-47,-74,121
2020/12/25,,-83,-43,126
2020/12/28,93.4227,-56,-62,118
2020/12/29,82.8041,-76,-47,123
2020/12/30,50.4948,-63,-50,113
2020/12/31,-71.1959,-175,46,129
2021/1/4,-45.5773,-149,32,117
2021/1/5,-38.9588,-164,36,128
2021/1/6,-18.9588,-145,14,131
2021/1/7,-86.6495,-215,85,130
2021/1/8,-87.7216,-198,54,144
2021/1/11,40.9691,-128,0,128
2021/1/12,61.9691,-135,11,124
2021/1/13,65.0412,-118,-7,125
2021/1/14,53.732,-129,6,123
2021/1/15,-1.9588,-168,48,120
2021/1/19,80.3505,-207,97,110
2021/1/20,58.3505,-216,96,120
2021/1/21,9.6598,-228,99,129
2021/1/22,94.9691,-209,98,111
2021/1/25,67.9691,-205,100,105
2021/1/26,106.5876,-186,96,90
2021/1/27,34.8969,-191,109,82
2021/1/28,155.2062,-158,107,51
2021/1/29,163.2062,-168,104,64
2021/2/1,209.2062,-160,96,64
2021/2/2,265.8969,-152,89,63
2021/2/3,244.8969,-153,92,61
2021/2/4,173.8969,-182,106,76
2021/2/5,134.8969,-200,109,91
2021/2/8,84.8969,-190,115,75
2021/2/9,-0.1031,-216,125,91
2021/2/10,15.8969,-206,124,82
2021/2/18,45.5361,-201,130,71
2021/2/19,133.0103,-212,134,78
2021/2/22,209.0309,-221,141,80
2021/2/23,280.268,-212,138,74
2021/2/24,193.6495,-228,143,85
2021/2/25,125.6495,-229,142,87
2021/2/26,134.6495,-233,151,82
2021/3/1,152.0309,-212,145,67
2021/3/2,59.0309,-254,179,75
2021/3/3,52.1237,-239,179,60
2021/3/4,45.1237,-211,166,45
2021/3/5,136.268,-170,128,42
2021/3/8,142.1237,-172,129,43
2021/3/9,302.1237,-127,111,16
2021/3/10,232.9588,-146,115,31
2021/3/11,134.9588,-172,120,52
2021/3/12,144.5052,-207,141,66
2021/3/15,86.5052,-227,152,75
2021/3/16,172.5052,-209,144,65
2021/3/17,88.5052,-229,155,74
2021/3/18,104.1959,-224,156,68
2021/3/19,127.5052,-206,134,72
2021/3/22,203.2887,-175,131,44
2021/3/23,210.0515,-159,120,39
2021/3/24,129.6701,-214,134,80
2021/3/25,160.9794,-211,136,75
2021/3/26,52.9072,-249,141,108
2021/3/29,129.3093,-242,150,92
2021/3/30,136.3093,-218,155,63
2021/3/31,175.6186,-233,148,85
2021/4/1,159.1649,-228,159,69
2021/4/2,170.1134,-220,182,38
2021/4/6,260.5155,-221,188,33
2021/4/7,344.134,-182,172,10
2021/4/8,356.4433,-189,180,9
2021/4/9,403.4433,-197,173,24
2021/4/12,393.6598,-194,157,37
2021/4/13,283.2784,-198,180,18
2021/4/14,293.5876,-205,185,20
2021/4/15,302.5876,-201,187,14
2021/4/16,293.5876,-187,169,18
2021/4/19,327.5876,-159,140,19
2021/4/20,223.9691,-161,158,3
2021/4/21,200.9691,-153,158,-5
2021/4/22,191.2784,-124,137,-13
2021/4/23,120.8969,-78,127,-49
2021/4/26,121.0619,-82,99,-17
2021/4/27,101.6804,-89,109,-20
2021/4/28,154.6804,-83,110,-27
2021/4/29,60.6804,-59,117,-58
2021/4/30,121.6804,-71,110,-39
2021/5/6,126.0309,52,130,-182
2021/5/7,298.5979,27,113,-140
2021/5/10,634.701,2,125,-127
2021/5/11,643.1753,101,99,-200
2021/5/12,547.866,27,109,-136
2021/5/13,762.6289,-15,130,-115
2021/5/14,778.8969,-46,106,-60
2021/5/17,597.0928,-159,175,-16
2021/5/18,572.7835,101,176,-277
2021/5/19,595.433,96,128,-224
2021/5/20,605.0309,109,127,-236
2021/5/21,648.1031,91,129,-220
2021/5/24,590.2268,91,118,-209
,,,,
,,,,
,,,,
