Date,Myspic综合钢价指数,MySpic指数:螺纹
1997-01-01,107.00 ,107.00 
1997-02-01,107.00 ,107.00 
1997-03-01,107.00 ,106.00 
1997-04-01,106.00 ,106.00 
1997-05-01,106.00 ,105.00 
1997-06-01,104.00 ,104.00 
1997-07-01,103.00 ,103.00 
1997-08-01,102.00 ,102.00 
1997-09-01,102.00 ,102.00 
1997-10-01,101.00 ,102.00 
1997-11-01,101.00 ,102.00 
1997-12-01,100.00 ,101.00 
1998-01-01,100.00 ,102.00 
1998-02-01,98.00 ,100.00 
1998-03-01,98.00 ,100.00 
1998-04-01,96.00 ,97.00 
1998-05-01,95.00 ,98.00 
1998-06-01,94.00 ,95.00 
1998-07-01,92.00 ,94.00 
1998-08-01,91.00 ,93.00 
1998-09-01,91.00 ,95.00 
1998-10-01,91.00 ,94.00 
1998-11-01,91.00 ,94.00 
1998-12-01,89.00 ,92.00 
1999-01-01,89.00 ,90.00 
1999-02-01,90.00 ,90.00 
1999-03-01,89.00 ,89.00 
1999-04-01,88.00 ,89.00 
1999-05-01,89.00 ,88.00 
1999-06-01,89.00 ,88.00 
1999-07-01,88.00 ,87.00 
1999-08-01,87.00 ,85.00 
1999-09-01,87.00 ,85.00 
1999-10-01,86.00 ,84.00 
1999-11-01,87.00 ,83.00 
1999-12-01,87.00 ,84.00 
1999-12-31,,82.00 
2000-01-07,,82.00 
2000-01-14,,82.00 
2000-01-21,,82.00 
2000-01-28,88.00 ,82.00 
2000-02-04,,82.00 
2000-02-11,,82.00 
2000-02-18,,82.00 
2000-02-25,88.00 ,83.00 
2000-03-03,,83.00 
2000-03-10,,83.00 
2000-03-17,,84.00 
2000-03-24,106.00 ,84.00 
2000-03-31,,85.00 
2000-04-07,,93.00 
2000-04-14,,105.00 
2000-04-21,,112.00 
2000-04-28,103.00 ,111.00 
2000-05-05,,110.00 
2000-05-12,,110.00 
2000-05-19,,105.00 
2000-05-26,101.00 ,104.00 
2000-06-02,,103.00 
2000-06-09,,103.00 
2000-06-16,,100.00 
2000-06-23,100.00 ,99.00 
2000-06-30,,99.00 
2000-07-07,,99.00 
2000-07-14,,100.00 
2000-07-21,,100.00 
2000-07-28,100.00 ,100.00 
2000-08-04,100.00 ,100.00 
2000-08-11,100.00 ,100.00 
2000-08-18,100.00 ,100.00 
2000-08-25,100.00 ,100.00 
2000-09-01,100.00 ,100.00 
2000-09-08,100.00 ,100.00 
2000-09-15,100.00 ,99.00 
2000-09-22,100.00 ,99.00 
2000-09-29,100.00 ,99.00 
2000-10-06,100.00 ,99.00 
2000-10-13,100.00 ,99.00 
2000-10-20,100.00 ,99.00 
2000-10-27,100.00 ,99.00 
2000-11-03,99.00 ,97.00 
2000-11-10,99.00 ,97.00 
2000-11-17,98.00 ,97.00 
2000-11-24,98.00 ,97.00 
2000-12-01,98.00 ,96.00 
2000-12-08,97.00 ,96.00 
2000-12-15,97.00 ,96.00 
2000-12-22,97.00 ,95.00 
2000-12-29,97.00 ,95.00 
2001-01-05,95.00 ,94.00 
2001-01-12,94.00 ,94.00 
2001-01-19,94.00 ,94.00 
2001-01-26,94.00 ,94.00 
2001-02-02,95.00 ,96.00 
2001-02-09,95.00 ,96.00 
2001-02-16,95.00 ,97.00 
2001-02-23,96.00 ,98.00 
2001-03-02,96.00 ,99.00 
2001-03-09,96.00 ,98.00 
2001-03-16,96.00 ,99.00 
2001-03-23,96.00 ,100.00 
2001-03-30,97.00 ,100.00 
2001-04-06,96.00 ,100.00 
2001-04-13,96.00 ,100.00 
2001-04-20,96.00 ,100.00 
2001-04-27,96.00 ,100.00 
2001-05-04,96.00 ,99.00 
2001-05-11,96.00 ,99.00 
2001-05-18,95.00 ,98.00 
2001-05-25,95.00 ,98.00 
2001-06-01,94.00 ,98.00 
2001-06-08,94.00 ,97.00 
2001-06-15,94.00 ,96.00 
2001-06-22,93.00 ,96.00 
2001-06-29,93.00 ,95.00 
2001-07-06,92.00 ,95.00 
2001-07-13,92.00 ,95.00 
2001-07-20,92.00 ,95.00 
2001-07-27,92.00 ,94.00 
2001-08-03,91.00 ,94.00 
2001-08-10,91.00 ,93.00 
2001-08-17,90.00 ,93.00 
2001-08-24,90.00 ,93.00 
2001-08-31,89.00 ,92.00 
2001-09-07,89.00 ,92.00 
2001-09-14,88.00 ,92.00 
2001-09-21,88.00 ,92.00 
2001-09-28,88.00 ,91.00 
2001-10-05,87.00 ,91.00 
2001-10-12,87.00 ,91.00 
2001-10-19,86.00 ,90.00 
2001-10-26,86.00 ,90.00 
2001-11-02,85.00 ,89.00 
2001-11-09,84.00 ,89.00 
2001-11-16,84.00 ,88.00 
2001-11-23,83.00 ,88.00 
2001-11-30,83.00 ,86.00 
2001-12-07,82.00 ,86.00 
2001-12-14,82.00 ,85.00 
2001-12-21,81.00 ,84.00 
2001-12-28,81.00 ,84.00 
2002-01-04,81.00 ,84.00 
2002-01-11,82.00 ,85.00 
2002-01-18,82.00 ,85.00 
2002-01-25,82.00 ,85.00 
2002-02-01,83.00 ,86.00 
2002-02-08,83.00 ,86.00 
2002-02-15,83.00 ,86.00 
2002-02-22,84.00 ,88.00 
2002-03-01,86.00 ,89.00 
2002-03-08,86.00 ,90.00 
2002-03-15,86.00 ,89.00 
2002-03-22,87.00 ,90.00 
2002-03-29,87.00 ,88.00 
2002-04-05,87.00 ,88.00 
2002-04-12,88.00 ,88.00 
2002-04-19,89.00 ,88.00 
2002-04-26,90.00 ,88.00 
2002-05-03,91.00 ,88.00 
2002-05-10,93.00 ,89.00 
2002-05-17,94.00 ,89.00 
2002-05-24,94.00 ,90.00 
2002-05-31,94.00 ,90.00 
2002-06-07,94.00 ,89.00 
2002-06-14,94.00 ,89.00 
2002-06-21,94.00 ,89.00 
2002-06-28,93.00 ,88.00 
2002-07-05,93.00 ,88.00 
2002-07-12,92.00 ,88.00 
2002-07-19,92.00 ,88.00 
2002-07-26,92.00 ,88.00 
2002-08-02,92.00 ,87.00 
2002-08-09,92.00 ,87.00 
2002-08-16,93.00 ,87.00 
2002-08-23,93.00 ,87.00 
2002-08-30,94.00 ,87.00 
2002-09-06,94.00 ,87.00 
2002-09-13,94.00 ,88.00 
2002-09-20,95.00 ,88.00 
2002-09-27,95.00 ,88.00 
2002-10-04,95.00 ,88.00 
2002-10-11,96.00 ,88.00 
2002-10-18,97.00 ,89.00 
2002-10-25,97.00 ,90.00 
2002-11-01,98.00 ,90.00 
2002-11-08,98.00 ,90.00 
2002-11-15,99.00 ,93.00 
2002-11-22,100.00 ,96.00 
2002-11-29,102.00 ,100.00 
2002-12-06,102.00 ,100.00 
2002-12-13,104.00 ,101.00 
2002-12-20,105.00 ,100.00 
2002-12-27,106.00 ,99.00 
2003-01-03,107.00 ,100.00 
2003-01-10,109.00 ,101.00 
2003-01-17,110.00 ,102.00 
2003-01-24,112.00 ,104.00 
2003-01-31,112.00 ,105.00 
2003-02-07,113.00 ,105.00 
2003-02-14,115.00 ,107.00 
2003-02-21,116.00 ,107.00 
2003-02-28,116.00 ,108.00 
2003-03-07,116.00 ,108.00 
2003-03-14,115.00 ,108.00 
2003-03-21,114.00 ,107.00 
2003-03-28,114.00 ,106.00 
2003-04-04,113.00 ,107.00 
2003-04-11,111.00 ,107.00 
2003-04-18,110.00 ,106.00 
2003-04-25,109.00 ,106.00 
2003-05-02,109.00 ,106.00 
2003-05-09,110.00 ,108.00 
2003-05-16,110.00 ,109.00 
2003-05-23,110.00 ,109.00 
2003-05-30,110.00 ,110.00 
2003-06-06,111.00 ,112.00 
2003-06-13,112.00 ,115.00 
2003-06-20,114.00 ,118.00 
2003-06-27,118.00 ,124.00 
2003-07-04,123.00 ,130.00 
2003-07-11,125.00 ,131.00 
2003-07-18,125.00 ,130.00 
2003-07-25,124.00 ,129.00 
2003-08-01,124.00 ,126.00 
2003-08-08,123.00 ,125.00 
2003-08-15,122.00 ,124.00 
2003-08-22,121.00 ,122.00 
2003-08-29,120.00 ,121.00 
2003-09-05,119.00 ,119.00 
2003-09-12,119.00 ,118.00 
2003-09-19,119.00 ,118.00 
2003-09-26,119.00 ,118.00 
2003-10-03,120.00 ,118.00 
2003-10-10,121.00 ,120.00 
2003-10-17,122.00 ,122.00 
2003-10-24,124.00 ,125.00 
2003-10-31,128.00 ,132.00 
2003-11-07,131.00 ,136.00 
2003-11-14,131.00 ,135.00 
2003-11-21,131.00 ,134.00 
2003-11-28,132.00 ,136.00 
2003-12-05,136.00 ,142.00 
2003-12-12,140.00 ,148.00 
2003-12-19,144.00 ,156.00 
2003-12-26,145.00 ,156.00 
2004-01-02,146.00 ,157.00 
2004-01-09,147.00 ,156.00 
2004-01-16,147.00 ,156.00 
2004-01-23,147.00 ,156.00 
2004-01-30,149.00 ,156.00 
2004-02-06,152.00 ,160.00 
2004-02-13,154.00 ,161.00 
2004-02-20,157.00 ,163.00 
2004-02-27,158.00 ,163.00 
2004-03-05,158.00 ,162.00 
2004-03-12,156.00 ,159.00 
2004-03-19,156.00 ,157.00 
2004-03-26,155.00 ,155.00 
2004-04-02,155.00 ,153.00 
2004-04-09,153.00 ,149.00 
2004-04-16,150.00 ,143.00 
2004-04-23,146.00 ,133.00 
2004-04-30,141.00 ,127.00 
2004-05-07,138.00 ,123.00 
2004-05-14,130.00 ,112.00 
2004-05-21,125.00 ,111.00 
2004-05-28,127.00 ,117.00 
2004-06-04,128.00 ,121.00 
2004-06-11,132.00 ,129.00 
2004-06-18,136.00 ,132.00 
2004-06-25,135.00 ,129.00 
2004-07-02,135.00 ,128.00 
2004-07-09,136.00 ,130.00 
2004-07-16,138.00 ,132.00 
2004-07-23,144.00 ,140.00 
2004-07-30,149.00 ,147.00 
2004-08-06,149.00 ,143.00 
2004-08-13,148.00 ,142.00 
2004-08-20,147.00 ,140.00 
2004-08-27,148.00 ,141.00 
2004-09-03,149.00 ,142.00 
2004-09-10,149.00 ,141.00 
2004-09-17,148.00 ,140.00 
2004-09-24,147.00 ,139.00 
2004-10-01,147.00 ,139.00 
2004-10-08,148.00 ,140.00 
2004-10-15,148.00 ,140.00 
2004-10-22,148.00 ,140.00 
2004-10-29,148.00 ,140.00 
2004-11-05,148.00 ,141.00 
2004-11-12,148.00 ,141.00 
2004-11-19,148.00 ,141.00 
2004-11-26,147.00 ,140.00 
2004-12-03,147.00 ,139.00 
2004-12-10,147.00 ,138.00 
2004-12-17,148.00 ,139.00 
2004-12-24,150.00 ,139.00 
2004-12-31,150.00 ,139.00 
2005-01-07,152.00 ,142.00 
2005-01-14,154.00 ,144.00 
2005-01-21,155.00 ,144.00 
2005-01-28,156.00 ,143.00 
2005-02-04,156.00 ,143.00 
2005-02-11,156.00 ,143.00 
2005-02-18,156.00 ,144.00 
2005-02-25,157.00 ,144.00 
2005-03-04,159.00 ,147.00 
2005-03-11,165.00 ,154.00 
2005-03-18,165.00 ,152.00 
2005-03-25,165.00 ,151.00 
2005-04-01,164.00 ,150.00 
2005-04-08,161.00 ,145.00 
2005-04-15,158.00 ,141.00 
2005-04-22,154.00 ,138.00 
2005-04-29,154.00 ,139.00 
2005-05-06,155.00 ,140.00 
2005-05-13,153.00 ,137.00 
2005-05-20,150.00 ,133.00 
2005-05-27,148.00 ,131.00 
2005-06-03,144.00 ,126.00 
2005-06-10,140.00 ,124.00 
2005-06-17,136.00 ,122.00 
2005-06-24,131.00 ,121.00 
2005-07-01,130.00 ,124.00 
2005-07-08,135.00 ,130.00 
2005-07-15,134.00 ,130.00 
2005-07-22,135.00 ,133.00 
2005-07-29,135.00 ,133.00 
2005-08-05,136.00 ,136.00 
2005-08-12,135.00 ,135.00 
2005-08-19,134.00 ,133.00 
2005-08-26,132.00 ,131.00 
2005-09-02,132.00 ,131.00 
2005-09-09,130.00 ,130.00 
2005-09-16,128.00 ,128.00 
2005-09-23,125.00 ,126.00 
2005-09-30,123.00 ,125.00 
2005-10-07,123.00 ,125.00 
2005-10-14,117.00 ,120.00 
2005-10-21,114.00 ,119.00 
2005-10-28,114.00 ,119.00 
2005-11-04,115.00 ,121.00 
2005-11-11,113.00 ,119.00 
2005-11-18,113.00 ,120.00 
2005-11-25,112.00 ,120.00 
2005-12-02,111.00 ,121.00 
2005-12-09,111.00 ,121.00 
2005-12-16,110.00 ,120.00 
2005-12-23,110.00 ,119.00 
2005-12-30,109.00 ,118.00 
2006-01-06,109.00 ,117.00 
2006-01-13,109.00 ,116.00 
2006-01-20,109.00 ,116.00 
2006-01-27,110.00 ,117.00 
2006-02-03,110.00 ,117.00 
2006-02-10,111.00 ,118.00 
2006-02-17,113.00 ,117.00 
2006-02-24,114.00 ,117.00 
2006-03-03,118.00 ,119.00 
2006-03-10,122.00 ,121.00 
2006-03-17,122.00 ,120.00 
2006-03-24,122.00 ,120.00 
2006-03-31,123.00 ,123.00 
2006-04-07,126.00 ,125.00 
2006-04-14,126.00 ,124.00 
2006-04-21,126.00 ,124.00 
2006-04-28,126.00 ,125.00 
2006-05-05,126.00 ,125.00 
2006-05-12,129.00 ,126.00 
2006-05-19,131.00 ,127.00 
2006-05-26,134.00 ,131.00 
2006-06-02,140.00 ,134.00 
2006-06-09,143.00 ,134.00 
2006-06-16,142.00 ,134.00 
2006-06-23,140.00 ,130.00 
2006-06-30,136.00 ,127.00 
2006-07-07,131.00 ,121.00 
2006-07-14,126.00 ,119.00 
2006-07-21,123.00 ,119.00 
2006-07-28,122.00 ,119.00 
2006-08-04,123.00 ,120.00 
2006-08-11,124.00 ,120.00 
2006-08-18,123.00 ,120.00 
2006-08-25,124.00 ,121.00 
2006-09-01,125.00 ,122.00 
2006-09-08,126.00 ,124.00 
2006-09-15,126.00 ,123.00 
2006-09-22,126.00 ,123.00 
2006-09-29,126.00 ,124.00 
2006-10-06,126.00 ,124.00 
2006-10-13,126.00 ,123.00 
2006-10-20,125.00 ,122.00 
2006-10-27,124.00 ,121.00 
2006-11-03,124.00 ,122.00 
2006-11-10,124.00 ,123.00 
2006-11-17,124.00 ,123.00 
2006-11-24,123.00 ,122.00 
2006-12-01,124.00 ,122.00 
2006-12-08,124.00 ,122.00 
2006-12-15,124.00 ,123.00 
2006-12-22,124.00 ,123.00 
2006-12-29,126.00 ,124.00 
2007-01-05,127.00 ,125.00 
2007-01-12,130.00 ,128.00 
2007-01-19,130.00 ,129.00 
2007-01-26,131.00 ,130.00 
2007-02-02,132.00 ,132.00 
2007-02-09,133.00 ,132.00 
2007-02-16,133.00 ,132.00 
2007-02-23,133.00 ,132.00 
2007-03-02,134.00 ,133.00 
2007-03-09,134.00 ,133.00 
2007-03-16,134.00 ,132.00 
2007-03-23,133.00 ,132.00 
2007-03-30,133.30 ,132.40 
2007-04-06,133.60 ,133.60 
2007-04-13,134.20 ,132.70 
2007-04-20,135.80 ,135.40 
2007-04-27,138.10 ,137.70 
2007-05-04,140.20 ,142.30 
2007-05-11,143.80 ,144.60 
2007-05-18,144.90 ,145.50 
2007-05-25,141.30 ,140.50 
2007-06-01,140.20 ,139.60 
2007-06-08,137.60 ,136.70 
2007-06-15,136.30 ,135.90 
2007-06-22,137.50 ,138.20 
2007-06-29,137.60 ,138.70 
2007-07-06,137.20 ,138.60 
2007-07-13,137.50 ,139.60 
2007-07-20,138.00 ,140.70 
2007-07-27,140.30 ,144.40 
2007-08-03,142.70 ,147.90 
2007-08-10,143.20 ,147.50 
2007-08-17,144.90 ,149.90 
2007-08-24,147.90 ,154.20 
2007-08-31,150.60 ,157.40 
2007-09-07,153.80 ,161.80 
2007-09-14,154.10 ,160.70 
2007-09-21,152.50 ,158.90 
2007-09-28,151.90 ,158.10 
2007-10-05,151.80 ,157.90 
2007-10-12,153.20 ,160.40 
2007-10-19,153.20 ,161.20 
2007-10-26,153.90 ,162.50 
2007-11-02,154.40 ,163.60 
2007-11-09,155.80 ,165.60 
2007-11-16,159.60 ,172.00 
2007-11-23,160.80 ,172.40 
2007-11-30,166.30 ,180.10 
2007-12-07,172.70 ,185.90 
2007-12-14,172.50 ,185.80 
2007-12-21,170.20 ,181.90 
2007-12-28,168.90 ,178.80 
2008-01-04,170.20 ,179.70 
2008-01-11,170.70 ,179.80 
2008-01-18,170.10 ,178.00 
2008-01-25,169.90 ,177.30 
2008-02-01,170.70 ,178.40 
2008-02-08,170.50 ,177.90 
2008-02-15,172.80 ,180.70 
2008-02-22,184.20 ,193.30 
2008-02-29,189.70 ,196.90 
2008-03-07,193.70 ,199.80 
2008-03-14,193.10 ,198.80 
2008-03-21,192.60 ,198.20 
2008-03-28,193.70 ,199.90 
2008-04-04,195.70 ,201.80 
2008-04-11,197.60 ,204.80 
2008-04-18,199.00 ,206.90 
2008-04-25,203.90 ,214.10 
2008-05-02,207.60 ,218.20 
2008-05-09,214.70 ,224.90 
2008-05-16,216.70 ,225.20 
2008-05-23,214.70 ,221.60 
2008-05-30,217.40 ,223.50 
2008-06-06,219.90 ,225.10 
2008-06-13,219.50 ,223.20 
2008-06-20,215.30 ,217.00 
2008-06-27,215.50 ,218.00 
2008-07-04,216.00 ,219.20 
2008-07-11,215.90 ,219.20 
2008-07-18,215.40 ,219.00 
2008-07-25,213.70 ,217.20 
2008-08-01,211.80 ,215.90 
2008-08-08,209.00 ,214.40 
2008-08-15,204.60 ,210.80 
2008-08-22,196.90 ,205.00 
2008-08-29,192.50 ,201.00 
2008-09-05,195.10 ,204.30 
2008-09-12,189.80 ,198.20 
2008-09-19,185.30 ,195.40 
2008-09-26,177.20 ,188.80 
2008-10-03,174.90 ,185.90 
2008-10-10,153.50 ,162.10 
2008-10-17,133.40 ,139.70 
2008-10-24,133.40 ,141.50 
2008-10-31,135.90 ,148.40 
2008-11-07,131.00 ,144.10 
2008-11-14,127.70 ,142.30 
2008-11-21,130.40 ,143.60 
2008-11-28,130.80 ,143.20 
2008-12-05,134.00 ,146.80 
2008-12-12,133.70 ,146.40 
2008-12-19,133.70 ,146.30 
2008-12-26,134.40 ,146.50 
2009-01-02,136.50 ,147.50 
2009-01-09,139.80 ,150.70 
2009-01-16,140.10 ,151.20 
2009-01-23,140.90 ,151.90 
2009-01-30,140.90 ,151.90 
2009-02-06,145.70 ,158.90 
2009-02-13,141.00 ,153.70 
2009-02-20,132.10 ,143.40 
2009-02-27,129.90 ,141.20 
2009-03-06,125.60 ,136.10 
2009-03-13,124.30 ,134.20 
2009-03-20,123.40 ,132.80 
2009-03-27,123.90 ,134.00 
2009-04-03,122.20 ,132.10 
2009-04-10,121.30 ,131.90 
2009-04-17,123.20 ,135.60 
2009-04-24,122.60 ,134.20 
2009-05-01,124.40 ,137.30 
2009-05-08,125.70 ,138.10 
2009-05-15,128.70 ,141.30 
2009-05-22,129.50 ,142.60 
2009-05-29,129.60 ,142.50 
2009-06-05,131.80 ,145.60 
2009-06-12,132.10 ,144.90 
2009-06-19,134.80 ,147.40 
2009-06-26,139.10 ,152.60 
2009-07-03,138.90 ,152.60 
2009-07-10,140.60 ,155.20 
2009-07-17,144.60 ,159.30 
2009-07-24,147.00 ,161.30 
2009-07-31,155.40 ,174.20 
2009-08-07,165.40 ,184.80 
2009-08-14,152.80 ,167.20 
2009-08-21,143.30 ,156.90 
2009-08-28,139.20 ,150.20 
2009-09-04,134.70 ,144.10 
2009-09-11,134.40 ,144.70 
2009-09-18,133.70 ,144.20 
2009-09-25,132.50 ,143.70 
2009-10-09,130.70 ,141.70 
2009-10-16,128.20 ,138.40 
2009-10-23,130.90 ,141.70 
2009-10-30,132.40 ,143.30 
2009-11-06,133.30 ,144.20 
2009-11-13,136.00 ,146.80 
2009-11-20,135.40 ,146.60 
2009-11-27,137.60 ,148.90 
2009-12-04,137.60 ,148.30 
2009-12-11,137.30 ,147.10 
2009-12-18,138.90 ,148.60 
2009-12-25,141.10 ,150.10 
2010-01-01,143.20 ,152.70 
2010-01-04,146.20 ,154.80 
2010-01-05,146.70 ,155.50 
2010-01-06,147.30 ,156.00 
2010-01-07,147.90 ,156.70 
2010-01-08,147.30 ,155.90 
2010-01-11,147.00 ,154.80 
2010-01-12,147.10 ,154.70 
2010-01-13,147.10 ,154.70 
2010-01-14,147.00 ,154.60 
2010-01-15,146.90 ,154.50 
2010-01-18,146.20 ,153.80 
2010-01-19,146.00 ,153.40 
2010-01-20,145.70 ,152.90 
2010-01-21,145.20 ,152.50 
2010-01-22,144.90 ,152.40 
2010-01-25,144.60 ,152.10 
2010-01-26,144.40 ,151.90 
2010-01-27,143.90 ,151.10 
2010-01-28,143.90 ,150.80 
2010-01-29,143.80 ,150.70 
2010-02-01,143.90 ,150.70 
2010-02-02,144.00 ,151.20 
2010-02-03,143.90 ,151.30 
2010-02-04,143.90 ,151.30 
2010-02-05,143.70 ,151.10 
2010-02-08,143.80 ,151.10 
2010-02-09,143.80 ,151.10 
2010-02-10,143.80 ,151.10 
2010-02-11,143.80 ,151.10 
2010-02-12,143.80 ,151.10 
2010-02-19,143.80 ,151.10 
2010-02-20,143.90 ,151.10 
2010-02-21,144.10 ,151.10 
2010-02-22,144.60 ,151.20 
2010-02-23,144.80 ,151.40 
2010-02-24,144.90 ,151.40 
2010-02-25,144.60 ,151.20 
2010-02-26,144.70 ,151.20 
2010-03-01,145.60 ,151.70 
2010-03-02,146.00 ,151.80 
2010-03-03,146.00 ,151.60 
2010-03-04,146.20 ,151.30 
2010-03-05,146.10 ,151.20 
2010-03-08,146.30 ,151.30 
2010-03-09,147.20 ,152.50 
2010-03-10,148.20 ,153.40 
2010-03-11,149.80 ,156.00 
2010-03-12,150.80 ,157.20 
2010-03-15,152.90 ,159.90 
2010-03-16,155.10 ,162.90 
2010-03-17,156.20 ,164.20 
2010-03-18,156.00 ,164.00 
2010-03-19,155.90 ,163.70 
2010-03-22,156.60 ,163.50 
2010-03-23,157.70 ,165.50 
2010-03-24,158.30 ,167.00 
2010-03-25,159.60 ,169.00 
2010-03-26,160.70 ,170.30 
2010-03-29,162.10 ,172.10 
2010-03-30,162.70 ,173.30 
2010-03-31,162.70 ,173.00 
2010-04-01,162.70 ,172.80 
2010-04-02,162.90 ,172.70 
2010-04-06,164.70 ,175.90 
2010-04-07,166.00 ,177.80 
2010-04-08,166.90 ,179.00 
2010-04-09,167.20 ,179.20 
2010-04-12,168.80 ,181.50 
2010-04-13,170.00 ,182.80 
2010-04-14,170.30 ,182.80 
2010-04-15,170.00 ,182.00 
2010-04-16,169.60 ,180.90 
2010-04-19,169.70 ,181.70 
2010-04-20,169.20 ,181.00 
2010-04-21,169.00 ,180.10 
2010-04-22,169.00 ,179.80 
2010-04-23,169.00 ,179.60 
2010-04-26,168.70 ,179.30 
2010-04-27,168.20 ,179.10 
2010-04-28,167.50 ,178.10 
2010-04-29,166.80 ,176.90 
2010-04-30,166.80 ,176.80 
2010-05-04,167.00 ,177.70 
2010-05-05,167.30 ,177.80 
2010-05-06,167.40 ,178.00 
2010-05-07,167.10 ,177.80 
2010-05-10,166.50 ,176.50 
2010-05-11,165.60 ,175.10 
2010-05-12,164.00 ,173.30 
2010-05-13,161.90 ,169.90 
2010-05-14,160.70 ,167.50 
2010-05-17,158.70 ,165.00 
2010-05-18,156.70 ,162.30 
2010-05-19,155.90 ,161.00 
2010-05-20,156.10 ,162.00 
2010-05-21,156.80 ,163.60 
2010-05-24,157.10 ,164.00 
2010-05-25,157.50 ,164.50 
2010-05-26,157.40 ,164.70 
2010-05-27,157.00 ,164.10 
2010-05-28,157.00 ,163.90 
2010-05-31,156.70 ,163.50 
2010-06-01,156.10 ,162.60 
2010-06-02,155.80 ,162.00 
2010-06-03,155.30 ,161.10 
2010-06-04,155.00 ,160.90 
2010-06-07,153.90 ,159.70 
2010-06-08,153.30 ,158.90 
2010-06-09,152.60 ,158.10 
2010-06-10,152.30 ,157.70 
2010-06-11,152.10 ,157.80 
2010-06-12,152.00 ,157.80 
2010-06-13,151.80 ,158.00 
2010-06-17,151.90 ,158.20 
2010-06-18,151.90 ,158.60 
2010-06-21,151.60 ,158.50 
2010-06-22,151.70 ,158.70 
2010-06-23,151.50 ,158.90 
2010-06-24,151.30 ,159.00 
2010-06-25,151.10 ,158.90 
2010-06-28,150.50 ,158.00 
2010-06-29,149.80 ,157.20 
2010-06-30,148.80 ,156.00 
2010-07-01,147.90 ,155.10 
2010-07-02,146.90 ,154.10 
2010-07-05,146.20 ,153.60 
2010-07-06,145.50 ,153.30 
2010-07-07,145.00 ,152.60 
2010-07-08,144.50 ,152.60 
2010-07-09,144.30 ,152.40 
2010-07-12,143.90 ,152.30 
2010-07-13,143.40 ,152.10 
2010-07-14,143.10 ,151.90 
2010-07-15,142.90 ,151.80 
2010-07-16,143.00 ,152.00 
2010-07-19,143.40 ,152.60 
2010-07-20,145.00 ,154.10 
2010-07-21,147.50 ,157.40 
2010-07-22,148.50 ,159.10 
2010-07-23,149.30 ,159.50 
2010-07-26,150.10 ,159.10 
2010-07-27,149.90 ,158.60 
2010-07-28,149.50 ,157.70 
2010-07-29,150.00 ,157.60 
2010-07-30,150.30 ,158.60 
2010-08-02,153.00 ,163.10 
2010-08-03,154.30 ,165.20 
2010-08-04,153.90 ,164.50 
2010-08-05,153.50 ,163.40 
2010-08-06,153.00 ,162.60 
2010-08-09,153.60 ,163.60 
2010-08-10,154.70 ,165.70 
2010-08-11,155.10 ,166.60 
2010-08-12,154.90 ,166.20 
2010-08-13,154.40 ,165.00 
2010-08-16,154.20 ,164.50 
2010-08-17,155.00 ,165.20 
2010-08-18,155.30 ,166.00 
2010-08-19,155.30 ,165.90 
2010-08-20,155.10 ,165.70 
2010-08-23,154.50 ,165.20 
2010-08-24,153.80 ,164.10 
2010-08-25,153.10 ,163.40 
2010-08-26,152.70 ,162.90 
2010-08-27,152.60 ,162.60 
2010-08-30,153.70 ,164.10 
2010-08-31,154.40 ,165.60 
2010-09-01,154.80 ,166.40 
2010-09-02,155.40 ,167.20 
2010-09-03,155.40 ,167.20 
2010-09-06,160.00 ,173.90 
2010-09-07,162.20 ,177.50 
2010-09-08,162.30 ,177.30 
2010-09-09,161.10 ,175.00 
2010-09-10,160.50 ,174.00 
2010-09-13,162.00 ,176.90 
2010-09-14,161.80 ,176.60 
2010-09-15,160.70 ,174.80 
2010-09-16,159.90 ,173.50 
2010-09-17,159.10 ,172.30 
2010-09-19,158.90 ,172.00 
2010-09-20,158.80 ,172.00 
2010-09-21,158.90 ,172.20 
2010-09-25,158.50 ,171.70 
2010-09-26,158.30 ,171.30 
2010-09-27,157.70 ,170.30 
2010-09-28,157.10 ,169.50 
2010-09-29,156.70 ,168.80 
2010-09-30,156.70 ,168.80 
2010-10-08,157.10 ,169.60 
2010-10-09,157.80 ,170.70 
2010-10-11,158.50 ,171.80 
2010-10-12,158.50 ,171.60 
2010-10-13,158.00 ,170.70 
2010-10-14,157.70 ,170.10 
2010-10-15,157.30 ,169.60 
2010-10-18,157.40 ,169.90 
2010-10-19,157.50 ,170.30 
2010-10-20,157.10 ,169.90 
2010-10-21,157.00 ,169.50 
2010-10-22,156.70 ,169.20 
2010-10-25,156.70 ,169.40 
2010-10-26,156.80 ,170.00 
2010-10-27,156.70 ,170.10 
2010-10-28,156.70 ,170.20 
2010-10-29,156.70 ,170.30 
2010-11-01,157.20 ,171.30 
2010-11-02,157.70 ,172.20 
2010-11-03,158.30 ,173.80 
2010-11-04,158.80 ,174.80 
2010-11-05,160.20 ,176.30 
2010-11-08,161.60 ,178.20 
2010-11-09,162.80 ,180.90 
2010-11-10,164.00 ,183.00 
2010-11-11,164.10 ,183.00 
2010-11-12,163.70 ,182.30 
2010-11-15,162.80 ,180.30 
2010-11-16,162.60 ,179.90 
2010-11-17,162.40 ,179.60 
2010-11-18,162.10 ,179.40 
2010-11-19,162.10 ,179.40 
2010-11-22,162.70 ,180.60 
2010-11-23,163.20 ,182.10 
2010-11-24,163.60 ,183.10 
2010-11-25,164.00 ,183.60 
2010-11-26,164.10 ,183.80 
2010-11-29,164.00 ,183.60 
2010-11-30,163.90 ,183.40 
2010-12-01,163.80 ,183.30 
2010-12-02,163.90 ,183.30 
2010-12-03,164.30 ,183.90 
2010-12-06,164.90 ,185.00 
2010-12-07,165.50 ,185.80 
2010-12-08,166.10 ,186.80 
2010-12-09,166.30 ,187.10 
2010-12-10,166.30 ,187.10 
2010-12-13,166.70 ,187.10 
2010-12-14,167.00 ,187.10 
2010-12-15,167.30 ,187.20 
2010-12-16,167.50 ,187.30 
2010-12-17,167.60 ,187.30 
2010-12-20,168.00 ,187.40 
2010-12-21,168.30 ,187.40 
2010-12-22,168.40 ,187.30 
2010-12-23,168.30 ,186.90 
2010-12-24,168.20 ,186.50 
2010-12-27,168.10 ,186.30 
2010-12-28,168.10 ,186.30 
2010-12-29,168.00 ,186.00 
2010-12-30,168.00 ,185.90 
2010-12-31,168.10 ,185.90 
2011-01-04,168.60 ,186.30 
2011-01-05,169.10 ,186.90 
2011-01-06,169.30 ,187.10 
2011-01-07,169.40 ,187.20 
2011-01-10,169.90 ,187.60 
2011-01-11,170.30 ,188.30 
2011-01-12,170.50 ,188.50 
2011-01-13,170.80 ,189.20 
2011-01-14,171.10 ,189.70 
2011-01-17,171.50 ,189.90 
2011-01-18,171.90 ,190.30 
2011-01-19,172.20 ,190.60 
2011-01-20,172.50 ,191.00 
2011-01-21,172.60 ,191.00 
2011-01-24,173.40 ,192.30 
2011-01-25,173.90 ,192.80 
2011-01-26,174.10 ,192.90 
2011-01-27,174.10 ,192.90 
2011-01-28,174.10 ,192.90 
2011-01-30,174.20 ,192.90 
2011-01-31,174.20 ,192.90 
2011-02-09,174.60 ,193.00 
2011-02-10,176.10 ,195.00 
2011-02-11,177.50 ,197.10 
2011-02-12,177.90 ,197.70 
2011-02-14,178.30 ,198.60 
2011-02-15,178.60 ,198.90 
2011-02-16,178.30 ,198.30 
2011-02-17,177.60 ,197.00 
2011-02-18,176.80 ,196.20 
2011-02-21,176.50 ,195.80 
2011-02-22,176.80 ,196.30 
2011-02-23,176.60 ,196.40 
2011-02-24,176.20 ,195.90 
2011-02-25,175.40 ,194.90 
2011-02-28,174.90 ,193.80 
2011-03-01,174.70 ,193.60 
2011-03-02,174.20 ,193.20 
2011-03-03,173.30 ,191.90 
2011-03-04,172.70 ,191.10 
2011-03-07,171.90 ,189.70 
2011-03-08,171.40 ,189.20 
2011-03-09,170.70 ,188.10 
2011-03-10,169.90 ,187.30 
2011-03-11,169.10 ,186.40 
2011-03-14,169.00 ,186.60 
2011-03-15,169.70 ,187.80 
2011-03-16,170.60 ,188.70 
2011-03-17,171.60 ,189.50 
2011-03-18,171.80 ,189.60 
2011-03-21,171.00 ,188.70 
2011-03-22,170.30 ,187.60 
2011-03-23,170.10 ,186.80 
2011-03-24,170.50 ,187.50 
2011-03-25,170.60 ,187.60 
2011-03-28,170.70 ,187.80 
2011-03-29,171.20 ,188.80 
2011-03-30,171.70 ,189.50 
2011-03-31,171.60 ,189.60 
2011-04-01,171.60 ,189.70 
2011-04-02,171.60 ,189.60 
2011-04-06,171.80 ,189.60 
2011-04-07,172.80 ,191.10 
2011-04-08,173.50 ,191.90 
2011-04-11,174.70 ,193.40 
2011-04-12,175.20 ,194.20 
2011-04-13,175.10 ,194.20 
2011-04-14,175.30 ,194.40 
2011-04-15,175.50 ,194.30 
2011-04-18,175.30 ,194.30 
2011-04-19,175.10 ,193.70 
2011-04-20,175.00 ,193.60 
2011-04-21,175.10 ,193.80 
2011-04-22,175.10 ,193.90 
2011-04-25,175.70 ,194.80 
2011-04-26,176.10 ,195.70 
2011-04-27,176.50 ,196.50 
2011-04-28,177.00 ,197.50 
2011-04-29,177.10 ,197.60 
2011-05-03,178.20 ,199.60 
2011-05-04,178.70 ,200.40 
2011-05-05,178.70 ,200.60 
2011-05-06,178.40 ,200.30 
2011-05-09,177.90 ,199.40 
2011-05-10,177.90 ,199.30 
2011-05-11,178.00 ,199.50 
2011-05-12,177.60 ,199.20 
2011-05-13,177.40 ,199.00 
2011-05-16,177.40 ,198.90 
2011-05-17,177.40 ,199.20 
2011-05-18,177.30 ,199.30 
2011-05-19,177.30 ,199.30 
2011-05-20,177.30 ,199.30 
2011-05-23,177.20 ,199.30 
2011-05-24,177.00 ,199.40 
2011-05-25,177.00 ,199.20 
2011-05-26,177.00 ,199.30 
2011-05-27,176.90 ,199.10 
2011-05-30,177.00 ,199.40 
2011-05-31,177.20 ,199.80 
2011-06-01,177.30 ,200.10 
2011-06-02,177.40 ,200.50 
2011-06-03,177.50 ,200.60 
2011-06-07,177.50 ,200.70 
2011-06-08,177.50 ,200.80 
2011-06-09,177.40 ,200.80 
2011-06-10,177.50 ,201.00 
2011-06-13,177.40 ,201.10 
2011-06-14,177.20 ,201.00 
2011-06-15,177.00 ,200.70 
2011-06-16,176.80 ,200.20 
2011-06-17,176.50 ,199.80 
2011-06-20,175.70 ,198.70 
2011-06-21,175.20 ,197.90 
2011-06-22,174.80 ,197.20 
2011-06-23,174.60 ,196.90 
2011-06-24,174.50 ,196.70 
2011-06-27,174.30 ,196.50 
2011-06-28,174.10 ,196.40 
2011-06-29,173.90 ,196.10 
2011-06-30,173.80 ,195.80 
2011-07-01,173.70 ,195.70 
2011-07-04,173.60 ,195.70 
2011-07-05,173.90 ,196.00 
2011-07-06,174.00 ,196.20 
2011-07-07,174.00 ,196.30 
2011-07-08,174.10 ,196.40 
2011-07-11,174.20 ,196.40 
2011-07-12,174.50 ,196.90 
2011-07-13,174.70 ,197.20 
2011-07-14,174.90 ,197.30 
2011-07-15,175.00 ,197.50 
2011-07-18,175.20 ,197.80 
2011-07-19,175.30 ,197.90 
2011-07-20,175.60 ,198.20 
2011-07-21,175.70 ,198.50 
2011-07-22,175.90 ,198.70 
2011-07-25,176.06 ,198.94 
2011-07-26,176.13 ,198.98 
2011-07-27,176.18 ,198.98 
2011-07-28,176.25 ,199.02 
2011-07-29,176.43 ,199.20 
2011-08-01,176.90 ,200.04 
2011-08-02,177.37 ,200.81 
2011-08-03,177.68 ,201.18 
2011-08-04,177.80 ,201.21 
2011-08-05,177.71 ,201.03 
2011-08-08,177.44 ,200.53 
2011-08-09,176.98 ,199.82 
2011-08-10,176.84 ,199.48 
2011-08-11,176.88 ,199.46 
2011-08-12,177.01 ,199.60 
2011-08-15,177.28 ,200.06 
2011-08-16,177.52 ,200.27 
2011-08-17,177.57 ,200.27 
2011-08-18,177.54 ,200.22 
2011-08-19,177.44 ,200.04 
2011-08-22,177.34 ,199.77 
2011-08-23,177.28 ,199.63 
2011-08-24,177.25 ,199.55 
2011-08-25,177.17 ,199.36 
2011-08-26,177.12 ,199.13 
2011-08-29,177.09 ,199.01 
2011-08-30,177.02 ,198.83 
2011-08-31,176.98 ,198.76 
2011-09-01,176.95 ,198.74 
2011-09-02,176.94 ,198.74 
2011-09-05,176.92 ,198.66 
2011-09-06,176.85 ,198.49 
2011-09-07,176.77 ,198.32 
2011-09-08,176.69 ,198.18 
2011-09-09,176.61 ,197.99 
2011-09-13,176.50 ,197.78 
2011-09-14,176.35 ,197.48 
2011-09-15,176.04 ,196.98 
2011-09-16,175.78 ,196.58 
2011-09-19,175.06 ,195.48 
2011-09-20,174.29 ,194.35 
2011-09-21,173.79 ,193.34 
2011-09-22,173.54 ,193.00 
2011-09-23,172.94 ,192.19 
2011-09-26,172.10 ,190.80 
2011-09-27,171.23 ,189.32 
2011-09-28,170.74 ,188.64 
2011-09-29,170.14 ,187.95 
2011-09-30,169.89 ,187.49 
2011-10-08,169.42 ,186.49 
2011-10-09,169.09 ,186.04 
2011-10-10,168.79 ,185.69 
2011-10-11,168.48 ,185.28 
2011-10-12,167.91 ,184.65 
2011-10-13,167.32 ,183.82 
2011-10-14,166.68 ,182.81 
2011-10-17,165.44 ,181.04 
2011-10-18,164.09 ,179.50 
2011-10-19,162.61 ,178.08 
2011-10-20,160.15 ,175.71 
2011-10-21,158.43 ,173.66 
2011-10-24,157.65 ,172.31 
2011-10-25,157.88 ,172.50 
2011-10-26,157.76 ,172.73 
2011-10-27,157.66 ,172.83 
2011-10-28,157.75 ,172.88 
2011-10-31,158.18 ,173.78 
2011-11-01,158.31 ,174.49 
2011-11-02,157.93 ,174.59 
2011-11-03,157.62 ,174.26 
2011-11-04,157.41 ,173.94 
2011-11-07,157.46 ,173.82 
2011-11-08,157.51 ,174.04 
2011-11-09,157.54 ,174.31 
2011-11-10,157.57 ,174.71 
2011-11-11,157.55 ,175.02 
2011-11-14,157.89 ,175.61 
2011-11-15,158.18 ,176.20 
2011-11-16,158.45 ,176.70 
2011-11-17,158.46 ,176.92 
2011-11-18,158.35 ,176.88 
2011-11-21,158.14 ,176.70 
2011-11-22,157.91 ,176.35 
2011-11-23,157.68 ,176.00 
2011-11-24,157.40 ,175.67 
2011-11-25,157.17 ,175.38 
2011-11-28,157.08 ,175.27 
2011-11-29,157.01 ,175.26 
2011-11-30,156.93 ,175.20 
2011-12-01,156.98 ,175.27 
2011-12-02,157.03 ,175.40 
2011-12-05,156.97 ,175.32 
2011-12-06,156.89 ,175.28 
2011-12-07,156.80 ,175.13 
2011-12-08,156.70 ,174.99 
2011-12-09,156.59 ,174.79 
2011-12-12,156.51 ,174.60 
2011-12-13,156.42 ,174.52 
2011-12-14,156.30 ,174.39 
2011-12-15,156.17 ,174.22 
2011-12-16,156.10 ,174.10 
2011-12-19,155.98 ,173.87 
2011-12-20,155.82 ,173.64 
2011-12-21,155.69 ,173.49 
2011-12-22,155.58 ,173.39 
2011-12-23,155.44 ,173.32 
2011-12-26,155.18 ,173.06 
2011-12-27,155.00 ,172.86 
2011-12-28,154.92 ,172.90 
2011-12-29,154.83 ,172.79 
2011-12-30,154.66 ,172.58 
2011-12-31,154.56 ,172.46 
2012-01-04,154.44 ,172.21 
2012-01-05,154.26 ,171.85 
2012-01-06,154.12 ,171.57 
2012-01-09,153.81 ,171.09 
2012-01-10,153.56 ,170.66 
2012-01-11,153.36 ,170.31 
2012-01-12,153.19 ,169.95 
2012-01-13,153.09 ,169.77 
2012-01-16,153.03 ,169.70 
2012-01-17,153.02 ,169.62 
2012-01-18,153.01 ,169.59 
2012-01-19,153.03 ,169.67 
2012-01-20,153.04 ,169.67 
2012-01-21,153.05 ,169.67 
2012-01-29,153.12 ,169.79 
2012-01-30,153.29 ,169.87 
2012-01-31,153.38 ,170.04 
2012-02-01,153.43 ,170.16 
2012-02-02,153.45 ,170.29 
2012-02-03,153.35 ,170.27 
2012-02-06,153.29 ,170.11 
2012-02-07,153.17 ,169.85 
2012-02-08,152.94 ,169.41 
2012-02-09,152.72 ,168.93 
2012-02-10,152.46 ,168.39 
2012-02-13,152.17 ,167.88 
2012-02-14,151.88 ,167.34 
2012-02-15,151.67 ,167.05 
2012-02-16,151.32 ,166.60 
2012-02-17,151.13 ,166.38 
2012-02-20,151.24 ,166.67 
2012-02-21,151.48 ,167.31 
2012-02-22,151.88 ,168.09 
2012-02-23,152.14 ,168.64 
2012-02-24,152.26 ,168.79 
2012-02-27,152.50 ,168.51 
2012-02-28,152.77 ,168.75 
2012-02-29,153.07 ,169.34 
2012-03-01,153.52 ,170.07 
2012-03-02,153.76 ,170.59 
2012-03-05,154.04 ,171.03 
2012-03-06,154.23 ,171.31 
2012-03-07,154.32 ,171.42 
2012-03-08,154.30 ,171.39 
2012-03-09,154.38 ,171.52 
2012-03-12,154.80 ,172.51 
2012-03-13,155.21 ,173.46 
2012-03-14,155.56 ,173.89 
2012-03-15,155.62 ,173.89 
2012-03-16,155.62 ,173.68 
2012-03-19,155.60 ,173.51 
2012-03-20,155.68 ,173.42 
2012-03-21,155.80 ,173.51 
2012-03-22,155.94 ,173.65 
2012-03-23,155.99 ,173.58 
2012-03-26,156.13 ,173.64 
2012-03-27,156.23 ,173.78 
2012-03-28,156.34 ,173.99 
2012-03-29,156.38 ,174.00 
2012-03-30,156.33 ,173.94 
2012-03-31,156.29 ,173.87 
2012-04-01,156.34 ,173.92 
2012-04-05,156.48 ,174.13 
2012-04-06,156.66 ,174.35 
2012-04-09,156.90 ,174.78 
2012-04-10,157.06 ,174.93 
2012-04-11,157.17 ,175.13 
2012-04-12,157.21 ,175.19 
2012-04-13,157.24 ,175.14 
2012-04-16,157.15 ,174.93 
2012-04-17,157.03 ,174.64 
2012-04-18,156.89 ,174.38 
2012-04-19,156.73 ,174.08 
2012-04-20,156.53 ,173.74 
2012-04-23,156.25 ,173.29 
2012-04-24,156.00 ,172.94 
2012-04-25,155.71 ,172.49 
2012-04-26,155.57 ,172.26 
2012-04-27,155.52 ,172.29 
2012-04-28,155.52 ,172.31 
2012-05-02,155.47 ,172.33 
2012-05-03,155.31 ,172.14 
2012-05-04,155.10 ,171.89 
2012-05-07,154.77 ,171.46 
2012-05-08,154.45 ,171.00 
2012-05-09,154.04 ,170.41 
2012-05-10,153.59 ,169.81 
2012-05-11,153.21 ,169.32 
2012-05-14,152.79 ,168.64 
2012-05-15,152.28 ,168.05 
2012-05-16,151.93 ,167.51 
2012-05-17,151.44 ,166.78 
2012-05-18,151.15 ,166.34 
2012-05-21,150.86 ,165.99 
2012-05-22,150.58 ,165.76 
2012-05-23,150.35 ,165.66 
2012-05-24,149.85 ,164.97 
2012-05-25,149.53 ,164.61 
2012-05-28,149.21 ,164.21 
2012-05-29,149.14 ,164.24 
2012-05-30,149.22 ,164.35 
2012-05-31,149.31 ,164.75 
2012-06-01,149.36 ,164.99 
2012-06-04,149.24 ,165.00 
2012-06-05,149.08 ,164.87 
2012-06-06,148.99 ,164.81 
2012-06-07,148.92 ,164.64 
2012-06-08,149.01 ,164.68 
2012-06-11,148.94 ,164.71 
2012-06-12,148.97 ,164.90 
2012-06-13,148.88 ,164.89 
2012-06-14,148.82 ,164.87 
2012-06-15,148.75 ,164.89 
2012-06-18,148.71 ,164.87 
2012-06-19,148.62 ,164.85 
2012-06-20,148.50 ,164.71 
2012-06-21,148.43 ,164.66 
2012-06-25,148.33 ,164.61 
2012-06-26,148.16 ,164.46 
2012-06-27,148.01 ,164.27 
2012-06-28,147.74 ,163.90 
2012-06-29,147.52 ,163.67 
2012-07-02,147.32 ,163.37 
2012-07-03,147.03 ,163.01 
2012-07-04,146.83 ,162.76 
2012-07-05,146.62 ,162.43 
2012-07-06,146.40 ,162.08 
2012-07-09,146.04 ,161.57 
2012-07-10,145.61 ,160.98 
2012-07-11,145.16 ,160.41 
2012-07-12,144.71 ,159.92 
2012-07-13,144.31 ,159.30 
2012-07-16,143.72 ,158.55 
2012-07-17,143.01 ,157.68 
2012-07-18,142.38 ,156.78 
2012-07-19,141.64 ,155.89 
2012-07-20,140.72 ,154.87 
2012-07-23,138.87 ,152.76 
2012-07-24,137.75 ,151.37 
2012-07-25,136.99 ,150.12 
2012-07-26,136.60 ,149.33 
2012-07-27,136.13 ,148.81 
2012-07-30,136.27 ,149.87 
2012-07-31,136.51 ,150.69 
2012-08-01,136.44 ,150.99 
2012-08-02,135.90 ,150.34 
2012-08-03,135.23 ,149.36 
2012-08-06,134.63 ,148.23 
2012-08-07,134.28 ,147.70 
2012-08-08,134.11 ,147.70 
2012-08-09,133.86 ,147.50 
2012-08-10,133.77 ,147.53 
2012-08-13,133.84 ,147.99 
2012-08-14,133.81 ,148.17 
2012-08-15,133.69 ,148.13 
2012-08-16,133.35 ,147.87 
2012-08-17,133.03 ,147.55 
2012-08-20,132.41 ,146.84 
2012-08-21,131.87 ,146.45 
2012-08-22,131.45 ,145.94 
2012-08-23,130.93 ,145.39 
2012-08-24,130.48 ,144.95 
2012-08-27,129.97 ,144.37 
2012-08-28,129.45 ,143.99 
2012-08-29,128.96 ,143.42 
2012-08-30,128.57 ,143.27 
2012-08-31,128.25 ,142.94 
2012-09-03,127.49 ,142.26 
2012-09-04,126.61 ,141.69 
2012-09-05,125.71 ,141.04 
2012-09-06,124.75 ,140.11 
2012-09-07,124.31 ,139.41 
2012-09-10,126.13 ,140.99 
2012-09-11,127.38 ,142.60 
2012-09-12,127.39 ,142.73 
2012-09-13,126.99 ,142.24 
2012-09-14,127.20 ,142.16 
2012-09-17,129.39 ,145.08 
2012-09-18,129.97 ,146.95 
2012-09-19,132.40 ,148.39 
2012-09-20,133.36 ,149.29 
2012-09-21,132.65 ,148.91 
2012-09-24,132.16 ,148.13 
2012-09-25,132.23 ,148.11 
2012-09-26,132.57 ,148.48 
2012-09-27,132.63 ,148.81 
2012-09-28,132.76 ,148.93 
2012-09-29,132.90 ,149.12 
2012-10-08,135.07 ,151.44 
2012-10-09,136.48 ,153.82 
2012-10-10,137.08 ,155.07 
2012-10-11,137.19 ,155.24 
2012-10-12,136.97 ,154.82 
2012-10-15,136.33 ,153.93 
2012-10-16,135.81 ,153.05 
2012-10-17,135.65 ,152.51 
2012-10-18,135.74 ,152.54 
2012-10-19,136.00 ,152.96 
2012-10-22,136.10 ,153.33 
2012-10-23,136.36 ,153.79 
2012-10-24,136.43 ,153.84 
2012-10-25,136.38 ,153.64 
2012-10-26,136.33 ,153.54 
2012-10-29,136.34 ,153.51 
2012-10-30,136.40 ,153.42 
2012-10-31,136.41 ,153.33 
2012-11-01,136.36 ,153.14 
2012-11-02,136.59 ,153.27 
2012-11-05,136.90 ,153.39 
2012-11-06,137.04 ,153.29 
2012-11-07,137.12 ,153.14 
2012-11-08,137.27 ,153.00 
2012-11-09,137.36 ,152.92 
2012-11-12,137.45 ,152.53 
2012-11-13,137.51 ,152.27 
2012-11-14,137.45 ,151.93 
2012-11-15,137.45 ,151.93 
2012-11-16,137.33 ,151.69 
2012-11-19,136.81 ,151.21 
2012-11-20,136.44 ,150.76 
2012-11-21,136.13 ,150.26 
2012-11-22,135.90 ,149.90 
2012-11-23,135.70 ,149.39 
2012-11-26,135.31 ,148.53 
2012-11-27,134.93 ,147.58 
2012-11-28,134.54 ,146.77 
2012-11-29,134.12 ,145.87 
2012-11-30,133.63 ,145.20 
2012-12-03,133.06 ,144.06 
2012-12-04,133.11 ,144.16 
2012-12-05,133.16 ,144.31 
2012-12-06,133.36 ,144.64 
2012-12-07,133.37 ,144.61 
2012-12-10,133.85 ,144.89 
2012-12-11,134.04 ,145.31 
2012-12-12,134.02 ,145.35 
2012-12-13,133.98 ,145.27 
2012-12-14,133.99 ,145.29 
2012-12-17,134.88 ,146.24 
2012-12-18,135.42 ,146.97 
2012-12-19,135.46 ,147.04 
2012-12-20,135.42 ,146.89 
2012-12-21,135.31 ,146.72 
2012-12-24,135.14 ,146.33 
2012-12-25,135.07 ,146.10 
2012-12-26,135.33 ,146.41 
2012-12-27,135.85 ,146.92 
2012-12-28,135.94 ,147.05 
2012-12-31,136.12 ,147.20 
2013-01-04,137.21 ,148.64 
2013-01-05,137.99 ,149.64 
2013-01-06,138.64 ,150.81 
2013-01-07,139.23 ,151.51 
2013-01-08,139.57 ,151.74 
2013-01-09,139.73 ,151.67 
2013-01-10,139.81 ,151.43 
2013-01-11,139.82 ,151.23 
2013-01-14,139.50 ,150.75 
2013-01-15,139.45 ,150.63 
2013-01-16,139.35 ,150.50 
2013-01-17,139.18 ,150.38 
2013-01-18,139.09 ,150.13 
2013-01-21,139.05 ,150.00 
2013-01-22,138.99 ,149.96 
2013-01-23,139.00 ,149.93 
2013-01-24,139.08 ,149.94 
2013-01-25,139.28 ,149.98 
2013-01-28,139.55 ,150.09 
2013-01-29,139.85 ,150.38 
2013-01-30,140.06 ,150.64 
2013-01-31,140.30 ,150.76 
2013-02-01,140.57 ,151.42 
2013-02-04,141.22 ,152.82 
2013-02-05,141.33 ,152.96 
2013-02-06,141.45 ,153.26 
2013-02-07,141.46 ,153.26 
2013-02-08,141.46 ,153.28 
2013-02-16,141.74 ,153.63 
2013-02-17,142.29 ,154.34 
2013-02-18,142.98 ,155.20 
2013-02-19,143.36 ,155.94 
2013-02-20,143.54 ,156.31 
2013-02-21,143.48 ,156.25 
2013-02-22,143.03 ,155.64 
2013-02-25,142.46 ,154.78 
2013-02-26,142.03 ,154.03 
2013-02-27,141.66 ,153.43 
2013-02-28,141.39 ,152.94 
2013-03-01,141.35 ,152.86 
2013-03-04,141.25 ,152.88 
2013-03-05,140.80 ,152.54 
2013-03-06,140.68 ,152.36 
2013-03-07,140.48 ,152.02 
2013-03-08,140.28 ,151.59 
2013-03-11,139.91 ,150.94 
2013-03-12,139.42 ,150.31 
2013-03-13,138.74 ,149.60 
2013-03-14,138.04 ,148.89 
2013-03-15,137.60 ,148.29 
2013-03-18,138.47 ,149.55 
2013-03-19,138.48 ,149.42 
2013-03-20,138.28 ,149.07 
2013-03-21,138.32 ,149.00 
2013-03-22,138.44 ,149.14 
2013-03-25,138.24 ,148.78 
2013-03-26,138.02 ,148.48 
2013-03-27,137.80 ,148.30 
2013-03-28,137.60 ,148.22 
2013-03-29,137.24 ,147.75 
2013-04-01,137.00 ,147.48 
2013-04-02,136.67 ,147.04 
2013-04-03,136.68 ,147.06 
2013-04-07,136.84 ,147.10 
2013-04-08,136.90 ,147.17 
2013-04-09,137.07 ,147.30 
2013-04-10,137.17 ,147.39 
2013-04-11,137.20 ,147.44 
2013-04-12,137.11 ,147.40 
2013-04-15,136.79 ,147.20 
2013-04-16,136.29 ,146.83 
2013-04-17,136.18 ,146.55 
2013-04-18,135.73 ,146.05 
2013-04-19,135.41 ,145.61 
2013-04-22,135.29 ,145.19 
2013-04-23,135.10 ,145.02 
2013-04-24,134.73 ,144.59 
2013-04-25,134.63 ,144.44 
2013-04-26,134.52 ,144.48 
2013-04-27,134.42 ,144.48 
2013-04-28,134.30 ,144.39 
2013-05-02,133.97 ,144.23 
2013-05-03,133.67 ,143.95 
2013-05-06,133.69 ,144.08 
2013-05-07,133.53 ,144.26 
2013-05-08,133.23 ,144.28 
2013-05-09,133.06 ,144.02 
2013-05-10,132.83 ,143.87 
2013-05-13,132.56 ,143.68 
2013-05-14,132.46 ,143.57 
2013-05-15,132.18 ,143.38 
2013-05-16,131.80 ,143.07 
2013-05-17,131.49 ,142.68 
2013-05-20,131.40 ,142.48 
2013-05-21,131.22 ,142.28 
2013-05-22,130.95 ,141.97 
2013-05-23,130.56 ,141.68 
2013-05-24,130.31 ,141.35 
2013-05-27,129.86 ,140.66 
2013-05-28,129.36 ,140.04 
2013-05-29,128.87 ,139.46 
2013-05-30,128.22 ,138.61 
2013-05-31,127.77 ,137.96 
2013-06-03,127.42 ,137.25 
2013-06-04,127.45 ,137.33 
2013-06-05,127.65 ,137.32 
2013-06-06,127.63 ,137.08 
2013-06-07,127.26 ,136.66 
2013-06-08,126.93 ,136.04 
2013-06-09,126.78 ,135.73 
2013-06-13,126.61 ,135.31 
2013-06-14,126.37 ,134.92 
2013-06-17,126.66 ,135.04 
2013-06-18,126.88 ,135.38 
2013-06-19,126.83 ,135.40 
2013-06-20,126.99 ,135.34 
2013-06-21,126.97 ,135.36 
2013-06-24,126.96 ,135.48 
2013-06-25,126.82 ,135.42 
2013-06-26,126.58 ,135.10 
2013-06-27,126.37 ,134.75 
2013-06-28,126.33 ,134.58 
2013-07-01,126.40 ,134.61 
2013-07-02,126.57 ,134.91 
2013-07-03,126.92 ,135.30 
2013-07-04,127.47 ,136.18 
2013-07-05,127.94 ,137.01 
2013-07-08,128.21 ,137.52 
2013-07-09,128.28 ,137.58 
2013-07-10,128.31 ,137.55 
2013-07-11,128.46 ,137.67 
2013-07-12,128.87 ,138.11 
2013-07-15,129.49 ,138.81 
2013-07-16,129.92 ,139.48 
2013-07-17,130.19 ,139.88 
2013-07-18,130.47 ,140.22 
2013-07-19,130.61 ,140.35 
2013-07-22,130.85 ,140.65 
2013-07-23,131.09 ,140.98 
2013-07-24,131.27 ,141.40 
2013-07-25,131.43 ,141.60 
2013-07-26,131.42 ,141.57 
2013-07-29,131.16 ,141.13 
2013-07-30,130.99 ,140.81 
2013-07-31,130.74 ,140.45 
2013-08-01,130.64 ,140.21 
2013-08-02,130.60 ,140.09 
2013-08-05,130.78 ,140.31 
2013-08-06,131.03 ,140.80 
2013-08-07,131.26 ,141.26 
2013-08-08,131.54 ,141.66 
2013-08-09,131.81 ,142.16 
2013-08-12,132.10 ,142.57 
2013-08-13,132.64 ,143.45 
2013-08-14,133.14 ,144.23 
2013-08-15,133.41 ,144.58 
2013-08-16,133.59 ,144.85 
2013-08-19,133.55 ,144.59 
2013-08-20,133.51 ,144.34 
2013-08-21,133.48 ,144.28 
2013-08-22,133.27 ,143.96 
2013-08-23,133.14 ,143.70 
2013-08-26,133.15 ,143.59 
2013-08-27,133.08 ,143.43 
2013-08-28,133.07 ,143.42 
2013-08-29,132.90 ,143.14 
2013-08-30,132.80 ,143.08 
2013-09-02,132.89 ,143.09 
2013-09-03,132.98 ,143.20 
2013-09-04,132.91 ,143.17 
2013-09-05,132.81 ,143.08 
2013-09-06,132.59 ,142.84 
2013-09-09,132.40 ,142.50 
2013-09-10,132.34 ,142.41 
2013-09-11,132.18 ,142.23 
2013-09-12,131.98 ,142.03 
2013-09-13,131.58 ,141.65 
2013-09-16,131.18 ,140.95 
2013-09-17,130.95 ,140.69 
2013-09-18,130.75 ,140.49 
2013-09-22,130.52 ,140.15 
2013-09-23,130.30 ,139.80 
2013-09-24,130.18 ,139.62 
2013-09-25,129.93 ,139.27 
2013-09-26,129.76 ,139.06 
2013-09-27,129.53 ,138.72 
2013-09-29,129.40 ,138.63 
2013-09-30,129.52 ,138.87 
2013-10-08,129.52 ,138.96 
2013-10-09,129.49 ,139.11 
2013-10-10,129.54 ,139.29 
2013-10-11,129.54 ,139.40 
2013-10-12,129.56 ,139.59 
2013-10-14,129.58 ,139.84 
2013-10-15,129.56 ,139.84 
2013-10-16,129.47 ,139.79 
2013-10-17,129.30 ,139.61 
2013-10-18,129.15 ,139.40 
2013-10-21,128.89 ,139.19 
2013-10-22,128.72 ,139.01 
2013-10-23,128.59 ,138.87 
2013-10-24,128.37 ,138.74 
2013-10-25,128.27 ,138.65 
2013-10-28,128.13 ,138.61 
2013-10-29,128.05 ,138.68 
2013-10-30,128.11 ,138.92 
2013-10-31,128.24 ,139.29 
2013-11-01,128.34 ,139.52 
2013-11-04,128.70 ,140.03 
2013-11-05,129.08 ,140.78 
2013-11-06,129.36 ,141.37 
2013-11-07,129.48 ,141.68 
2013-11-08,129.60 ,141.99 
2013-11-11,129.47 ,141.69 
2013-11-12,129.44 ,141.73 
2013-11-13,129.45 ,141.81 
2013-11-14,129.33 ,141.72 
2013-11-15,129.19 ,141.52 
2013-11-18,129.02 ,141.33 
2013-11-19,128.87 ,141.17 
2013-11-20,128.86 ,141.04 
2013-11-21,128.89 ,141.05 
2013-11-22,128.87 ,141.06 
2013-11-25,128.80 ,141.02 
2013-11-26,128.74 ,141.00 
2013-11-27,128.80 ,141.14 
2013-11-28,128.79 ,141.17 
2013-11-29,128.73 ,141.08 
2013-12-02,128.85 ,141.27 
2013-12-03,128.98 ,141.55 
2013-12-04,129.09 ,141.82 
2013-12-05,129.15 ,141.93 
2013-12-06,129.15 ,141.97 
2013-12-09,129.13 ,141.85 
2013-12-10,129.13 ,141.84 
2013-12-11,129.12 ,141.81 
2013-12-12,129.20 ,141.84 
2013-12-13,129.30 ,141.94 
2013-12-16,129.28 ,141.88 
2013-12-17,129.23 ,141.72 
2013-12-18,129.14 ,141.52 
2013-12-19,129.05 ,141.39 
2013-12-20,128.93 ,141.01 
2013-12-23,128.66 ,140.39 
2013-12-24,128.50 ,139.95 
2013-12-25,128.40 ,139.63 
2013-12-26,128.26 ,139.31 
2013-12-27,128.13 ,138.95 
2013-12-30,127.99 ,138.70 
2013-12-31,127.97 ,138.66 
2014-01-02,127.95 ,138.64 
2014-01-03,127.82 ,138.36 
2014-01-06,127.60 ,137.84 
2014-01-07,127.29 ,137.17 
2014-01-08,127.08 ,136.85 
2014-01-09,126.92 ,136.63 
2014-01-10,126.81 ,136.47 
2014-01-13,126.65 ,136.27 
2014-01-14,126.50 ,136.02 
2014-01-15,126.42 ,135.87 
2014-01-16,126.36 ,135.73 
2014-01-17,126.28 ,135.61 
2014-01-20,126.16 ,135.44 
2014-01-21,126.02 ,135.27 
2014-01-22,125.94 ,135.15 
2014-01-23,125.87 ,135.05 
2014-01-24,125.85 ,135.04 
2014-01-26,125.82 ,135.04 
2014-01-27,125.81 ,135.04 
2014-01-28,125.80 ,135.04 
2014-01-29,125.80 ,135.04 
2014-02-07,125.82 ,135.07 
2014-02-08,125.78 ,135.00 
2014-02-10,125.60 ,134.74 
2014-02-11,125.38 ,134.37 
2014-02-12,125.19 ,134.05 
2014-02-13,124.95 ,133.66 
2014-02-14,124.82 ,133.46 
2014-02-17,124.65 ,132.96 
2014-02-18,124.80 ,133.15 
2014-02-19,124.80 ,133.15 
2014-02-20,124.75 ,133.11 
2014-02-21,124.61 ,132.86 
2014-02-24,124.36 ,132.60 
2014-02-25,124.15 ,132.27 
2014-02-26,123.90 ,131.97 
2014-02-27,123.75 ,131.77 
2014-02-28,123.67 ,131.66 
2014-03-03,123.63 ,131.74 
2014-03-04,123.55 ,131.67 
2014-03-05,123.45 ,131.54 
2014-03-06,123.36 ,131.44 
2014-03-07,123.25 ,131.29 
2014-03-10,122.84 ,130.69 
2014-03-11,122.50 ,130.42 
2014-03-12,122.26 ,129.98 
2014-03-13,122.27 ,129.95 
2014-03-14,122.33 ,130.05 
2014-03-17,122.38 ,130.26 
2014-03-18,122.43 ,130.45 
2014-03-19,122.35 ,130.51 
2014-03-20,122.28 ,130.44 
2014-03-21,122.22 ,130.38 
2014-03-24,122.19 ,130.33 
2014-03-25,122.12 ,130.16 
2014-03-26,122.24 ,130.27 
2014-03-27,122.58 ,130.48 
2014-03-28,122.61 ,130.51 
2014-03-31,122.81 ,130.91 
2014-04-01,122.96 ,131.17 
2014-04-02,123.19 ,131.53 
2014-04-03,123.27 ,131.65 
2014-04-04,123.44 ,131.91 
2014-04-08,124.49 ,133.03 
2014-04-09,125.33 ,134.10 
2014-04-10,125.68 ,134.66 
2014-04-11,125.74 ,134.75 
2014-04-14,125.86 ,134.80 
2014-04-15,125.87 ,134.73 
2014-04-16,125.83 ,134.64 
2014-04-17,125.68 ,134.26 
2014-04-18,125.45 ,133.86 
2014-04-21,125.09 ,133.18 
2014-04-22,124.79 ,132.62 
2014-04-23,124.60 ,132.26 
2014-04-24,124.56 ,132.15 
2014-04-25,124.54 ,132.16 
2014-04-28,124.53 ,132.28 
2014-04-29,124.46 ,132.19 
2014-04-30,124.47 ,132.26 
2014-05-04,124.38 ,132.11 
2014-05-05,124.29 ,131.92 
2014-05-06,124.21 ,131.76 
2014-05-07,124.07 ,131.50 
2014-05-08,123.92 ,131.17 
2014-05-09,123.73 ,130.85 
2014-05-12,123.44 ,130.37 
2014-05-13,123.34 ,130.10 
2014-05-14,123.17 ,129.81 
2014-05-15,123.03 ,129.53 
2014-05-16,122.89 ,129.40 
2014-05-19,122.57 ,128.86 
2014-05-20,122.35 ,128.52 
2014-05-21,122.19 ,128.38 
2014-05-22,122.14 ,128.36 
2014-05-23,122.06 ,128.31 
2014-05-26,122.08 ,128.37 
2014-05-27,122.16 ,128.46 
2014-05-28,122.20 ,128.61 
2014-05-29,122.19 ,128.69 
2014-05-30,122.19 ,128.75 
2014-06-03,122.01 ,128.52 
2014-06-04,121.89 ,128.22 
2014-06-05,121.76 ,127.95 
2014-06-06,121.68 ,127.80 
2014-06-09,121.58 ,127.54 
2014-06-10,121.53 ,127.41 
2014-06-11,121.43 ,127.24 
2014-06-12,121.30 ,126.99 
2014-06-13,121.17 ,126.82 
2014-06-16,120.95 ,126.47 
2014-06-17,120.76 ,126.12 
2014-06-18,120.62 ,125.88 
2014-06-19,120.50 ,125.61 
2014-06-20,120.37 ,125.52 
2014-06-23,120.29 ,125.39 
2014-06-24,120.23 ,125.36 
2014-06-25,120.16 ,125.34 
2014-06-26,120.10 ,125.30 
2014-06-27,120.07 ,125.33 
2014-06-30,120.07 ,125.39 
2014-07-01,120.09 ,125.49 
2014-07-02,120.00 ,125.41 
2014-07-03,119.95 ,125.30 
2014-07-04,119.94 ,125.36 
2014-07-07,119.91 ,125.37 
2014-07-08,119.86 ,125.43 
2014-07-09,119.84 ,125.41 
2014-07-10,119.82 ,125.42 
2014-07-11,119.82 ,125.48 
2014-07-14,119.88 ,125.69 
2014-07-15,119.92 ,125.85 
2014-07-16,119.94 ,125.92 
2014-07-17,119.92 ,125.94 
2014-07-18,119.92 ,125.96 
2014-07-21,119.76 ,125.79 
2014-07-22,119.55 ,125.45 
2014-07-23,119.42 ,125.31 
2014-07-24,119.31 ,125.14 
2014-07-25,119.20 ,124.94 
2014-07-28,119.13 ,124.86 
2014-07-29,119.13 ,124.89 
2014-07-30,119.15 ,125.00 
2014-07-31,119.13 ,125.11 
2014-08-01,119.10 ,125.06 
2014-08-04,119.04 ,125.03 
2014-08-05,119.03 ,125.11 
2014-08-06,119.02 ,125.12 
2014-08-07,119.01 ,125.10 
2014-08-08,118.96 ,125.10 
2014-08-11,118.84 ,124.95 
2014-08-12,118.66 ,124.68 
2014-08-13,118.54 ,124.47 
2014-08-14,118.35 ,124.22 
2014-08-15,118.20 ,123.92 
2014-08-18,118.02 ,123.66 
2014-08-19,117.82 ,123.38 
2014-08-20,117.69 ,123.20 
2014-08-21,117.49 ,122.97 
2014-08-22,117.23 ,122.64 
2014-08-25,116.98 ,122.33 
2014-08-26,116.72 ,122.12 
2014-08-27,116.72 ,122.12 
2014-08-28,116.19 ,121.55 
2014-08-29,115.98 ,121.33 
2014-09-01,115.61 ,120.86 
2014-09-02,115.26 ,120.39 
2014-09-03,114.84 ,119.81 
2014-09-04,114.26 ,119.11 
2014-09-05,113.86 ,118.69 
2014-09-09,113.25 ,117.85 
2014-09-10,112.56 ,116.98 
2014-09-11,112.10 ,116.60 
2014-09-12,111.78 ,116.34 
2014-09-15,112.06 ,116.87 
2014-09-16,112.21 ,117.17 
2014-09-17,111.98 ,116.95 
2014-09-18,111.66 ,116.43 
2014-09-19,111.39 ,116.06 
2014-09-22,110.78 ,115.14 
2014-09-23,110.21 ,114.39 
2014-09-24,109.85 ,113.73 
2014-09-25,109.88 ,114.77 
2014-09-26,109.71 ,114.55 
2014-09-28,109.68 ,114.60 
2014-09-29,109.34 ,113.36 
2014-09-30,109.35 ,113.46 
2014-10-08,109.45 ,113.52 
2014-10-09,109.36 ,113.51 
2014-10-10,109.32 ,113.53 
2014-10-11,109.48 ,113.94 
2014-10-13,110.05 ,114.96 
2014-10-14,110.39 ,115.71 
2014-10-15,110.64 ,116.24 
2014-10-16,110.90 ,116.86 
2014-10-17,111.20 ,117.17 
2014-10-20,111.40 ,117.83 
2014-10-21,111.50 ,118.26 
2014-10-22,111.50 ,118.55 
2014-10-23,111.29 ,118.40 
2014-10-24,111.11 ,118.17 
2014-10-27,111.00 ,117.98 
2014-10-28,110.92 ,117.94 
2014-10-29,110.88 ,117.91 
2014-10-30,110.89 ,117.99 
2014-10-31,110.88 ,118.06 
2014-11-03,110.94 ,118.31 
2014-11-04,110.92 ,118.47 
2014-11-05,110.99 ,118.58 
2014-11-06,111.03 ,118.75 
2014-11-07,111.06 ,118.82 
2014-11-10,111.13 ,118.77 
2014-11-11,111.21 ,118.78 
2014-11-12,111.19 ,118.76 
2014-11-13,111.10 ,118.59 
2014-11-14,110.84 ,118.29 
2014-11-17,110.66 ,117.82 
2014-11-18,110.49 ,117.43 
2014-11-19,110.33 ,117.00 
2014-11-20,110.13 ,116.61 
2014-11-21,109.94 ,116.18 
2014-11-24,109.90 ,116.10 
2014-11-25,109.80 ,115.84 
2014-11-26,109.83 ,116.03 
2014-11-27,109.72 ,115.84 
2014-11-28,109.85 ,115.87 
2014-12-01,109.80 ,115.67 
2014-12-02,109.77 ,115.41 
2014-12-03,109.66 ,115.26 
2014-12-04,109.48 ,114.79 
2014-12-05,109.40 ,114.55 
2014-12-08,109.32 ,114.44 
2014-12-09,109.17 ,114.04 
2014-12-10,108.99 ,113.66 
2014-12-11,108.83 ,113.41 
2014-12-12,108.70 ,113.16 
2014-12-15,108.51 ,112.86 
2014-12-16,108.29 ,112.47 
2014-12-17,107.99 ,111.99 
2014-12-18,107.81 ,111.72 
2014-12-19,107.73 ,111.58 
2014-12-22,107.31 ,110.93 
2014-12-23,106.85 ,110.14 
2014-12-24,106.68 ,109.78 
2014-12-25,106.49 ,109.65 
2014-12-26,106.05 ,109.40 
2014-12-29,105.84 ,109.38 
2014-12-30,105.77 ,109.35 
2014-12-31,105.84 ,109.48 
2015-01-04,105.71 ,109.38 
2015-01-05,105.52 ,109.21 
2015-01-06,105.24 ,108.92 
2015-01-07,104.98 ,108.96 
2015-01-08,104.49 ,108.32 
2015-01-09,104.00 ,107.85 
2015-01-12,103.10 ,107.07 
2015-01-13,102.36 ,106.51 
2015-01-14,101.78 ,106.13 
2015-01-15,101.22 ,105.53 
2015-01-16,100.79 ,105.07 
2015-01-19,100.21 ,104.25 
2015-01-20,99.84 ,103.74 
2015-01-21,99.24 ,103.27 
2015-01-22,98.67 ,102.65 
2015-01-23,98.05 ,101.99 
2015-01-26,97.47 ,101.66 
2015-01-27,96.81 ,101.05 
2015-01-28,96.27 ,100.43 
2015-01-29,95.99 ,100.11 
2015-01-30,95.85 ,99.86 
2015-02-02,95.61 ,99.62 
2015-02-03,95.37 ,99.27 
2015-02-04,95.08 ,98.99 
2015-02-05,94.85 ,98.72 
2015-02-06,94.74 ,98.66 
2015-02-09,94.72 ,98.59 
2015-02-10,94.68 ,98.52 
2015-02-11,94.64 ,98.54 
2015-02-12,94.61 ,98.53 
2015-02-13,94.60 ,98.53 
2015-02-15,94.59 ,98.53 
2015-02-16,94.60 ,98.53 
2015-02-25,94.64 ,98.61 
2015-02-26,94.67 ,98.62 
2015-02-27,94.67 ,98.61 
2015-02-28,94.62 ,98.60 
2015-03-02,94.40 ,98.41 
2015-03-03,94.18 ,98.21 
2015-03-04,94.03 ,98.04 
2015-03-05,93.84 ,97.79 
2015-03-06,93.64 ,97.63 
2015-03-09,93.30 ,97.27 
2015-03-10,93.02 ,96.93 
2015-03-11,92.75 ,96.76 
2015-03-12,92.68 ,97.11 
2015-03-13,93.04 ,97.91 
2015-03-16,93.27 ,98.34 
2015-03-17,93.57 ,98.92 
2015-03-18,93.82 ,99.43 
2015-03-19,93.85 ,99.57 
2015-03-20,93.76 ,99.55 
2015-03-23,94.86 ,101.64 
2015-03-24,96.13 ,103.36 
2015-03-25,96.78 ,104.07 
2015-03-26,96.67 ,103.87 
2015-03-27,96.22 ,103.20 
2015-03-30,96.05 ,102.80 
2015-03-31,95.85 ,102.61 
2015-04-01,95.63 ,102.25 
2015-04-02,95.30 ,101.85 
2015-04-03,94.95 ,101.31 
2015-04-07,94.35 ,100.48 
2015-04-08,93.88 ,99.80 
2015-04-09,93.32 ,99.01 
2015-04-10,92.87 ,98.23 
2015-04-13,92.54 ,97.80 
2015-04-14,92.65 ,97.97 
2015-04-15,92.82 ,98.25 
2015-04-16,92.65 ,98.08 
2015-04-17,92.49 ,97.71 
2015-04-20,92.25 ,97.38 
2015-04-21,92.02 ,96.94 
2015-04-22,91.88 ,96.72 
2015-04-23,91.84 ,96.51 
2015-04-24,92.01 ,96.76 
2015-04-27,92.44 ,97.52 
2015-04-28,92.69 ,97.87 
2015-04-29,92.82 ,98.03 
2015-04-30,92.76 ,98.01 
2015-05-04,92.70 ,97.91 
2015-05-05,92.64 ,97.79 
2015-05-06,92.60 ,97.70 
2015-05-07,92.40 ,97.33 
2015-05-08,92.17 ,97.09 
2015-05-11,91.96 ,96.69 
2015-05-12,91.79 ,96.40 
2015-05-13,91.60 ,96.12 
2015-05-14,91.34 ,95.81 
2015-05-15,91.09 ,95.51 
2015-05-18,90.77 ,95.05 
2015-05-19,90.53 ,94.73 
2015-05-20,90.18 ,94.29 
2015-05-21,89.92 ,93.90 
2015-05-22,89.75 ,93.69 
2015-05-25,89.57 ,93.35 
2015-05-26,89.52 ,93.24 
2015-05-27,89.41 ,93.25 
2015-05-28,89.28 ,93.07 
2015-05-29,89.13 ,92.83 
2015-06-01,88.90 ,92.50 
2015-06-02,88.71 ,92.22 
2015-06-03,88.53 ,91.93 
2015-06-04,88.34 ,91.73 
2015-06-05,88.12 ,91.48 
2015-06-08,87.83 ,91.15 
2015-06-09,87.61 ,90.94 
2015-06-10,87.41 ,90.77 
2015-06-11,87.21 ,90.61 
2015-06-12,86.99 ,90.41 
2015-06-15,86.53 ,90.04 
2015-06-16,86.06 ,89.55 
2015-06-17,85.69 ,89.24 
2015-06-18,85.26 ,88.75 
2015-06-19,84.98 ,88.32 
2015-06-23,84.59 ,87.78 
2015-06-24,84.25 ,87.29 
2015-06-25,83.97 ,87.05 
2015-06-26,83.63 ,86.62 
2015-06-29,83.23 ,86.31 
2015-06-30,82.71 ,85.84 
2015-07-01,82.28 ,85.41 
2015-07-02,81.79 ,84.84 
2015-07-03,81.36 ,84.30 
2015-07-06,80.44 ,83.27 
2015-07-07,79.63 ,82.36 
2015-07-08,78.86 ,81.69 
2015-07-09,78.25 ,81.08 
2015-07-10,78.49 ,81.33 
2015-07-13,78.79 ,81.75 
2015-07-14,78.76 ,81.98 
2015-07-15,78.62 ,82.01 
2015-07-16,78.43 ,81.77 
2015-07-17,78.22 ,81.41 
2015-07-20,78.82 ,81.91 
2015-07-21,79.66 ,83.01 
2015-07-22,79.42 ,82.90 
2015-07-23,78.93 ,82.43 
2015-07-24,78.75 ,82.10 
2015-07-27,79.31 ,82.88 
2015-07-28,79.54 ,83.51 
2015-07-29,79.85 ,84.15 
2015-07-30,80.32 ,85.07 
2015-07-31,80.59 ,85.62 
2015-08-03,81.67 ,87.19 
2015-08-04,82.35 ,88.60 
2015-08-05,82.74 ,89.36 
2015-08-06,83.03 ,89.73 
2015-08-07,83.24 ,89.96 
2015-08-10,83.02 ,89.55 
2015-08-11,82.85 ,89.27 
2015-08-12,82.77 ,89.36 
2015-08-13,82.96 ,89.75 
2015-08-14,83.13 ,90.19 
2015-08-17,83.09 ,90.33 
2015-08-18,83.02 ,90.28 
2015-08-19,82.80 ,90.10 
2015-08-20,82.52 ,89.59 
2015-08-21,82.34 ,89.32 
2015-08-24,81.84 ,88.76 
2015-08-25,81.25 ,87.97 
2015-08-26,80.91 ,87.26 
2015-08-27,80.75 ,86.97 
2015-08-28,80.65 ,86.90 
2015-08-31,80.45 ,86.59 
2015-09-01,80.25 ,86.32 
2015-09-02,80.11 ,86.07 
2015-09-06,79.95 ,85.86 
2015-09-07,79.74 ,85.48 
2015-09-08,79.53 ,85.16 
2015-09-09,79.48 ,85.04 
2015-09-10,79.42 ,85.01 
2015-09-11,79.33 ,84.85 
2015-09-14,79.03 ,84.32 
2015-09-15,78.88 ,84.15 
2015-09-16,78.76 ,84.06 
2015-09-17,78.71 ,84.14 
2015-09-18,78.65 ,84.16 
2015-09-21,78.42 ,83.91 
2015-09-22,78.28 ,83.79 
2015-09-23,78.13 ,83.63 
2015-09-24,78.03 ,83.54 
2015-09-25,77.98 ,83.50 
2015-09-28,77.74 ,83.31 
2015-09-29,77.54 ,83.19 
2015-09-30,77.46 ,83.17 
2015-10-08,77.30 ,83.00 
2015-10-09,77.06 ,82.70 
2015-10-10,76.92 ,82.46 
2015-10-12,76.94 ,82.44 
2015-10-13,76.95 ,82.56 
2015-10-14,76.82 ,82.41 
2015-10-15,76.72 ,82.35 
2015-10-16,76.63 ,82.25 
2015-10-19,76.51 ,82.14 
2015-10-20,76.42 ,82.13 
2015-10-21,76.34 ,82.10 
2015-10-22,76.21 ,82.00 
2015-10-23,76.10 ,81.97 
2015-10-26,76.01 ,82.04 
2015-10-27,75.98 ,82.25 
2015-10-28,75.98 ,82.36 
2015-10-29,75.93 ,82.59 
2015-10-30,75.79 ,82.60 
2015-11-02,75.67 ,82.63 
2015-11-03,75.59 ,82.86 
2015-11-04,75.44 ,82.97 
2015-11-05,75.29 ,82.89 
2015-11-06,75.04 ,82.69 
2015-11-09,74.77 ,82.30 
2015-11-10,74.59 ,82.03 
2015-11-11,74.39 ,81.72 
2015-11-12,74.10 ,81.38 
2015-11-13,73.86 ,81.01 
2015-11-16,73.62 ,80.57 
2015-11-17,73.44 ,80.28 
2015-11-18,73.23 ,79.97 
2015-11-19,72.94 ,79.58 
2015-11-20,72.72 ,79.20 
2015-11-23,72.46 ,78.75 
2015-11-24,72.18 ,78.27 
2015-11-25,71.97 ,77.88 
2015-11-26,71.85 ,77.66 
2015-11-27,71.76 ,77.59 
2015-11-30,71.42 ,77.05 
2015-12-01,71.14 ,76.75 
2015-12-02,70.89 ,76.30 
2015-12-03,70.71 ,75.96 
2015-12-04,70.52 ,75.66 
2015-12-07,70.31 ,75.31 
2015-12-08,70.16 ,75.00 
2015-12-09,70.00 ,74.74 
2015-12-10,69.91 ,74.56 
2015-12-11,69.82 ,74.37 
2015-12-14,69.67 ,74.04 
2015-12-15,69.73 ,74.03 
2015-12-16,69.86 ,74.10 
2015-12-17,70.12 ,74.36 
2015-12-18,70.42 ,74.59 
2015-12-21,71.08 ,75.44 
2015-12-22,71.54 ,76.05 
2015-12-23,71.69 ,76.18 
2015-12-24,71.72 ,76.02 
2015-12-25,71.82 ,76.08 
2015-12-28,71.86 ,76.07 
2015-12-29,72.05 ,76.33 
2015-12-30,72.61 ,77.03 
2015-12-31,73.03 ,77.69 
2016-01-04,74.54 ,79.40 
2016-01-05,74.97 ,79.98 
2016-01-06,74.97 ,80.00 
2016-01-07,74.78 ,79.63 
2016-01-08,74.56 ,79.21 
2016-01-11,74.21 ,78.66 
2016-01-12,73.93 ,78.19 
2016-01-13,73.70 ,77.88 
2016-01-14,73.59 ,77.64 
2016-01-15,73.70 ,77.74 
2016-01-18,74.24 ,78.23 
2016-01-19,74.51 ,78.70 
2016-01-20,74.49 ,78.63 
2016-01-21,74.35 ,78.32 
2016-01-22,74.18 ,78.05 
2016-01-25,74.06 ,77.83 
2016-01-26,74.04 ,77.93 
2016-01-27,74.00 ,77.85 
2016-01-28,74.00 ,77.80 
2016-01-29,73.99 ,77.81 
2016-02-01,73.96 ,77.71 
2016-02-02,73.96 ,77.71 
2016-02-03,73.96 ,77.74 
2016-02-04,73.96 ,77.73 
2016-02-05,73.96 ,77.72 
2016-02-14,73.96 ,77.72 
2016-02-15,74.08 ,77.84 
2016-02-16,74.30 ,78.07 
2016-02-17,74.68 ,78.52 
2016-02-18,75.14 ,79.06 
2016-02-19,75.40 ,79.45 
2016-02-22,76.59 ,80.49 
2016-02-23,77.15 ,81.12 
2016-02-24,77.23 ,81.22 
2016-02-25,77.23 ,81.21 
2016-02-26,77.19 ,81.18 
2016-02-29,77.10 ,80.95 
2016-03-01,77.49 ,81.39 
2016-03-02,78.36 ,82.20 
2016-03-03,79.21 ,83.01 
2016-03-04,79.80 ,83.56 
2016-03-07,89.43 ,93.58 
2016-03-08,94.28 ,99.47 
2016-03-09,92.88 ,98.55 
2016-03-10,92.05 ,97.38 
2016-03-11,91.22 ,96.19 
2016-03-14,88.95 ,93.49 
2016-03-15,87.90 ,92.29 
2016-03-16,86.34 ,90.05 
2016-03-17,86.50 ,90.31 
2016-03-18,88.34 ,92.57 
2016-03-21,89.56 ,93.60 
2016-03-22,90.00 ,93.82 
2016-03-23,90.26 ,93.99 
2016-03-24,90.26 ,94.09 
2016-03-25,90.11 ,93.92 
2016-03-28,91.01 ,94.93 
2016-03-29,91.27 ,95.43 
2016-03-30,91.15 ,95.27 
2016-03-31,91.13 ,95.15 
2016-04-01,91.73 ,96.05 
2016-04-05,93.23 ,98.05 
2016-04-06,93.87 ,99.05 
2016-04-07,94.44 ,99.89 
2016-04-08,95.16 ,100.88 
2016-04-11,98.79 ,105.61 
2016-04-12,100.91 ,108.43 
2016-04-13,102.48 ,110.66 
2016-04-14,103.09 ,111.43 
2016-04-15,102.77 ,110.56 
2016-04-18,104.11 ,111.75 
2016-04-19,106.17 ,113.80 
2016-04-20,109.71 ,117.28 
2016-04-21,113.52 ,121.79 
2016-04-22,113.83 ,121.27 
2016-04-25,113.95 ,122.42 
2016-04-26,112.73 ,121.35 
2016-04-27,110.89 ,119.64 
2016-04-28,110.45 ,118.75 
2016-04-29,111.54 ,119.72 
2016-05-03,110.67 ,118.67 
2016-05-04,109.11 ,116.93 
2016-05-05,107.66 ,115.17 
2016-05-06,105.68 ,112.47 
2016-05-09,101.64 ,107.60 
2016-05-10,98.12 ,103.63 
2016-05-11,98.17 ,103.23 
2016-05-12,98.46 ,103.31 
2016-05-13,96.36 ,100.49 
2016-05-16,95.07 ,98.01 
2016-05-17,94.53 ,97.01 
2016-05-18,94.92 ,97.32 
2016-05-19,94.71 ,97.36 
2016-05-20,93.91 ,96.35 
2016-05-23,91.67 ,92.86 
2016-05-24,90.23 ,90.97 
2016-05-25,89.83 ,90.38 
2016-05-26,89.20 ,89.67 
2016-05-27,89.23 ,89.83 
2016-05-30,88.87 ,89.24 
2016-05-31,88.54 ,88.63 
2016-06-01,88.16 ,88.11 
2016-06-02,87.73 ,87.52 
2016-06-03,87.43 ,87.19 
2016-06-06,87.70 ,88.35 
2016-06-07,88.29 ,89.47 
2016-06-08,88.50 ,89.82 
2016-06-12,88.74 ,90.28 
2016-06-13,89.01 ,90.75 
2016-06-14,89.31 ,91.21 
2016-06-15,88.95 ,90.57 
2016-06-16,88.63 ,90.11 
2016-06-17,88.31 ,89.75 
2016-06-20,87.79 ,89.12 
2016-06-21,87.51 ,88.77 
2016-06-22,87.52 ,88.83 
2016-06-23,87.65 ,89.22 
2016-06-24,87.59 ,89.29 
2016-06-27,88.12 ,89.98 
2016-06-28,89.10 ,91.39 
2016-06-29,89.24 ,91.60 
2016-06-30,89.23 ,91.70 
2016-07-01,89.93 ,93.01 
2016-07-04,91.53 ,95.40 
2016-07-05,91.62 ,95.65 
2016-07-06,91.36 ,95.27 
2016-07-07,91.53 ,95.37 
2016-07-08,91.96 ,96.00 
2016-07-11,92.11 ,96.51 
2016-07-12,93.24 ,98.07 
2016-07-13,94.72 ,99.89 
2016-07-14,94.97 ,100.31 
2016-07-15,94.73 ,99.94 
2016-07-18,94.11 ,98.81 
2016-07-19,93.12 ,97.61 
2016-07-20,92.48 ,96.58 
2016-07-21,92.64 ,96.83 
2016-07-22,93.17 ,97.43 
2016-07-25,92.91 ,96.66 
2016-07-26,93.01 ,96.72 
2016-07-27,93.75 ,97.59 
2016-07-28,94.39 ,98.35 
2016-07-29,94.58 ,98.67 
2016-08-01,95.04 ,99.32 
2016-08-02,95.63 ,100.31 
2016-08-03,95.69 ,100.20 
2016-08-04,95.48 ,99.85 
2016-08-05,95.67 ,100.04 
2016-08-08,96.44 ,100.73 
2016-08-09,97.20 ,101.65 
2016-08-10,97.12 ,101.40 
2016-08-11,96.99 ,101.19 
2016-08-12,97.52 ,101.76 
2016-08-15,97.70 ,101.65 
2016-08-16,98.51 ,102.34 
2016-08-17,99.43 ,103.13 
2016-08-18,99.34 ,102.87 
2016-08-19,99.20 ,102.62 
2016-08-22,99.72 ,103.14 
2016-08-23,100.29 ,103.71 
2016-08-24,100.70 ,103.53 
2016-08-25,100.89 ,103.42 
2016-08-26,101.00 ,103.35 
2016-08-29,100.83 ,102.91 
2016-08-30,100.69 ,102.64 
2016-08-31,100.38 ,102.13 
2016-09-01,99.75 ,101.72 
2016-09-02,99.96 ,102.06 
2016-09-05,100.48 ,103.22 
2016-09-06,100.59 ,103.40 
2016-09-07,100.17 ,103.12 
2016-09-08,99.66 ,102.38 
2016-09-09,99.40 ,101.93 
2016-09-12,98.78 ,101.25 
2016-09-13,98.18 ,100.54 
2016-09-14,97.75 ,100.05 
2016-09-18,97.09 ,99.24 
2016-09-19,96.51 ,98.58 
2016-09-20,96.55 ,98.71 
2016-09-21,96.61 ,98.79 
2016-09-22,96.80 ,99.07 
2016-09-23,97.05 ,99.18 
2016-09-26,97.93 ,99.95 
2016-09-27,97.85 ,100.00 
2016-09-28,97.75 ,99.86 
2016-09-29,97.89 ,99.92 
2016-09-30,97.84 ,99.90 
2016-10-08,97.93 ,100.17 
2016-10-09,98.11 ,100.33 
2016-10-10,98.29 ,100.51 
2016-10-11,98.95 ,101.16 
2016-10-12,99.59 ,101.98 
2016-10-13,99.88 ,102.39 
2016-10-14,100.16 ,102.70 
2016-10-17,101.45 ,104.39 
2016-10-18,101.91 ,105.11 
2016-10-19,102.67 ,105.94 
2016-10-20,102.94 ,106.12 
2016-10-21,102.88 ,106.10 
2016-10-24,102.81 ,105.95 
2016-10-25,103.64 ,106.55 
2016-10-26,104.40 ,107.63 
2016-10-27,104.48 ,107.76 
2016-10-28,104.48 ,107.67 
2016-10-31,105.22 ,108.03 
2016-11-01,106.23 ,109.10 
2016-11-02,107.75 ,110.38 
2016-11-03,108.65 ,111.47 
2016-11-04,109.92 ,113.10 
2016-11-07,113.13 ,117.70 
2016-11-08,115.14 ,120.27 
2016-11-09,116.20 ,121.31 
2016-11-10,117.14 ,122.11 
2016-11-11,117.87 ,123.82 
2016-11-14,118.08 ,124.44 
2016-11-15,117.47 ,123.65 
2016-11-16,115.81 ,121.86 
2016-11-17,114.59 ,119.94 
2016-11-18,114.37 ,119.33 
2016-11-21,113.98 ,118.72 
2016-11-22,115.00 ,119.59 
2016-11-23,116.49 ,120.91 
2016-11-24,117.23 ,121.62 
2016-11-25,118.59 ,123.10 
2016-11-28,122.94 ,127.66 
2016-11-29,123.91 ,128.89 
2016-11-30,122.45 ,127.34 
2016-12-01,122.62 ,127.26 
2016-12-02,124.03 ,128.74 
2016-12-05,124.47 ,129.50 
2016-12-06,125.54 ,130.41 
2016-12-07,127.32 ,132.21 
2016-12-08,128.33 ,133.64 
2016-12-09,128.26 ,133.70 
2016-12-12,134.35 ,140.69 
2016-12-13,135.82 ,142.77 
2016-12-14,135.32 ,142.12 
2016-12-15,134.77 ,141.24 
2016-12-16,135.01 ,141.38 
2016-12-19,133.73 ,139.31 
2016-12-20,132.85 ,138.01 
2016-12-21,132.54 ,137.23 
2016-12-22,132.24 ,136.60 
2016-12-23,131.26 ,135.43 
2016-12-26,128.58 ,131.71 
2016-12-27,127.39 ,129.95 
2016-12-28,128.26 ,130.66 
2016-12-29,128.33 ,130.58 
2016-12-30,127.74 ,130.04 
2017-01-03,127.77 ,129.95 
2017-01-04,127.38 ,129.63 
2017-01-05,127.23 ,129.25 
2017-01-06,127.13 ,129.36 
2017-01-09,126.77 ,129.30 
2017-01-10,127.28 ,130.04 
2017-01-11,127.88 ,130.87 
2017-01-12,128.24 ,131.37 
2017-01-13,128.32 ,131.58 
2017-01-16,129.00 ,132.85 
2017-01-17,129.35 ,133.31 
2017-01-18,129.28 ,133.39 
2017-01-19,129.15 ,133.33 
2017-01-20,129.05 ,133.26 
2017-01-22,128.98 ,133.26 
2017-01-23,128.94 ,133.19 
2017-01-24,128.94 ,133.19 
2017-01-25,128.94 ,133.19 
2017-02-03,129.08 ,133.40 
2017-02-04,129.11 ,133.64 
2017-02-06,128.73 ,133.95 
2017-02-07,128.83 ,134.03 
2017-02-08,129.44 ,134.70 
2017-02-09,129.71 ,135.21 
2017-02-10,129.95 ,135.65 
2017-02-13,133.15 ,139.98 
2017-02-14,134.54 ,141.93 
2017-02-15,134.74 ,142.45 
2017-02-16,134.69 ,142.58 
2017-02-17,135.22 ,143.39 
2017-02-20,137.36 ,147.20 
2017-02-21,139.48 ,150.03 
2017-02-22,139.70 ,150.27 
2017-02-23,139.20 ,149.78 
2017-02-24,138.41 ,149.26 
2017-02-27,141.30 ,153.30 
2017-02-28,142.00 ,154.71 
2017-03-01,141.51 ,154.48 
2017-03-02,141.64 ,154.82 
2017-03-03,141.08 ,154.48 
2017-03-06,140.43 ,153.97 
2017-03-07,139.86 ,153.41 
2017-03-08,139.35 ,152.96 
2017-03-09,138.26 ,152.10 
2017-03-10,138.04 ,151.71 
2017-03-13,138.42 ,152.23 
2017-03-14,139.30 ,153.66 
2017-03-15,139.86 ,154.64 
2017-03-16,139.95 ,155.09 
2017-03-17,139.58 ,154.80 
2017-03-20,139.37 ,154.54 
2017-03-21,138.60 ,153.96 
2017-03-22,137.25 ,152.63 
2017-03-23,136.42 ,151.81 
2017-03-24,135.98 ,151.60 
2017-03-27,133.26 ,148.67 
2017-03-28,132.39 ,147.78 
2017-03-29,132.56 ,147.98 
2017-03-30,132.73 ,148.47 
2017-03-31,132.56 ,148.51 
2017-04-01,132.22 ,148.39 
2017-04-05,132.11 ,148.45 
2017-04-06,131.71 ,148.33 
2017-04-07,129.88 ,146.16 
2017-04-10,128.49 ,144.37 
2017-04-11,127.15 ,143.00 
2017-04-12,124.80 ,140.75 
2017-04-13,123.55 ,139.36 
2017-04-14,123.60 ,139.34 
2017-04-17,122.09 ,137.65 
2017-04-18,120.36 ,135.88 
2017-04-19,118.89 ,134.07 
2017-04-20,118.54 ,133.87 
2017-04-21,119.11 ,134.64 
2017-04-24,118.69 ,134.46 
2017-04-25,118.93 ,135.07 
2017-04-26,120.28 ,136.82 
2017-04-27,120.90 ,137.54 
2017-04-28,122.55 ,139.64 
2017-05-02,125.88 ,143.91 
2017-05-03,125.74 ,144.20 
2017-05-04,124.20 ,143.05 
2017-05-05,122.53 ,141.39 
2017-05-08,123.45 ,142.84 
2017-05-09,123.56 ,143.13 
2017-05-10,124.36 ,144.52 
2017-05-11,124.38 ,144.80 
2017-05-12,124.30 ,144.75 
2017-05-15,125.51 ,146.38 
2017-05-16,125.88 ,147.04 
2017-05-17,126.92 ,148.31 
2017-05-18,127.68 ,149.33 
2017-05-19,128.85 ,150.91 
2017-05-22,131.64 ,154.45 
2017-05-23,132.04 ,155.32 
2017-05-24,131.24 ,154.21 
2017-05-25,130.74 ,153.35 
2017-05-26,130.32 ,152.64 
2017-05-27,130.29 ,152.54 
2017-05-31,130.43 ,152.35 
2017-06-01,129.93 ,151.85 
2017-06-02,129.27 ,150.92 
2017-06-05,128.15 ,148.90 
2017-06-06,127.23 ,147.54 
2017-06-07,127.25 ,147.29 
2017-06-08,127.29 ,147.22 
2017-06-09,127.71 ,147.43 
2017-06-12,128.56 ,148.00 
2017-06-13,128.70 ,147.95 
2017-06-14,128.31 ,147.51 
2017-06-15,129.09 ,148.29 
2017-06-16,130.06 ,149.12 
2017-06-19,130.29 ,149.20 
2017-06-20,130.68 ,149.29 
2017-06-21,130.34 ,148.59 
2017-06-22,130.25 ,148.08 
2017-06-23,129.96 ,147.30 
2017-06-26,130.22 ,147.10 
2017-06-27,130.84 ,147.48 
2017-06-28,132.24 ,148.73 
2017-06-29,133.37 ,149.74 
2017-06-30,133.52 ,149.99 
2017-07-03,134.22 ,150.80 
2017-07-04,134.71 ,151.36 
2017-07-05,135.02 ,151.68 
2017-07-06,134.85 ,151.49 
2017-07-07,134.48 ,150.92 
2017-07-10,135.01 ,151.40 
2017-07-11,136.20 ,152.67 
2017-07-12,137.54 ,154.24 
2017-07-13,137.95 ,154.56 
2017-07-14,137.83 ,154.34 
2017-07-17,138.80 ,154.96 
2017-07-18,139.29 ,155.45 
2017-07-19,139.61 ,155.82 
2017-07-20,139.71 ,155.81 
2017-07-21,139.17 ,155.34 
2017-07-24,138.75 ,154.58 
2017-07-25,139.11 ,154.95 
2017-07-26,139.74 ,155.44 
2017-07-27,139.73 ,155.34 
2017-07-28,139.74 ,155.30 
2017-07-31,141.23 ,156.68 
2017-08-01,142.23 ,157.98 
2017-08-02,142.53 ,158.24 
2017-08-03,142.60 ,158.14 
2017-08-04,143.62 ,159.14 
2017-08-07,149.03 ,164.40 
2017-08-08,149.84 ,165.30 
2017-08-09,149.43 ,164.65 
2017-08-10,150.80 ,165.92 
2017-08-11,151.61 ,166.72 
2017-08-14,150.83 ,165.74 
2017-08-15,149.45 ,164.35 
2017-08-16,148.99 ,163.43 
2017-08-17,149.91 ,164.02 
2017-08-18,150.31 ,164.50 
2017-08-21,152.55 ,167.03 
2017-08-22,152.94 ,167.67 
2017-08-23,151.69 ,166.26 
2017-08-24,151.70 ,165.97 
2017-08-25,152.89 ,166.88 
2017-08-28,152.06 ,165.80 
2017-08-29,152.26 ,165.80 
2017-08-30,151.71 ,165.17 
2017-08-31,151.31 ,164.78 
2017-09-01,152.77 ,166.39 
2017-09-04,156.71 ,170.13 
2017-09-05,156.57 ,169.89 
2017-09-06,156.14 ,169.45 
2017-09-07,155.77 ,168.60 
2017-09-08,155.71 ,168.42 
2017-09-11,154.69 ,167.22 
2017-09-12,154.85 ,167.52 
2017-09-13,155.15 ,167.92 
2017-09-14,155.03 ,167.74 
2017-09-15,154.60 ,167.18 
2017-09-18,153.92 ,166.07 
2017-09-19,153.85 ,165.94 
2017-09-20,153.38 ,165.49 
2017-09-21,152.85 ,164.65 
2017-09-22,150.78 ,162.14 
2017-09-25,148.81 ,159.95 
2017-09-26,148.84 ,159.99 
2017-09-27,149.15 ,160.31 
2017-09-28,149.15 ,160.23 
2017-09-29,149.05 ,160.16 
2017-09-30,149.31 ,160.64 
2017-10-09,152.74 ,163.57 
2017-10-10,151.79 ,162.84 
2017-10-11,151.28 ,162.18 
2017-10-12,151.06 ,161.55 
2017-10-13,152.06 ,162.42 
2017-10-16,153.73 ,164.22 
2017-10-17,153.13 ,163.48 
2017-10-18,152.73 ,162.88 
2017-10-19,151.41 ,161.27 
2017-10-20,151.55 ,161.32 
2017-10-23,152.34 ,162.17 
2017-10-24,152.58 ,162.68 
2017-10-25,152.68 ,162.87 
2017-10-26,151.90 ,162.29 
2017-10-27,150.96 ,161.42 
2017-10-30,150.40 ,160.96 
2017-10-31,150.31 ,160.82 
2017-11-01,150.37 ,160.92 
2017-11-02,150.37 ,161.04 
2017-11-03,150.36 ,161.02 
2017-11-06,151.09 ,162.01 
2017-11-07,151.40 ,162.78 
2017-11-08,151.21 ,162.89 
2017-11-09,151.90 ,163.81 
2017-11-10,152.00 ,164.09 
2017-11-13,153.16 ,166.04 
2017-11-14,153.82 ,167.35 
2017-11-15,153.93 ,167.74 
2017-11-16,154.03 ,167.82 
2017-11-17,153.84 ,167.62 
2017-11-20,153.99 ,168.11 
2017-11-21,154.66 ,169.32 
2017-11-22,155.51 ,170.90 
2017-11-23,155.97 ,172.11 
2017-11-24,156.09 ,172.73 
2017-11-27,157.55 ,175.61 
2017-11-28,158.84 ,178.46 
2017-11-29,160.10 ,180.93 
2017-11-30,162.64 ,185.24 
2017-12-01,164.22 ,188.52 
2017-12-04,166.99 ,192.59 
2017-12-05,168.43 ,194.47 
2017-12-06,167.89 ,194.10 
2017-12-07,166.86 ,192.11 
2017-12-08,166.27 ,191.07 
2017-12-11,167.52 ,192.90 
2017-12-12,168.17 ,194.22 
2017-12-13,167.71 ,193.55 
2017-12-14,167.09 ,192.01 
2017-12-15,166.45 ,190.61 
2017-12-18,166.77 ,190.81 
2017-12-19,165.98 ,189.36 
2017-12-20,164.65 ,186.83 
2017-12-21,163.86 ,185.20 
2017-12-22,163.99 ,185.09 
2017-12-25,161.84 ,181.24 
2017-12-26,160.00 ,177.88 
2017-12-27,159.49 ,176.94 
2017-12-28,158.87 ,175.73 
2017-12-29,158.42 ,175.35 
2018-01-02,158.61 ,175.20 
2018-01-03,158.40 ,174.74 
2018-01-04,157.12 ,172.48 
2018-01-05,155.44 ,169.45 
2018-01-08,152.89 ,165.27 
2018-01-09,152.38 ,164.41 
2018-01-10,151.53 ,163.14 
2018-01-11,151.06 ,162.49 
2018-01-12,149.77 ,160.63 
2018-01-15,147.67 ,157.76 
2018-01-16,147.58 ,157.94 
2018-01-17,147.53 ,158.18 
2018-01-18,147.59 ,158.62 
2018-01-19,148.57 ,160.98 
2018-01-22,150.28 ,163.83 
2018-01-23,149.66 ,162.92 
2018-01-24,149.38 ,162.24 
2018-01-25,149.40 ,162.00 
2018-01-26,149.34 ,161.97 
2018-01-29,149.12 ,161.69 
2018-01-30,148.99 ,161.53 
2018-01-31,148.82 ,161.42 
2018-02-01,149.00 ,161.72 
2018-02-02,149.40 ,162.16 
2018-02-05,149.72 ,162.57 
2018-02-06,149.85 ,162.62 
2018-02-07,149.95 ,162.67 
2018-02-08,149.97 ,162.70 
2018-02-09,149.99 ,162.75 
2018-02-11,149.97 ,162.75 
2018-02-12,149.97 ,162.75 
2018-02-13,149.97 ,162.73 
2018-02-14,149.95 ,162.69 
2018-02-22,150.10 ,162.94 
2018-02-23,150.29 ,163.34 
2018-02-24,151.05 ,164.38 
2018-02-26,153.68 ,167.89 
2018-02-27,154.41 ,169.22 
2018-02-28,154.34 ,169.19 
2018-03-01,154.51 ,169.38 
2018-03-02,154.42 ,169.28 
2018-03-05,153.71 ,168.09 
2018-03-06,153.07 ,167.17 
2018-03-07,152.65 ,166.47 
2018-03-08,151.55 ,164.90 
2018-03-09,149.74 ,162.08 
2018-03-12,149.74 ,162.38 
2018-03-13,149.37 ,161.62 
2018-03-14,148.68 ,160.55 
2018-03-15,149.14 ,161.01 
2018-03-16,149.42 ,161.15 
2018-03-19,148.49 ,159.42 
2018-03-20,147.72 ,158.00 
2018-03-21,147.44 ,157.52 
2018-03-22,146.85 ,156.56 
2018-03-23,144.00 ,152.85 
2018-03-26,141.18 ,148.54 
2018-03-27,141.25 ,148.51 
2018-03-28,141.63 ,149.06 
2018-03-29,141.50 ,149.11 
2018-03-30,142.17 ,150.28 
2018-04-02,145.06 ,154.65 
2018-04-03,145.07 ,154.64 
2018-04-04,144.55 ,153.86 
2018-04-08,144.13 ,152.75 
2018-04-09,143.91 ,152.20 
2018-04-10,144.92 ,153.68 
2018-04-11,145.30 ,154.29 
2018-04-12,144.90 ,153.59 
2018-04-13,145.21 ,153.93 
2018-04-16,145.26 ,153.79 
2018-04-17,145.32 ,153.85 
2018-04-18,146.32 ,155.23 
2018-04-19,147.22 ,156.57 
2018-04-20,147.52 ,157.08 
2018-04-23,148.36 ,158.06 
2018-04-24,149.49 ,159.69 
2018-04-25,149.61 ,159.81 
2018-04-26,149.50 ,159.67 
2018-04-27,149.86 ,160.23 
2018-04-28,150.66 ,161.99 
2018-05-02,153.06 ,165.56 
2018-05-03,153.71 ,166.53 
2018-05-04,153.31 ,165.89 
2018-05-07,152.83 ,164.98 
2018-05-08,152.66 ,164.55 
2018-05-09,151.98 ,163.35 
2018-05-10,151.46 ,162.57 
2018-05-11,152.08 ,163.71 
2018-05-14,152.56 ,164.43 
2018-05-15,152.69 ,164.43 
2018-05-16,152.77 ,164.37 
2018-05-17,152.91 ,164.28 
2018-05-18,152.80 ,163.94 
2018-05-21,152.68 ,163.62 
2018-05-22,152.19 ,162.68 
2018-05-23,151.32 ,161.08 
2018-05-24,150.90 ,160.13 
2018-05-25,151.34 ,160.71 
2018-05-28,151.37 ,160.59 
2018-05-29,151.74 ,161.04 
2018-05-30,152.16 ,161.65 
2018-05-31,152.62 ,162.35 
2018-06-01,153.76 ,164.32 
2018-06-04,153.58 ,163.86 
2018-06-05,153.22 ,162.97 
2018-06-06,153.63 ,163.62 
2018-06-07,154.43 ,164.90 
2018-06-08,154.39 ,164.83 
2018-06-11,154.13 ,164.47 
2018-06-12,154.42 ,165.02 
2018-06-13,155.09 ,166.37 
2018-06-14,155.55 ,167.25 
2018-06-15,155.69 ,167.68 
2018-06-19,155.14 ,166.91 
2018-06-20,154.77 ,166.29 
2018-06-21,154.99 ,166.63 
2018-06-22,154.69 ,166.16 
2018-06-25,153.86 ,164.82 
2018-06-26,152.95 ,163.21 
2018-06-27,152.59 ,162.68 
2018-06-28,152.83 ,163.11 
2018-06-29,153.19 ,163.76 
2018-07-02,153.15 ,163.85 
2018-07-03,152.58 ,163.15 
2018-07-04,152.46 ,163.05 
2018-07-05,152.31 ,162.95 
2018-07-06,151.99 ,162.67 
2018-07-09,151.90 ,162.75 
2018-07-10,152.65 ,163.94 
2018-07-11,152.95 ,164.42 
2018-07-12,153.78 ,165.85 
2018-07-13,154.09 ,166.48 
2018-07-16,153.92 ,166.25 
2018-07-17,153.65 ,165.83 
2018-07-18,153.56 ,165.71 
2018-07-19,154.15 ,166.76 
2018-07-20,154.24 ,167.04 
2018-07-23,154.47 ,167.49 
2018-07-24,154.71 ,168.07 
2018-07-25,154.77 ,168.16 
2018-07-26,154.86 ,168.27 
2018-07-27,155.73 ,169.65 
2018-07-30,156.59 ,170.89 
2018-07-31,157.06 ,171.74 
2018-08-01,157.72 ,172.75 
2018-08-02,157.33 ,172.02 
2018-08-03,157.52 ,172.25 
2018-08-06,157.81 ,172.63 
2018-08-07,158.73 ,174.10 
2018-08-08,159.03 ,174.55 
2018-08-09,158.86 ,174.33 
2018-08-10,159.02 ,174.73 
2018-08-13,160.46 ,177.05 
2018-08-14,161.40 ,178.71 
2018-08-15,161.44 ,178.82 
2018-08-16,161.12 ,178.36 
2018-08-17,161.60 ,179.25 
2018-08-20,164.12 ,182.92 
2018-08-21,164.80 ,183.95 
2018-08-22,164.72 ,183.66 
2018-08-23,164.34 ,182.93 
2018-08-24,163.86 ,182.13 
2018-08-27,163.70 ,181.62 
2018-08-28,163.31 ,180.83 
2018-08-29,163.20 ,180.67 
2018-08-30,162.67 ,179.97 
2018-08-31,162.09 ,179.12 
2018-09-03,161.89 ,179.04 
2018-09-04,161.95 ,179.09 
2018-09-05,161.99 ,179.12 
2018-09-06,162.05 ,179.31 
2018-09-07,163.17 ,181.16 
2018-09-10,164.56 ,183.57 
2018-09-11,164.18 ,183.42 
2018-09-12,163.03 ,181.75 
2018-09-13,163.00 ,181.59 
2018-09-14,163.16 ,181.95 
2018-09-17,163.71 ,183.29 
2018-09-18,163.71 ,183.46 
2018-09-19,163.99 ,184.24 
2018-09-20,163.75 ,183.98 
2018-09-21,163.53 ,183.72 
2018-09-25,163.15 ,183.19 
2018-09-26,162.36 ,182.13 
2018-09-27,162.12 ,181.85 
2018-09-28,161.09 ,180.58 
2018-09-29,160.67 ,179.95 
2018-09-30,160.75 ,180.23 
2018-10-08,161.04 ,180.77 
2018-10-09,161.50 ,181.63 
2018-10-10,161.83 ,182.25 
2018-10-11,161.69 ,182.35 
2018-10-12,161.71 ,182.52 
2018-10-15,162.18 ,183.65 
2018-10-16,162.54 ,184.25 
2018-10-17,162.60 ,184.53 
2018-10-18,162.60 ,184.82 
2018-10-19,162.34 ,184.68 
2018-10-22,162.79 ,185.71 
2018-10-23,162.91 ,185.98 
2018-10-24,162.92 ,186.19 
2018-10-25,162.97 ,186.40 
2018-10-26,163.35 ,187.39 
2018-10-29,163.22 ,187.61 
2018-10-30,163.07 ,187.58 
2018-10-31,162.83 ,187.75 
2018-11-01,162.58 ,187.87 
2018-11-02,162.11 ,187.56 
2018-11-05,161.69 ,186.95 
2018-11-06,161.37 ,186.55 
2018-11-07,160.47 ,185.44 
2018-11-08,159.55 ,184.40 
2018-11-09,159.33 ,184.24 
2018-11-12,156.92 ,181.33 
2018-11-13,156.23 ,180.49 
2018-11-14,155.85 ,180.04 
2018-11-15,155.70 ,180.18 
2018-11-16,155.43 ,179.78 
2018-11-19,153.25 ,176.10 
2018-11-20,151.60 ,173.27 
2018-11-21,148.91 ,169.40 
2018-11-22,148.30 ,168.40 
2018-11-23,147.20 ,166.90 
2018-11-26,143.04 ,161.38 
2018-11-27,140.80 ,158.67 
2018-11-28,139.58 ,157.48 
2018-11-29,140.16 ,158.09 
2018-11-30,140.05 ,158.16 
2018-12-03,144.08 ,162.86 
2018-12-04,143.61 ,162.32 
2018-12-05,143.83 ,162.32 
2018-12-06,143.93 ,162.30 
2018-12-07,143.28 ,161.09 
2018-12-10,142.33 ,158.81 
2018-12-11,141.29 ,157.00 
2018-12-12,141.39 ,156.98 
2018-12-13,141.70 ,157.31 
2018-12-14,142.29 ,158.31 
2018-12-17,143.01 ,159.12 
2018-12-18,142.75 ,158.73 
2018-12-19,142.64 ,158.47 
2018-12-20,142.76 ,158.56 
2018-12-21,143.47 ,159.56 
2018-12-24,142.98 ,158.75 
2018-12-25,142.28 ,157.61 
2018-12-26,141.92 ,156.99 
2018-12-27,141.84 ,156.95 
2018-12-28,141.48 ,156.62 
2018-12-29,141.03 ,156.03 
2019-01-02,140.52 ,155.43 
2019-01-03,140.26 ,155.08 
2019-01-04,140.24 ,155.14 
2019-01-07,140.59 ,155.47 
2019-01-08,140.58 ,155.37 
2019-01-09,140.55 ,155.32 
2019-01-10,140.53 ,155.27 
2019-01-11,140.36 ,155.00 
2019-01-14,140.09 ,154.49 
2019-01-15,139.86 ,154.38 
2019-01-16,139.65 ,154.12 
2019-01-17,139.63 ,154.16 
2019-01-18,139.84 ,154.41 
2019-01-21,140.19 ,155.00 
2019-01-22,140.52 ,155.22 
2019-01-23,140.54 ,155.24 
2019-01-24,140.53 ,155.21 
2019-01-25,140.83 ,155.38 
2019-01-28,141.01 ,155.60 
2019-01-29,141.05 ,155.62 
2019-01-30,141.10 ,155.64 
2019-01-31,141.10 ,155.64 
2019-02-01,141.10 ,155.67 
2019-02-02,141.12 ,155.67 
2019-02-11,142.67 ,157.52 
2019-02-12,143.58 ,158.59 
2019-02-13,143.52 ,158.84 
2019-02-14,143.15 ,158.52 
2019-02-15,142.74 ,158.01 
2019-02-18,142.61 ,157.79 
2019-02-19,142.64 ,157.43 
2019-02-20,142.18 ,156.89 
2019-02-21,142.22 ,156.72 
2019-02-22,142.49 ,157.09 
2019-02-25,143.01 ,157.56 
2019-02-26,142.99 ,157.58 
2019-02-27,143.01 ,157.43 
2019-02-28,143.01 ,157.36 
2019-03-01,143.35 ,157.81 
2019-03-04,144.61 ,159.88 
2019-03-05,144.58 ,159.79 
2019-03-06,144.32 ,159.30 
2019-03-07,144.15 ,158.96 
2019-03-08,144.22 ,159.26 
2019-03-11,143.88 ,158.72 
2019-03-12,144.34 ,159.26 
2019-03-13,144.77 ,159.91 
2019-03-14,144.91 ,160.09 
2019-03-15,144.80 ,160.11 
2019-03-18,145.49 ,160.79 
2019-03-19,146.06 ,161.55 
2019-03-20,146.17 ,161.70 
2019-03-21,146.31 ,161.78 
2019-03-22,146.13 ,161.56 
2019-03-25,145.85 ,160.87 
2019-03-26,145.58 ,160.39 
2019-03-27,145.37 ,160.06 
2019-03-28,145.28 ,159.79 
2019-03-29,145.21 ,159.65 
2019-04-01,145.39 ,160.13 
2019-04-02,146.03 ,161.14 
2019-04-03,146.61 ,162.12 
2019-04-04,146.91 ,162.61 
2019-04-08,147.92 ,163.96 
2019-04-09,149.38 ,166.05 
2019-04-10,149.35 ,166.18 
2019-04-11,149.33 ,166.12 
2019-04-12,149.27 ,166.01 
2019-04-15,150.05 ,167.16 
2019-04-16,150.46 ,167.86 
2019-04-17,150.25 ,167.52 
2019-04-18,149.83 ,166.97 
2019-04-19,149.56 ,166.65 
2019-04-22,150.64 ,168.31 
2019-04-23,150.51 ,168.03 
2019-04-24,150.04 ,167.40 
2019-04-25,149.86 ,167.12 
2019-04-26,149.88 ,167.16 
2019-04-28,149.92 ,167.08 
2019-04-29,149.93 ,167.00 
2019-04-30,150.39 ,167.50 
2019-05-05,150.77 ,167.92 
2019-05-06,150.58 ,167.63 
2019-05-07,150.67 ,167.74 
2019-05-08,150.58 ,167.67 
2019-05-09,149.93 ,166.78 
2019-05-10,149.77 ,166.53 
2019-05-13,149.30 ,165.85 
2019-05-14,148.36 ,164.44 
2019-05-15,148.08 ,164.07 
2019-05-16,148.32 ,164.48 
2019-05-17,148.56 ,164.89 
2019-05-20,148.47 ,164.95 
2019-05-21,148.64 ,165.27 
2019-05-22,149.30 ,166.42 
2019-05-23,149.20 ,166.26 
2019-05-24,148.97 ,165.97 
2019-05-27,148.71 ,165.37 
2019-05-28,148.39 ,164.69 
2019-05-29,148.01 ,164.04 
2019-05-30,147.80 ,163.67 
2019-05-31,147.35 ,163.01 
2019-06-03,146.57 ,161.89 
2019-06-04,145.80 ,160.95 
2019-06-05,145.84 ,161.21 
2019-06-06,145.45 ,160.77 
2019-06-10,144.79 ,159.85 
2019-06-11,144.68 ,159.65 
2019-06-12,145.45 ,160.25 
2019-06-13,144.73 ,159.68 
2019-06-14,144.51 ,159.34 
2019-06-17,143.61 ,158.02 
2019-06-18,142.89 ,156.71 
2019-06-19,143.22 ,157.12 
2019-06-20,143.46 ,156.81 
2019-06-21,143.47 ,156.82 
2019-06-24,145.18 ,158.07 
2019-06-25,145.84 ,158.39 
2019-06-26,145.83 ,158.26 
2019-06-27,146.26 ,159.20 
2019-06-28,145.92 ,159.60 
2019-07-01,148.32 ,162.74 
2019-07-02,147.91 ,162.38 
2019-07-03,147.32 ,161.75 
2019-07-04,147.08 ,161.26 
2019-07-05,146.59 ,160.65 
2019-07-08,145.95 ,159.59 
2019-07-09,146.22 ,159.60 
2019-07-10,146.06 ,159.57 
2019-07-11,145.74 ,159.27 
2019-07-12,145.71 ,159.21 
2019-07-15,145.45 ,158.69 
2019-07-16,146.16 ,159.55 
2019-07-17,146.26 ,159.77 
2019-07-18,146.15 ,159.66 
2019-07-19,145.81 ,159.21 
2019-07-22,146.12 ,159.53 
2019-07-23,146.14 ,159.49 
2019-07-24,145.62 ,158.67 
2019-07-25,145.42 ,158.17 
2019-07-26,145.65 ,158.48 
2019-07-29,145.42 ,158.07 
2019-07-30,144.94 ,157.18 
2019-07-31,145.08 ,157.44 
2019-08-01,144.90 ,157.04 
2019-08-02,144.01 ,155.70 
2019-08-05,143.16 ,154.54 
2019-08-06,142.73 ,153.85 
2019-08-07,142.31 ,153.14 
2019-08-08,142.23 ,152.83 
2019-08-09,141.38 ,151.65 
2019-08-12,139.87 ,149.16 
2019-08-13,140.36 ,149.83 
2019-08-14,140.89 ,150.42 
2019-08-15,140.75 ,150.19 
2019-08-16,140.69 ,150.10 
2019-08-19,140.66 ,150.17 
2019-08-20,140.56 ,150.04 
2019-08-21,139.83 ,148.95 
2019-08-22,139.78 ,148.77 
2019-08-23,139.90 ,149.03 
2019-08-26,139.45 ,148.62 
2019-08-27,138.16 ,146.86 
2019-08-28,137.63 ,146.12 
2019-08-29,137.71 ,146.11 
2019-08-30,137.70 ,146.12 
2019-09-02,138.16 ,147.13 
2019-09-03,138.71 ,147.97 
2019-09-04,139.19 ,148.65 
2019-09-05,139.78 ,149.75 
2019-09-06,139.71 ,149.79 
2019-09-09,139.98 ,150.22 
2019-09-10,140.60 ,151.23 
2019-09-11,140.44 ,151.09 
2019-09-12,140.40 ,151.12 
2019-09-16,140.78 ,151.75 
2019-09-17,140.66 ,151.84 
2019-09-18,140.36 ,151.50 
2019-09-19,139.96 ,150.99 
2019-09-20,138.99 ,149.78 
2019-09-23,139.43 ,150.59 
2019-09-24,140.03 ,151.57 
2019-09-25,139.91 ,151.40 
2019-09-26,139.78 ,151.45 
2019-09-27,139.47 ,151.24 
2019-09-29,139.92 ,152.13 
2019-09-30,140.36 ,152.99 
2019-10-08,140.42 ,153.28 
2019-10-09,140.10 ,152.91 
2019-10-10,139.93 ,152.75 
2019-10-11,139.60 ,152.34 
2019-10-12,139.52 ,152.23 
2019-10-14,139.57 ,152.43 
2019-10-15,139.03 ,151.93 
2019-10-16,138.65 ,151.35 
2019-10-17,138.05 ,150.53 
2019-10-18,137.72 ,150.11 
2019-10-21,137.37 ,149.75 
2019-10-22,137.37 ,149.75 
2019-10-23,137.21 ,149.54 
2019-10-24,137.15 ,149.56 
2019-10-25,137.12 ,149.52 
2019-10-28,137.31 ,149.98 
2019-10-29,137.22 ,150.00 
2019-10-30,137.24 ,150.29 
2019-10-31,137.52 ,150.81 
2019-11-01,137.48 ,150.97 
2019-11-04,137.55 ,151.23 
2019-11-05,137.74 ,151.78 
2019-11-06,138.23 ,152.66 
2019-11-07,138.40 ,153.12 
2019-11-08,138.29 ,153.16 
2019-11-11,137.99 ,152.83 
2019-11-12,138.03 ,153.07 
2019-11-13,138.69 ,154.24 
2019-11-14,139.32 ,155.35 
2019-11-15,140.28 ,157.06 
2019-11-18,141.10 ,158.74 
2019-11-19,141.72 ,160.10 
2019-11-20,143.21 ,162.74 
2019-11-21,143.88 ,164.13 
2019-11-22,144.13 ,164.79 
2019-11-25,144.97 ,166.22 
2019-11-26,145.12 ,166.30 
2019-11-27,144.76 ,165.66 
2019-11-28,144.50 ,165.11 
2019-11-29,144.35 ,164.62 
2019-12-02,143.82 ,163.44 
2019-12-03,143.68 ,162.80 
2019-12-04,143.52 ,162.24 
2019-12-05,143.52 ,162.24 
2019-12-06,143.16 ,161.07 
2019-12-09,142.53 ,159.35 
2019-12-10,142.50 ,158.38 
2019-12-11,142.51 ,158.35 
2019-12-12,142.61 ,158.05 
2019-12-13,142.52 ,157.64 
2019-12-16,142.54 ,157.18 
2019-12-17,142.15 ,156.17 
2019-12-18,141.57 ,154.95 
2019-12-19,141.35 ,154.37 
2019-12-20,141.02 ,153.62 
2019-12-23,140.86 ,153.01 
2019-12-24,140.86 ,153.01 
2019-12-25,140.49 ,152.14 
2019-12-26,140.00 ,151.10 
2019-12-27,139.54 ,150.31 
2019-12-30,139.53 ,150.11 
2019-12-31,139.61 ,150.37 
2020-01-02,139.63 ,150.48 
2020-01-03,139.76 ,150.68 
2020-01-06,139.71 ,150.70 
2020-01-07,139.52 ,150.47 
2020-01-08,139.45 ,150.33 
2020-01-09,139.49 ,150.30 
2020-01-10,139.48 ,150.25 
2020-01-13,139.41 ,150.21 
2020-01-14,139.33 ,150.22 
2020-01-15,139.19 ,150.19 
2020-01-16,139.18 ,150.17 
2020-01-17,139.13 ,150.17 
2020-01-19,139.10 ,150.17 
2020-01-20,139.09 ,150.16 
2020-01-21,139.12 ,150.16 
2020-01-22,139.10 ,150.15 
2020-01-23,139.10 ,150.15 
2020-02-03,136.99 ,149.27 
2020-02-04,136.99 ,149.27 
2020-02-05,136.29 ,148.59 
2020-02-06,135.74 ,148.12 
2020-02-07,135.26 ,147.72 
2020-02-10,134.89 ,147.39 
2020-02-11,134.17 ,146.78 
2020-02-12,133.72 ,145.98 
2020-02-13,133.72 ,145.98 
2020-02-14,133.10 ,145.19 
2020-02-17,133.10 ,145.19 
2020-02-18,132.58 ,144.52 
2020-02-19,132.11 ,143.85 
2020-02-20,131.70 ,143.26 
2020-02-21,131.50 ,142.79 
2020-02-24,131.77 ,142.76 
2020-02-25,132.65 ,143.45 
2020-02-26,132.40 ,143.18 
2020-02-27,132.13 ,142.93 
2020-02-28,131.79 ,142.55 
2020-03-02,131.06 ,141.62 
2020-03-03,130.50 ,140.65 
2020-03-04,130.85 ,140.86 
2020-03-05,130.61 ,140.61 
2020-03-06,130.69 ,140.70 
2020-03-09,130.54 ,140.50 
2020-03-10,130.21 ,139.96 
2020-03-11,130.18 ,139.83 
2020-03-12,131.23 ,143.19 
2020-03-13,131.27 ,143.32 
2020-03-16,131.16 ,143.27 
2020-03-17,132.90 ,145.74 
2020-03-18,132.84 ,145.99 
2020-03-19,133.02 ,146.12 
2020-03-20,132.63 ,145.85 
2020-03-23,131.66 ,145.31 
2020-03-24,131.66 ,145.31 
2020-03-25,131.27 ,144.77 
2020-03-26,131.50 ,144.95 
2020-03-27,131.34 ,145.14 
2020-03-30,131.12 ,144.97 
2020-03-31,130.45 ,144.29 
2020-04-01,129.97 ,143.78 
2020-04-02,129.18 ,143.10 
2020-04-03,128.09 ,142.20 
2020-04-07,128.33 ,142.64 
2020-04-08,128.28 ,142.73 
2020-04-09,128.07 ,142.60 
2020-04-10,128.43 ,142.91 
2020-04-13,128.91 ,143.48 
2020-04-14,129.47 ,144.24 
2020-04-15,129.75 ,144.56 
2020-04-16,129.59 ,144.47 
2020-04-17,129.42 ,144.20 
2020-04-20,129.71 ,144.48 
2020-04-21,129.71 ,144.39 
2020-04-22,129.33 ,143.95 
2020-04-23,129.03 ,143.66 
2020-04-24,129.17 ,143.81 
2020-04-26,129.17 ,143.81 
2020-04-27,129.09 ,143.60 
2020-04-28,129.10 ,143.57 
2020-04-29,128.91 ,143.41 
2020-04-30,128.85 ,143.27 
2020-05-06,128.22 ,143.41 
2020-05-07,130.14 ,144.73 
2020-05-08,130.88 ,145.40 
2020-05-09,131.52 ,146.08 
2020-05-11,131.71 ,146.12 
2020-05-12,131.71 ,146.12 
2020-05-13,131.76 ,146.05 
2020-05-14,131.80 ,146.01 
2020-05-15,132.04 ,146.06 
2020-05-18,132.48 ,146.37 
2020-05-19,135.20 ,149.45 
2020-05-20,136.26 ,150.79 
2020-05-21,136.31 ,150.94 
2020-05-22,136.18 ,150.70 
2020-05-25,136.03 ,150.63 
2020-05-26,135.44 ,149.89 
2020-05-27,135.28 ,149.72 
2020-05-28,135.06 ,149.35 
2020-05-29,135.22 ,149.40 
2020-06-01,135.98 ,150.13 
2020-06-02,137.40 ,151.78 
2020-06-03,137.75 ,152.22 
2020-06-04,138.06 ,152.71 
2020-06-05,138.16 ,152.89 
2020-06-08,137.89 ,152.43 
2020-06-09,138.22 ,152.45 
2020-06-10,138.12 ,152.33 
2020-06-11,138.01 ,152.00 
2020-06-12,137.86 ,151.49 
2020-06-15,137.88 ,151.45 
2020-06-16,137.94 ,151.25 
2020-06-17,137.64 ,150.47 
2020-06-18,137.64 ,150.47 
2020-06-19,137.68 ,150.21 
2020-06-22,138.03 ,150.27 
2020-06-23,138.21 ,150.48 
2020-06-24,138.00 ,150.14 
2020-06-28,137.85 ,150.03 
2020-06-29,137.51 ,149.19 
2020-06-30,137.40 ,148.88 
2020-07-01,137.28 ,148.65 
2020-07-02,137.21 ,148.59 
2020-07-03,137.34 ,148.74 
2020-07-06,137.64 ,149.01 
2020-07-07,138.11 ,149.27 
2020-07-08,138.93 ,150.15 
2020-07-09,139.68 ,151.06 
2020-07-10,139.67 ,151.06 
2020-07-13,140.22 ,151.43 
2020-07-14,140.41 ,151.60 
2020-07-15,140.44 ,151.44 
2020-07-16,140.42 ,151.27 
2020-07-17,140.30 ,150.94 
2020-07-20,140.17 ,150.74 
2020-07-21,140.30 ,150.68 
2020-07-22,141.12 ,151.66 
2020-07-23,141.23 ,151.73 
2020-07-24,141.04 ,151.48 
2020-07-27,140.76 ,151.11 
2020-07-28,140.56 ,150.74 
2020-07-29,140.61 ,150.71 
2020-07-30,140.81 ,150.96 
2020-07-31,140.98 ,151.09 
2020-08-03,142.17 ,152.39 
2020-08-04,142.70 ,153.06 
2020-08-05,142.78 ,153.11 
2020-08-06,143.13 ,153.71 
2020-08-07,143.06 ,153.55 
2020-08-10,142.72 ,153.01 
2020-08-11,142.86 ,152.93 
2020-08-12,142.66 ,152.63 
2020-08-13,142.62 ,152.45 
2020-08-14,142.62 ,152.36 
2020-08-17,143.03 ,152.87 
2020-08-18,143.37 ,153.19 
2020-08-19,143.42 ,153.20 
2020-08-20,143.26 ,152.89 
2020-08-21,143.27 ,152.79 
2020-08-24,143.18 ,152.64 
2020-08-25,143.23 ,152.74 
2020-08-26,143.06 ,152.43 
2020-08-27,143.04 ,152.30 
2020-08-28,143.04 ,152.30 
2020-08-31,144.07 ,153.50 
2020-09-01,144.44 ,153.69 
2020-09-02,144.54 ,153.62 
2020-09-03,144.85 ,153.90 
2020-09-04,144.73 ,153.76 
2020-09-07,144.74 ,153.60 
2020-09-08,144.65 ,153.40 
2020-09-10,143.74 ,152.50 
2020-09-11,143.74 ,152.50 
2020-09-14,143.49 ,152.15 
2020-09-15,143.79 ,152.38 
2020-09-16,143.56 ,152.24 
2020-09-17,142.94 ,151.53 
2020-09-18,142.60 ,151.12 
2020-09-21,142.67 ,151.03 
2020-09-22,142.16 ,150.47 
2020-09-23,141.64 ,150.00 
2020-09-24,141.54 ,149.80 
2020-09-25,141.44 ,149.75 
2020-09-27,141.30 ,149.64 
2020-09-28,141.07 ,149.44 
2020-09-29,140.92 ,149.42 
2020-09-30,140.80 ,149.35 
2020-10-09,140.90 ,149.49 
2020-10-10,142.36 ,151.21 
2020-10-12,142.94 ,151.96 
2020-10-13,143.37 ,152.50 
2020-10-14,143.41 ,152.53 
2020-10-15,143.23 ,152.28 
2020-10-16,142.71 ,151.72 
2020-10-19,142.58 ,151.57 
2020-10-20,142.78 ,151.82 
2020-10-21,142.70 ,151.72 
2020-10-22,142.74 ,151.68 
2020-10-23,143.06 ,151.97 
2020-10-26,143.15 ,152.09 
2020-10-27,142.94 ,151.94 
2020-10-28,142.92 ,151.92 
2020-10-29,143.10 ,152.12 
2020-10-30,143.38 ,152.69 
2020-11-02,143.91 ,153.51 
2020-11-03,144.50 ,154.48 
2020-11-04,144.74 ,155.00 
2020-11-05,145.24 ,155.62 
2020-11-06,145.81 ,156.32 
2020-11-09,146.34 ,157.17 
2020-11-10,149.19 ,161.84 
2020-11-11,150.12 ,163.60 
2020-11-12,150.22 ,163.88 
2020-11-13,150.20 ,163.75 
2020-11-16,150.24 ,163.49 
2020-11-17,150.18 ,163.23 
2020-11-18,150.91 ,163.97 
2020-11-19,151.39 ,164.68 
2020-11-20,152.03 ,165.53 
2020-11-23,152.42 ,166.05 
2020-11-24,152.56 ,166.41 
2020-11-25,152.11 ,165.41 
2020-11-26,151.59 ,164.09 
2020-11-27,151.38 ,163.47 
2020-11-30,152.09 ,163.75 
2020-12-01,151.98 ,163.39 
2020-12-02,151.79 ,162.78 
2020-12-03,152.35 ,162.34 
2020-12-04,152.31 ,161.73 
2020-12-07,152.12 ,161.05 
2020-12-08,153.43 ,161.27 
2020-12-09,154.28 ,161.78 
2020-12-10,154.40 ,161.79 
2020-12-11,156.39 ,163.44 
2020-12-14,158.43 ,165.46 
2020-12-15,158.00 ,164.87 
2020-12-16,157.92 ,164.44 
2020-12-17,158.78 ,165.35 
2020-12-18,159.65 ,166.42 
2020-12-21,162.11 ,169.19 
2020-12-22,172.89 ,179.65 
2020-12-23,175.57 ,183.44 
2020-12-24,172.43 ,179.58 
2020-12-25,171.10 ,177.73 
2020-12-28,169.24 ,176.64 
2020-12-29,167.35 ,176.26 
2020-12-30,165.57 ,175.21 
2020-12-31,164.76 ,174.92 
2021-01-04,165.34 ,175.04 
2021-01-05,165.87 ,176.33 
2021-01-06,166.15 ,177.18 
2021-01-07,166.08 ,177.18 
2021-01-08,166.18 ,177.17 
2021-01-11,166.74 ,177.49 
2021-01-12,165.73 ,176.93 
2021-01-13,164.51 ,175.55 
2021-01-14,163.81 ,174.59 
2021-01-15,163.26 ,173.78 
2021-01-18,163.49 ,173.81 
2021-01-19,163.47 ,173.97 
2021-01-20,162.83 ,173.58 
2021-01-21,162.45 ,173.05 
2021-01-22,162.31 ,173.05 
2021-01-25,162.41 ,173.32 
2021-01-26,162.27 ,173.19 
2021-01-27,162.55 ,173.26 
2021-01-28,163.07 ,173.46 
2021-01-29,163.05 ,173.55 
2021-02-01,162.87 ,173.58 
2021-02-02,162.65 ,173.61 
2021-02-03,162.49 ,173.60 
2021-02-04,162.48 ,173.61 
2021-02-05,162.56 ,173.62 
2021-02-07,162.77 ,173.62 
2021-02-08,162.85 ,173.62 
2021-02-09,163.01 ,173.62 
2021-02-10,163.18 ,173.62 
2021-02-18,163.20 ,173.62 
2021-02-19,168.00 ,178.42 
2021-02-20,169.96 ,181.36 
2021-02-22,170.82 ,182.42 
2021-02-23,174.32 ,185.56 
2021-02-24,174.77 ,186.16 
2021-02-25,174.51 ,185.83 
2021-02-26,175.20 ,186.39 
2021-03-01,175.32 ,186.62 
2021-03-02,175.02 ,186.23 
2021-03-03,175.04 ,185.95 
2021-03-04,178.52 ,189.81 
2021-03-05,176.57 ,187.81 
2021-03-08,178.75 ,189.73 
2021-03-09,177.63 ,188.57 
2021-03-10,176.38 ,186.90 
2021-03-11,176.08 ,186.19 
2021-03-12,178.15 ,188.45 
2021-03-15,178.23 ,188.18 
2021-03-16,178.18 ,188.12 
2021-03-17,178.05 ,187.76 
2021-03-18,178.28 ,187.90 
2021-03-19,178.28 ,187.90 
2021-03-22,181.23 ,190.32 
2021-03-23,180.69 ,189.44 
2021-03-24,180.69 ,189.44 
2021-03-25,181.47 ,190.01 
2021-03-26,182.26 ,191.05 
2021-03-29,186.05 ,194.67 
2021-03-30,186.65 ,194.80 
2021-03-31,186.99 ,194.52 
2021-04-01,186.99 ,194.52 
2021-04-02,188.01 ,195.31 
2021-04-06,195.38 ,202.86 
2021-04-07,196.01 ,203.06 
2021-04-08,196.01 ,203.06 
2021-04-09,195.35 ,202.79 
2021-04-12,195.00 ,202.46 
2021-04-13,192.84 ,200.51 
2021-04-14,194.71 ,201.82 
2021-04-15,194.71 ,201.82 
2021-04-16,194.68 ,201.88 
2021-04-19,194.38 ,201.53 
2021-04-20,193.96 ,201.25 
2021-04-21,194.07 ,201.44 
2021-04-22,194.07 ,201.44 
2021-04-23,195.27 ,202.43 
2021-04-25,195.81 ,203.27 
2021-04-26,199.46 ,207.45 
2021-04-27,199.46 ,207.45 
2021-04-28,199.73 ,207.51 
2021-04-29,199.61 ,207.23 
2021-04-30,199.85 ,207.88 
2021-05-06,206.98 ,216.85 
2021-05-07,210.15 ,220.97 
2021-05-10,231.16 ,246.63 
2021-05-11,233.05 ,248.85 
2021-05-12,234.83 ,248.72 
2021-05-13,233.92 ,246.79 
2021-05-14,227.11 ,239.17 
2021-05-17,219.77 ,229.14 
2021-05-18,218.82 ,227.16 
2021-05-19,213.42 ,221.38 
2021-05-20,205.63 ,214.04 
2021-05-21,204.90 ,212.51 
2021-05-24,196.72 ,203.80 
,,
,,
