指标名称,螺焦比,螺矿比
2011/4/15,2.1499,
2011/4/18,2.0602,
2011/4/19,2.0439,
2011/4/20,2.0434,
2011/4/21,2.0699,
2011/4/22,2.0949,
2011/4/25,2.0887,
2011/4/26,2.1075,
2011/4/27,2.1049,
2011/4/28,2.1041,
2011/4/29,2.0982,
2011/5/3,2.1136,
2011/5/4,2.1175,
2011/5/5,2.1256,
2011/5/6,2.1218,
2011/5/9,2.1133,
2011/5/10,2.1192,
2011/5/11,2.0875,
2011/5/12,2.0527,
2011/5/13,2.0033,
2011/5/16,2.0062,
2011/5/17,2.0125,
2011/5/18,2.0138,
2011/5/19,2.0345,
2011/5/20,2.0294,
2011/5/23,2.0305,
2011/5/24,2.0228,
2011/5/25,2.0303,
2011/5/26,2.0235,
2011/5/27,2.044,
2011/5/30,2.054,
2011/5/31,2.0553,
2011/6/1,2.0618,
2011/6/2,2.0656,
2011/6/3,2.088,
2011/6/7,2.0824,
2011/6/8,2.0894,
2011/6/9,2.089,
2011/6/10,2.0985,
2011/6/13,2.0818,
2011/6/14,2.0604,
2011/6/15,2.0644,
2011/6/16,2.0701,
2011/6/17,2.055,
2011/6/20,2.0515,
2011/6/21,2.0587,
2011/6/22,2.0537,
2011/6/23,2.0433,
2011/6/24,2.0498,
2011/6/27,2.0464,
2011/6/28,2.0289,
2011/6/29,2.0535,
2011/6/30,2.0572,
2011/7/1,2.0525,
2011/7/4,2.0657,
2011/7/5,2.0731,
2011/7/6,2.057,
2011/7/7,2.0675,
2011/7/8,2.083,
2011/7/11,2.0962,
2011/7/12,2.1109,
2011/7/13,2.1148,
2011/7/14,2.1158,
2011/7/15,2.1128,
2011/7/18,2.1265,
2011/7/19,2.128,
2011/7/20,2.1372,
2011/7/21,2.1468,
2011/7/22,2.1535,
2011/7/25,2.1416,
2011/7/26,2.1395,
2011/7/27,2.15,
2011/7/28,2.1482,
2011/7/29,2.1579,
2011/8/1,2.1737,
2011/8/2,2.1786,
2011/8/3,2.1848,
2011/8/4,2.1742,
2011/8/5,2.1063,
2011/8/8,2.1024,
2011/8/9,2.1255,
2011/8/10,2.1385,
2011/8/11,2.1491,
2011/8/12,2.1582,
2011/8/15,2.1925,
2011/8/16,2.225,
2011/8/17,2.2424,
2011/8/18,2.2577,
2011/8/19,2.2723,
2011/8/22,2.1382,
2011/8/23,2.2033,
2011/8/24,2.2263,
2011/8/25,2.1873,
2011/8/26,2.1684,
2011/8/29,2.1616,
2011/8/30,2.1685,
2011/8/31,2.1559,
2011/9/1,2.1577,
2011/9/2,2.1731,
2011/9/5,2.1666,
2011/9/6,2.1436,
2011/9/7,2.1461,
2011/9/8,2.1499,
2011/9/9,2.1434,
2011/9/13,2.1401,
2011/9/14,2.1472,
2011/9/15,2.13,
2011/9/16,2.1185,
2011/9/19,2.0885,
2011/9/20,2.0866,
2011/9/21,2.074,
2011/9/22,2.0842,
2011/9/23,2.0843,
2011/9/26,2.1085,
2011/9/27,2.1154,
2011/9/28,2.1157,
2011/9/29,2.1262,
2011/9/30,2.123,
2011/10/10,2.1146,
2011/10/11,2.1085,
2011/10/12,2.0998,
2011/10/13,2.0986,
2011/10/14,2.0952,
2011/10/17,2.086,
2011/10/18,2.0723,
2011/10/19,2.0503,
2011/10/20,2.0504,
2011/10/21,2.0638,
2011/10/24,2.0721,
2011/10/25,2.0516,
2011/10/26,2.0443,
2011/10/27,2.0533,
2011/10/28,2.0644,
2011/10/31,2.0946,
2011/11/1,2.0878,
2011/11/2,2.0739,
2011/11/3,2.0738,
2011/11/4,2.0879,
2011/11/7,2.098,
2011/11/8,2.0901,
2011/11/9,2.1011,
2011/11/10,2.0911,
2011/11/11,2.0462,
2011/11/14,2.0605,
2011/11/15,2.0209,
2011/11/16,2.0493,
2011/11/17,2.0528,
2011/11/18,2.0647,
2011/11/21,2.0429,
2011/11/22,2.0478,
2011/11/23,2.055,
2011/11/24,2.055,
2011/11/25,2.0574,
2011/11/28,2.0748,
2011/11/29,2.0963,
2011/11/30,2.052,
2011/12/1,2.0801,
2011/12/2,2.0786,
2011/12/5,2.0861,
2011/12/6,2.1052,
2011/12/7,2.1135,
2011/12/8,2.1212,
2011/12/9,2.0877,
2011/12/12,2.1105,
2011/12/13,2.1196,
2011/12/14,2.1277,
2011/12/15,2.1396,
2011/12/16,2.1285,
2011/12/19,2.1217,
2011/12/20,2.1129,
2011/12/21,2.1141,
2011/12/22,2.1265,
2011/12/23,2.1374,
2011/12/26,2.1516,
2011/12/27,2.1624,
2011/12/28,2.1364,
2011/12/29,2.1302,
2011/12/30,2.1026,
2012/1/4,2.0959,
2012/1/5,2.0944,
2012/1/6,2.0678,
2012/1/9,2.0556,
2012/1/10,2.0609,
2012/1/11,2.046,
2012/1/12,2.046,
2012/1/13,2.0465,
2012/1/16,2.0735,
2012/1/17,2.0771,
2012/1/18,2.0808,
2012/1/19,2.0766,
2012/1/20,2.0795,
2012/1/30,2.0639,
2012/1/31,2.0472,
2012/2/1,2.0566,
2012/2/2,2.0687,
2012/2/3,2.0749,
2012/2/6,2.0545,
2012/2/7,2.0427,
2012/2/8,2.0466,
2012/2/9,2.0557,
2012/2/10,2.0614,
2012/2/13,2.054,
2012/2/14,2.0575,
2012/2/15,2.0401,
2012/2/16,2.0346,
2012/2/17,2.0336,
2012/2/20,2.0336,
2012/2/21,2.0443,
2012/2/22,2.0528,
2012/2/23,2.0548,
2012/2/24,2.0445,
2012/2/27,2.0553,
2012/2/28,2.0557,
2012/2/29,2.0546,
2012/3/1,2.0625,
2012/3/2,2.056,
2012/3/5,2.0598,
2012/3/6,2.0683,
2012/3/7,2.0712,
2012/3/8,2.0848,
2012/3/9,2.0917,
2012/3/12,2.104,
2012/3/13,2.1088,
2012/3/14,2.1162,
2012/3/15,2.1378,
2012/3/16,2.145,
2012/3/19,2.1589,
2012/3/20,2.1491,
2012/3/21,2.1405,
2012/3/22,2.1437,
2012/3/23,2.13,
2012/3/26,2.1281,
2012/3/27,2.1345,
2012/3/28,2.1422,
2012/3/29,2.1359,
2012/3/30,2.1364,
2012/4/5,2.1472,
2012/4/6,2.1721,
2012/4/9,2.1886,
2012/4/10,2.1942,
2012/4/11,2.1811,
2012/4/12,2.1966,
2012/4/13,2.2081,
2012/4/16,2.0844,
2012/4/17,2.0812,
2012/4/18,2.0993,
2012/4/19,2.1053,
2012/4/20,2.0952,
2012/4/23,2.1221,
2012/4/24,2.1243,
2012/4/25,2.123,
2012/4/26,2.1235,
2012/4/27,2.123,
2012/5/2,2.1235,
2012/5/3,2.1194,
2012/5/4,2.1304,
2012/5/7,2.1167,
2012/5/8,2.1324,
2012/5/9,2.1244,
2012/5/10,2.1211,
2012/5/11,2.1142,
2012/5/14,2.148,
2012/5/15,2.1573,
2012/5/16,2.1631,
2012/5/17,2.1711,
2012/5/18,2.1776,
2012/5/21,2.1699,
2012/5/22,2.1666,
2012/5/23,2.1595,
2012/5/24,2.1587,
2012/5/25,2.1634,
2012/5/28,2.1656,
2012/5/29,2.172,
2012/5/30,2.1851,
2012/5/31,2.1968,
2012/6/1,2.1997,
2012/6/4,2.2259,
2012/6/5,2.2533,
2012/6/6,2.2592,
2012/6/7,2.2629,
2012/6/8,2.2959,
2012/6/11,2.2902,
2012/6/12,2.325,
2012/6/13,2.3532,
2012/6/14,2.3652,
2012/6/15,2.3686,
2012/6/18,2.3641,
2012/6/19,2.3564,
2012/6/20,2.354,
2012/6/21,2.3711,
2012/6/25,2.3892,
2012/6/26,2.4183,
2012/6/27,2.4108,
2012/6/28,2.4519,
2012/6/29,2.4636,
2012/7/2,2.4076,
2012/7/3,2.3596,
2012/7/4,2.3328,
2012/7/5,2.3188,
2012/7/6,2.3222,
2012/7/9,2.3245,
2012/7/10,2.3018,
2012/7/11,2.2716,
2012/7/12,2.2263,
2012/7/13,2.2063,
2012/7/16,2.2282,
2012/7/17,2.2572,
2012/7/18,2.2433,
2012/7/19,2.2135,
2012/7/20,2.2339,
2012/7/23,2.295,
2012/7/24,2.2947,
2012/7/25,2.3338,
2012/7/26,2.3656,
2012/7/27,2.3585,
2012/7/30,2.3854,
2012/7/31,2.4142,
2012/8/1,2.3599,
2012/8/2,2.3257,
2012/8/3,2.3232,
2012/8/6,2.341,
2012/8/7,2.3478,
2012/8/8,2.3325,
2012/8/9,2.3247,
2012/8/10,2.339,
2012/8/13,2.3622,
2012/8/14,2.4056,
2012/8/15,2.423,
2012/8/16,2.4058,
2012/8/17,2.3863,
2012/8/20,2.3701,
2012/8/21,2.4062,
2012/8/22,2.3999,
2012/8/23,2.3686,
2012/8/24,2.3581,
2012/8/27,2.3714,
2012/8/28,2.3811,
2012/8/29,2.4028,
2012/8/30,2.4541,
2012/8/31,2.4435,
2012/9/3,2.4272,
2012/9/4,2.4467,
2012/9/5,2.4749,
2012/9/6,2.4839,
2012/9/7,2.5026,
2012/9/10,2.4835,
2012/9/11,2.4511,
2012/9/12,2.397,
2012/9/13,2.3848,
2012/9/14,2.418,
2012/9/17,2.4769,
2012/9/18,2.4519,
2012/9/19,2.4521,
2012/9/20,2.4567,
2012/9/21,2.4242,
2012/9/24,2.4507,
2012/9/25,2.442,
2012/9/26,2.4607,
2012/9/27,2.4449,
2012/9/28,2.4453,
2012/10/8,2.4826,
2012/10/9,2.4453,
2012/10/10,2.3908,
2012/10/11,2.3795,
2012/10/12,2.3559,
2012/10/15,2.3353,
2012/10/16,2.3275,
2012/10/17,2.3117,
2012/10/18,2.3124,
2012/10/19,2.3176,
2012/10/22,2.3472,
2012/10/23,2.3737,
2012/10/24,2.3873,
2012/10/25,2.2684,
2012/10/26,2.2867,
2012/10/29,2.3045,
2012/10/30,2.3163,
2012/10/31,2.3073,
2012/11/1,2.3119,
2012/11/2,2.3159,
2012/11/5,2.2926,
2012/11/6,2.2895,
2012/11/7,2.3231,
2012/11/8,2.3498,
2012/11/9,2.3419,
2012/11/12,2.3316,
2012/11/13,2.3232,
2012/11/14,2.3244,
2012/11/15,2.3212,
2012/11/16,2.2995,
2012/11/19,2.2659,
2012/11/20,2.2639,
2012/11/21,2.2528,
2012/11/22,2.2393,
2012/11/23,2.2484,
2012/11/26,2.2442,
2012/11/27,2.2557,
2012/11/28,2.2649,
2012/11/29,2.2626,
2012/11/30,2.2739,
2012/12/3,2.2738,
2012/12/4,2.2748,
2012/12/5,2.2826,
2012/12/6,2.2848,
2012/12/7,2.2795,
2012/12/10,2.27,
2012/12/11,2.2639,
2012/12/12,2.2707,
2012/12/13,2.2728,
2012/12/14,2.2823,
2012/12/17,2.2868,
2012/12/18,2.2689,
2012/12/19,2.2733,
2012/12/20,2.2757,
2012/12/21,2.2591,
2012/12/24,2.2626,
2012/12/25,2.2717,
2012/12/26,2.2577,
2012/12/27,2.2338,
2012/12/28,2.2341,
2012/12/31,2.2099,
2013/1/4,2.1839,
2013/1/7,2.1928,
2013/1/8,2.1943,
2013/1/9,2.1971,
2013/1/10,2.2166,
2013/1/11,2.2194,
2013/1/14,2.1945,
2013/1/15,2.1972,
2013/1/16,2.1959,
2013/1/17,2.1878,
2013/1/18,2.1647,
2013/1/21,2.1269,
2013/1/22,2.131,
2013/1/23,2.1411,
2013/1/24,2.1687,
2013/1/25,2.1688,
2013/1/28,2.1783,
2013/1/29,2.1578,
2013/1/30,2.1661,
2013/1/31,2.1779,
2013/2/1,2.1746,
2013/2/4,2.1892,
2013/2/5,2.1803,
2013/2/6,2.1583,
2013/2/7,2.0252,
2013/2/8,2.0365,
2013/2/18,2.121,
2013/2/19,2.1296,
2013/2/20,2.1294,
2013/2/21,2.153,
2013/2/22,2.1784,
2013/2/25,2.1833,
2013/2/26,2.1813,
2013/2/27,2.1712,
2013/2/28,2.1666,
2013/3/1,2.1927,
2013/3/4,2.1957,
2013/3/5,2.1868,
2013/3/6,2.187,
2013/3/7,2.2163,
2013/3/8,2.2479,
2013/3/11,2.2448,
2013/3/12,2.2474,
2013/3/13,2.2394,
2013/3/14,2.2694,
2013/3/15,2.2946,
2013/3/18,2.3031,
2013/3/19,2.2932,
2013/3/20,2.3011,
2013/3/21,2.2891,
2013/3/22,2.303,
2013/3/25,2.3159,
2013/3/26,2.3367,
2013/3/27,2.3454,
2013/3/28,2.3591,
2013/3/29,2.3981,
2013/4/1,2.3851,
2013/4/2,2.3539,
2013/4/3,2.3395,
2013/4/8,2.3567,
2013/4/9,2.3482,
2013/4/10,2.3681,
2013/4/11,2.3931,
2013/4/12,2.3967,
2013/4/15,2.409,
2013/4/16,2.4172,
2013/4/17,2.4235,
2013/4/18,2.411,
2013/4/19,2.3887,
2013/4/22,2.3993,
2013/4/23,2.3995,
2013/4/24,2.4065,
2013/4/25,2.4066,
2013/4/26,2.3953,
2013/5/2,2.4106,
2013/5/3,2.3956,
2013/5/6,2.3833,
2013/5/7,2.3972,
2013/5/8,2.4003,
2013/5/9,2.3888,
2013/5/10,2.3727,
2013/5/13,2.3438,
2013/5/14,2.3193,
2013/5/15,2.3224,
2013/5/16,2.3465,
2013/5/17,2.3355,
2013/5/20,2.3199,
2013/5/21,2.3074,
2013/5/22,2.2929,
2013/5/23,2.2983,
2013/5/24,2.2973,
2013/5/27,2.3034,
2013/5/28,2.3089,
2013/5/29,2.3007,
2013/5/30,2.3112,
2013/5/31,2.312,
2013/6/3,2.3467,
2013/6/4,2.3356,
2013/6/5,2.332,
2013/6/6,2.3569,
2013/6/7,2.3773,
2013/6/13,2.3904,
2013/6/14,2.3753,
2013/6/17,2.384,
2013/6/18,2.3955,
2013/6/19,2.4058,
2013/6/20,2.4563,
2013/6/21,2.3892,
2013/6/24,2.3786,
2013/6/25,2.3886,
2013/6/26,2.4021,
2013/6/27,2.4121,
2013/6/28,2.409,
2013/7/1,2.414,
2013/7/2,2.4198,
2013/7/3,2.5119,
2013/7/4,2.5311,
2013/7/5,2.5121,
2013/7/8,2.5246,
2013/7/9,2.5234,
2013/7/10,2.5415,
2013/7/11,2.4993,
2013/7/12,2.5172,
2013/7/15,2.5539,
2013/7/16,2.57,
2013/7/17,2.5368,
2013/7/18,2.5213,
2013/7/19,2.5007,
2013/7/22,2.4804,
2013/7/23,2.4899,
2013/7/24,2.4936,
2013/7/25,2.4973,
2013/7/26,2.4905,
2013/7/29,2.5041,
2013/7/30,2.5079,
2013/7/31,2.5058,
2013/8/1,2.4789,
2013/8/2,2.4767,
2013/8/5,2.4761,
2013/8/6,2.4878,
2013/8/7,2.4976,
2013/8/8,2.4807,
2013/8/9,2.4599,
2013/8/12,2.4268,
2013/8/13,2.4038,
2013/8/14,2.3776,
2013/8/15,2.3819,
2013/8/16,2.3966,
2013/8/19,2.3763,
2013/8/20,2.3804,
2013/8/21,2.3657,
2013/8/22,2.3518,
2013/8/23,2.3331,
2013/8/26,2.3052,
2013/8/27,2.3028,
2013/8/28,2.3264,
2013/8/29,2.3703,
2013/8/30,2.3699,
2013/9/2,2.336,
2013/9/3,2.3263,
2013/9/4,2.322,
2013/9/5,2.3184,
2013/9/6,2.3149,
2013/9/9,2.3183,
2013/9/10,2.3234,
2013/9/11,2.3186,
2013/9/12,2.3346,
2013/9/13,2.3325,
2013/9/16,2.3154,
2013/9/17,2.3372,
2013/9/18,2.3039,
2013/9/23,2.2946,
2013/9/24,2.2963,
2013/9/25,2.2929,
2013/9/26,2.2756,
2013/9/27,2.2783,
2013/9/30,2.3089,
2013/10/8,2.3257,
2013/10/9,2.3115,
2013/10/10,2.314,
2013/10/11,2.3122,
2013/10/14,2.2962,
2013/10/15,2.2709,
2013/10/16,2.2772,
2013/10/17,2.2782,
2013/10/18,2.2812,3.6523
2013/10/21,2.2598,3.6877
2013/10/22,2.2544,3.7259
2013/10/23,2.268,3.7648
2013/10/24,2.2757,3.7985
2013/10/25,2.2852,3.7864
2013/10/28,2.2879,3.7842
2013/10/29,2.2951,3.7993
2013/10/30,2.1766,3.7961
2013/10/31,2.2646,3.9404
2013/11/1,2.2708,3.8907
2013/11/4,2.28,3.8704
2013/11/5,2.3009,3.8754
2013/11/6,2.2901,3.8677
2013/11/7,2.2997,3.8856
2013/11/8,2.319,3.9053
2013/11/11,2.3272,3.8977
2013/11/12,2.3266,3.9073
2013/11/13,2.3023,3.8721
2013/11/14,2.271,3.8606
2013/11/15,2.2673,3.8652
2013/11/18,2.261,3.8656
2013/11/19,2.2511,3.8504
2013/11/20,2.2437,3.8609
2013/11/21,2.2475,3.8749
2013/11/22,2.2435,3.8852
2013/11/25,2.2506,3.8927
2013/11/26,2.256,3.8946
2013/11/27,2.2667,3.9038
2013/11/28,2.2678,3.9136
2013/11/29,2.2696,3.9001
2013/12/2,2.2711,3.938
2013/12/3,2.2765,3.9414
2013/12/4,2.2712,3.9178
2013/12/5,2.2641,3.9072
2013/12/6,2.282,3.9255
2013/12/9,2.2944,3.9417
2013/12/10,2.2971,3.9438
2013/12/11,2.3052,3.9701
2013/12/12,2.3106,3.9979
2013/12/13,2.3527,4.045
2013/12/16,2.3614,4.0076
2013/12/17,2.3504,4.0131
2013/12/18,2.3507,4.0276
2013/12/19,2.3442,4.0231
2013/12/20,2.3594,4.0198
2013/12/23,2.3752,4.0527
2013/12/24,2.382,4.0211
2013/12/25,2.3788,4.0078
2013/12/26,2.3812,4.0382
2013/12/27,2.3901,3.9967
2013/12/30,2.3934,3.9452
2013/12/31,2.4386,3.9329
2014/1/2,2.4585,3.9536
2014/1/3,2.4739,3.9576
2014/1/6,2.4831,3.9529
2014/1/7,2.4611,3.897
2014/1/8,2.4543,3.891
2014/1/9,2.4907,3.9011
2014/1/10,2.5244,3.9578
2014/1/13,2.5138,3.9782
2014/1/14,2.5188,3.9828
2014/1/15,2.5202,3.9829
2014/1/16,2.5162,3.9704
2014/1/17,2.5241,3.9622
2014/1/20,2.5599,3.9919
2014/1/21,2.5492,4.0294
2014/1/22,2.5428,4.0188
2014/1/23,2.5523,3.9563
2014/1/24,2.5511,3.9623
2014/1/27,2.553,4.0081
2014/1/28,2.569,4.0012
2014/1/29,2.5569,3.9849
2014/1/30,2.5552,3.9804
2014/2/7,2.5757,3.979
2014/2/10,2.5544,3.9918
2014/2/11,2.5636,4.0035
2014/2/12,2.5678,3.9953
2014/2/13,2.5665,3.9836
2014/2/14,2.5838,3.9628
2014/2/17,2.5638,3.9608
2014/2/18,2.5645,3.962
2014/2/19,2.549,3.9815
2014/2/20,2.546,3.9766
2014/2/21,2.5511,3.9918
2014/2/24,2.582,4.029
2014/2/25,2.5897,4.0537
2014/2/26,2.587,4.0613
2014/2/27,2.5947,4.0797
2014/2/28,2.6027,4.0899
2014/3/3,2.6294,4.1464
2014/3/4,2.7432,4.2802
2014/3/5,2.754,4.2794
2014/3/6,2.7652,4.2818
2014/3/7,2.7851,4.3359
2014/3/10,2.7926,4.421
2014/3/11,2.7005,4.4036
2014/3/12,2.6703,4.4394
2014/3/13,2.674,4.4301
2014/3/14,2.7022,4.419
2014/3/17,2.6952,4.421
2014/3/18,2.6851,4.4507
2014/3/19,2.6821,4.4202
2014/3/20,2.6893,4.3737
2014/3/21,2.7411,4.3932
2014/3/24,2.7402,4.3918
2014/3/25,2.7268,4.3462
2014/3/26,2.7011,4.3325
2014/3/27,2.7109,4.2996
2014/3/28,2.7092,4.277
2014/3/31,2.7063,4.2155
2014/4/1,2.7262,4.1889
2014/4/2,2.7212,4.2287
2014/4/3,2.7013,4.2127
2014/4/4,2.6837,4.19
2014/4/8,2.6581,4.1474
2014/4/9,2.6724,4.1286
2014/4/10,2.6844,4.128
2014/4/11,2.6885,4.1453
2014/4/14,2.6781,4.1851
2014/4/15,2.6675,4.1756
2014/4/16,2.6442,4.1765
2014/4/17,2.6458,4.1794
2014/4/18,2.7002,4.1816
2014/4/21,2.712,4.1547
2014/4/22,2.7001,4.1703
2014/4/23,2.7244,4.1671
2014/4/24,2.7246,4.1456
2014/4/25,2.7189,4.1193
2014/4/28,2.735,4.2057
2014/4/29,2.7238,4.2185
2014/4/30,2.7498,4.2346
2014/5/5,2.7509,4.2199
2014/5/6,2.739,4.2029
2014/5/7,2.7185,4.2372
2014/5/8,2.7092,4.288
2014/5/9,2.6836,4.3098
2014/5/12,2.6475,4.3283
2014/5/13,2.639,4.2799
2014/5/14,2.6342,4.294
2014/5/15,2.6377,4.2652
2014/5/16,2.6629,4.2895
2014/5/19,2.6803,4.3573
2014/5/20,2.6707,4.3852
2014/5/21,2.6891,4.3499
2014/5/22,2.6852,4.318
2014/5/23,2.6832,4.3361
2014/5/26,2.6514,4.3538
2014/5/27,2.6467,4.3597
2014/5/28,2.6758,4.3944
2014/5/29,2.6701,4.4387
2014/5/30,2.6571,4.4803
2014/6/3,2.6447,4.4882
2014/6/4,2.6525,4.4556
2014/6/5,2.6274,4.4504
2014/6/6,2.6136,4.4637
2014/6/9,2.6155,4.4593
2014/6/10,2.6297,4.4686
2014/6/11,2.6362,4.4773
2014/6/12,2.6591,4.5284
2014/6/13,2.6596,4.5594
2014/6/16,2.6407,4.5582
2014/6/17,2.6418,4.5385
2014/6/18,2.6346,4.5187
2014/6/19,2.6415,4.5323
2014/6/20,2.6591,4.4963
2014/6/23,2.669,4.4406
2014/6/24,2.6839,4.4693
2014/6/25,2.6862,4.4472
2014/6/26,2.6933,4.3785
2014/6/27,2.7009,4.3562
2014/6/30,2.7167,4.4034
2014/7/1,2.7201,4.4124
2014/7/2,2.7287,4.3413
2014/7/3,2.7447,4.324
2014/7/4,2.7688,4.3553
2014/7/7,2.7888,4.3954
2014/7/8,2.7851,4.3681
2014/7/9,2.7905,4.3766
2014/7/10,2.8159,4.4068
2014/7/11,2.8502,4.4144
2014/7/14,2.8888,4.3958
2014/7/15,2.8712,4.3788
2014/7/16,2.8843,4.3747
2014/7/17,2.8786,4.3947
2014/7/18,2.8442,4.4339
2014/7/21,2.8129,4.449
2014/7/22,2.643,4.4267
2014/7/23,2.6743,4.5411
2014/7/24,2.6944,4.5744
2014/7/25,2.7016,4.5539
2014/7/28,2.7269,4.5273
2014/7/29,2.7206,4.5197
2014/7/30,2.7152,4.548
2014/7/31,2.7267,4.5324
2014/8/1,2.7422,4.5445
2014/8/4,2.7536,4.5621
2014/8/5,2.735,4.5358
2014/8/6,2.739,4.5609
2014/8/7,2.7349,4.5674
2014/8/8,2.7159,4.5884
2014/8/11,2.7148,4.5825
2014/8/12,2.7282,4.5961
2014/8/13,2.7259,4.5979
2014/8/14,2.7589,4.622
2014/8/15,2.7667,4.5888
2014/8/18,2.7362,4.6006
2014/8/19,2.7441,4.6212
2014/8/20,2.7282,4.6098
2014/8/21,2.722,4.6151
2014/8/22,2.7059,4.6285
2014/8/25,2.6869,4.6174
2014/8/26,2.6649,4.6037
2014/8/27,2.6557,4.6371
2014/8/28,2.6621,4.7002
2014/8/29,2.6603,4.6842
2014/9/1,2.6534,4.7085
2014/9/2,2.6296,4.6502
2014/9/3,2.5971,4.69
2014/9/4,2.5924,4.7326
2014/9/5,2.6004,4.8166
2014/9/9,2.6101,4.7504
2014/9/10,2.5989,4.7402
2014/9/11,2.5856,4.7248
2014/9/12,2.5873,4.7046
2014/9/15,2.5963,4.7265
2014/9/16,2.5772,4.6968
2014/9/17,2.5647,4.6784
2014/9/18,2.5491,4.6813
2014/9/19,2.5315,4.7133
2014/9/22,2.5014,4.7304
2014/9/23,2.4717,4.6953
2014/9/24,2.4592,4.669
2014/9/25,2.4414,4.6541
2014/9/26,2.4494,4.6315
2014/9/29,2.4141,4.6472
2014/9/30,2.4179,4.646
2014/10/8,2.3887,4.5787
2014/10/9,2.3559,4.5676
2014/10/10,2.3744,4.5587
2014/10/13,2.4115,4.5491
2014/10/14,2.4257,4.5119
2014/10/15,2.4442,4.5489
2014/10/16,2.4623,4.6596
2014/10/17,2.4701,4.6702
2014/10/20,2.4094,4.526
2014/10/21,2.41,4.5078
2014/10/22,2.3622,4.4497
2014/10/23,2.3392,4.8435
2014/10/24,2.3142,4.8125
2014/10/27,2.3161,4.8295
2014/10/28,2.3392,4.8755
2014/10/29,2.3535,4.8912
2014/10/30,2.3742,4.8596
2014/10/31,2.3707,4.844
2014/11/3,2.3505,4.8615
2014/11/4,2.3832,4.9228
2014/11/5,2.3861,4.9246
2014/11/6,2.3754,4.9803
2014/11/7,2.3756,4.9608
2014/11/10,2.3881,4.9903
2014/11/11,2.3854,5.0098
2014/11/12,2.3901,5.0098
2014/11/13,2.3743,5.002
2014/11/14,2.369,4.9763
2014/11/17,2.3653,4.9684
2014/11/18,2.3292,5.0041
2014/11/19,2.3264,5.1366
2014/11/20,2.3194,5.1408
2014/11/21,2.3156,5.172
2014/11/24,2.3104,5.1597
2014/11/25,2.372,5.2613
2014/11/26,2.3663,5.2743
2014/11/27,2.3831,5.2489
2014/11/28,2.4395,5.2412
2014/12/1,2.4562,5.2824
2014/12/2,2.4301,5.261
2014/12/3,2.4399,5.2788
2014/12/4,2.4668,5.2306
2014/12/5,2.4682,5.25
2014/12/8,2.485,5.249
2014/12/9,2.4697,5.2908
2014/12/10,2.4791,5.3139
2014/12/11,2.4976,5.3313
2014/12/12,2.4741,5.3155
2014/12/15,2.4803,5.3018
2014/12/16,2.4603,5.3333
2014/12/17,2.4684,5.2697
2014/12/18,2.4665,5.2115
2014/12/19,2.4749,5.2224
2014/12/22,2.4553,5.2037
2014/12/23,2.4573,5.2038
2014/12/24,2.4731,5.2274
2014/12/25,2.4618,5.2185
2014/12/26,2.4638,5.2232
2014/12/29,2.4881,5.225
2014/12/30,2.4971,5.2056
2014/12/31,2.4957,5.1043
2015/1/5,2.4816,5.112
2015/1/6,2.4876,5.0817
2015/1/7,2.4629,5.0607
2015/1/8,2.4409,5.0391
2015/1/9,2.428,5.0275
2015/1/12,2.4254,5.0039
2015/1/13,2.416,5.016
2015/1/14,2.4029,5.0141
2015/1/15,2.3944,4.98
2015/1/16,2.4015,4.9546
2015/1/19,2.3887,4.9722
2015/1/20,2.4151,4.9643
2015/1/21,2.4017,5.0262
2015/1/22,2.3948,5.084
2015/1/23,2.406,5.1729
2015/1/26,2.4137,5.2272
2015/1/27,2.3971,5.2277
2015/1/28,2.4072,5.2447
2015/1/29,2.4294,5.2637
2015/1/30,2.4414,5.2743
2015/2/2,2.4327,5.277
2015/2/3,2.4179,5.205
2015/2/4,2.4093,5.2185
2015/2/5,2.4054,5.2321
2015/2/6,2.4006,5.2248
2015/2/9,2.3961,5.2211
2015/2/10,2.4019,5.2117
2015/2/11,2.4056,5.1879
2015/2/12,2.4037,5.1946
2015/2/13,2.4143,5.1564
2015/2/16,2.437,5.1255
2015/2/17,2.437,5.1222
2015/2/25,2.4402,5.1639
2015/2/26,2.4399,5.157
2015/2/27,2.4311,5.1173
2015/3/2,2.4078,5.106
2015/3/3,2.4153,5.1056
2015/3/4,2.4127,5.1378
2015/3/5,2.4284,5.2651
2015/3/6,2.4281,5.3122
2015/3/9,2.4716,5.4956
2015/3/10,2.4563,5.4668
2015/3/11,2.4542,5.4878
2015/3/12,2.4746,5.4539
2015/3/13,2.49,5.4585
2015/3/16,2.508,5.5254
2015/3/17,2.5216,5.5253
2015/3/18,2.5335,5.6644
2015/3/19,2.5341,5.6758
2015/3/20,2.5403,5.7041
2015/3/23,2.6023,5.831
2015/3/24,2.6391,5.8132
2015/3/25,2.6506,5.7803
2015/3/26,2.6288,5.8005
2015/3/27,2.6201,5.8592
2015/3/30,2.5799,5.9351
2015/3/31,2.5928,6.052
2015/4/1,2.5596,6.0911
2015/4/2,2.5181,6.1641
2015/4/3,2.5193,6.2249
2015/4/7,2.4909,6.0364
2015/4/8,2.5252,5.9793
2015/4/9,2.5297,6.0262
2015/4/10,2.5503,6.1126
2015/4/13,2.5326,6.0475
2015/4/14,2.5283,5.9209
2015/4/15,2.5524,5.9056
2015/4/16,2.5407,5.868
2015/4/17,2.54,5.8709
2015/4/20,2.548,5.8597
2015/4/21,2.5461,5.9375
2015/4/22,2.5405,5.8803
2015/4/23,2.5559,5.7833
2015/4/24,2.5679,5.7333
2015/4/27,2.5415,5.5818
2015/4/28,2.5678,5.6019
2015/4/29,2.5836,5.6166
2015/4/30,2.5806,5.7282
2015/5/4,2.6549,5.7211
2015/5/5,2.6131,5.6237
2015/5/6,2.6084,5.5062
2015/5/7,2.6083,5.5114
2015/5/8,2.5849,5.5138
2015/5/11,2.5941,5.4915
2015/5/12,2.6021,5.4676
2015/5/13,2.6074,5.4839
2015/5/14,2.5981,5.5863
2015/5/15,2.586,5.5948
2015/5/18,2.5761,5.5423
2015/5/19,2.5752,5.5924
2015/5/20,2.5735,5.6039
2015/5/21,2.5697,5.5392
2015/5/22,2.575,5.5762
2015/5/25,2.5743,5.5254
2015/5/26,2.5836,5.4345
2015/5/27,2.5794,5.4263
2015/5/28,2.5838,5.467
2015/5/29,2.5728,5.5271
2015/6/1,2.5679,5.4181
2015/6/2,2.5688,5.3886
2015/6/3,2.5643,5.3827
2015/6/4,2.5597,5.3746
2015/6/5,2.5515,5.3509
2015/6/8,2.5553,5.3756
2015/6/9,2.5688,5.3761
2015/6/10,2.5546,5.2941
2015/6/11,2.5644,5.1854
2015/6/12,2.5618,5.1693
2015/6/15,2.5464,5.1069
2015/6/16,2.5206,5.1209
2015/6/17,2.5124,5.1944
2015/6/18,2.5403,5.2351
2015/6/19,2.5507,5.2349
2015/6/23,2.5358,5.2075
2015/6/24,2.5385,5.106
2015/6/25,2.5379,5.0614
2015/6/26,2.5339,5.1116
2015/6/29,2.5284,5.0947
2015/6/30,2.4579,5.0678
2015/7/1,2.4301,5.1202
2015/7/2,2.4146,5.1125
2015/7/3,2.425,5.1985
2015/7/6,2.4054,5.169
2015/7/7,2.3424,5.2533
2015/7/8,2.3361,5.5007
2015/7/9,2.4041,5.4333
2015/7/10,2.4642,5.5095
2015/7/13,2.4806,5.4776
2015/7/14,2.4791,5.4467
2015/7/15,2.4731,5.4046
2015/7/16,2.4631,5.4282
2015/7/17,2.475,5.4523
2015/7/20,2.559,5.5787
2015/7/21,2.5811,5.772
2015/7/22,2.5519,5.7913
2015/7/23,2.5364,5.8229
2015/7/24,2.5473,5.8598
2015/7/27,2.5661,5.881
2015/7/28,2.5668,5.8423
2015/7/29,2.5632,5.7322
2015/7/30,2.5683,5.6752
2015/7/31,2.5575,5.7237
2015/8/3,2.5535,5.6883
2015/8/4,2.5427,5.7123
2015/8/5,2.5493,5.6263
2015/8/6,2.5347,5.5567
2015/8/7,2.5073,5.5553
2015/8/10,2.4985,5.5556
2015/8/11,2.5397,5.4814
2015/8/12,2.5211,5.5107
2015/8/13,2.526,5.433
2015/8/14,2.5303,5.4156
2015/8/17,2.537,5.394
2015/8/18,2.547,5.3664
2015/8/19,2.5304,5.4248
2015/8/20,2.5223,5.4069
2015/8/21,2.5242,5.3828
2015/8/24,2.4987,5.3578
2015/8/25,2.4789,5.3767
2015/8/26,2.4927,5.3288
2015/8/27,2.4943,5.3279
2015/8/28,2.4809,5.2407
2015/8/31,2.4763,5.0843
2015/9/1,2.4863,5.0334
2015/9/2,2.4978,5.0308
2015/9/7,2.4585,4.987
2015/9/8,2.4573,5.0366
2015/9/9,2.4723,4.9384
2015/9/10,2.4816,4.8282
2015/9/11,2.4728,4.7649
2015/9/14,2.4903,4.7719
2015/9/15,2.4781,4.8256
2015/9/16,2.4772,4.8821
2015/9/17,2.4887,4.9049
2015/9/18,2.4772,4.9195
2015/9/21,2.4493,4.886
2015/9/22,2.4389,4.9221
2015/9/23,2.4574,5.0159
2015/9/24,2.461,5.0199
2015/9/25,2.457,4.9816
2015/9/28,2.4394,5.0094
2015/9/29,2.4055,5.0315
2015/9/30,2.4058,4.9823
2015/10/8,2.4214,4.9076
2015/10/9,2.4199,4.8083
2015/10/12,2.4786,4.8407
2015/10/13,2.4677,4.8762
2015/10/14,2.4854,4.8621
2015/10/15,2.4881,4.8933
2015/10/16,2.4753,4.9339
2015/10/19,2.4708,4.9216
2015/10/20,2.4511,4.8495
2015/10/21,2.444,4.898
2015/10/22,2.4499,4.9399
2015/10/23,2.4303,4.9071
2015/10/26,2.4387,4.9007
2015/10/27,2.4689,4.9479
2015/10/28,2.4683,4.964
2015/10/29,2.4748,5.0224
2015/10/30,2.4648,4.9501
2015/11/2,2.4833,4.9529
2015/11/3,2.4846,5.0756
2015/11/4,2.4888,5.0917
2015/11/5,2.5056,5.0901
2015/11/6,2.5134,5.1722
2015/11/9,2.5338,5.1844
2015/11/10,2.5217,5.1667
2015/11/11,2.5159,5.1441
2015/11/12,2.5153,5.1069
2015/11/13,2.4926,5.0314
2015/11/16,2.5061,5.0085
2015/11/17,2.4922,5.1004
2015/11/18,2.4751,5.1632
2015/11/19,2.4967,5.1631
2015/11/20,2.5159,5.1034
2015/11/23,2.4541,5.5116
2015/11/24,2.4136,5.5433
2015/11/25,2.6837,5.5132
2015/11/26,2.6567,5.4548
2015/11/27,2.6731,5.4778
2015/11/30,2.6618,5.5304
2015/12/1,2.6612,5.5631
2015/12/2,2.6661,5.665
2015/12/3,2.6597,5.628
2015/12/4,2.6934,5.7049
2015/12/7,2.703,5.6786
2015/12/8,2.7109,5.7266
2015/12/9,2.7225,5.777
2015/12/10,2.7261,5.7965
2015/12/11,2.7199,5.7828
2015/12/14,2.6998,5.7504
2015/12/15,2.7023,5.7094
2015/12/16,2.6931,5.7246
2015/12/17,2.708,5.7245
2015/12/18,2.7136,5.7008
2015/12/21,2.729,5.6765
2015/12/22,2.7364,5.683
2015/12/23,2.7055,5.642
2015/12/24,2.7261,5.653
2015/12/25,2.7466,5.6782
2015/12/28,2.753,5.645
2015/12/29,2.7752,5.6571
2015/12/30,2.7598,5.5757
2015/12/31,2.7736,5.5131
2016/1/4,2.8012,5.5549
2016/1/5,2.7868,5.5132
2016/1/6,2.8168,5.5587
2016/1/7,2.8484,5.55
2016/1/8,2.8266,5.6172
2016/1/11,2.8192,5.7115
2016/1/12,2.8294,5.7756
2016/1/13,2.8295,5.7811
2016/1/14,2.8328,5.7877
2016/1/15,2.8271,5.7597
2016/1/18,2.8502,5.7548
2016/1/19,2.8659,5.7183
2016/1/20,2.8733,5.7512
2016/1/21,2.8506,5.7739
2016/1/22,2.8313,5.7425
2016/1/25,2.8389,5.8259
2016/1/26,2.8527,5.8506
2016/1/27,2.8585,5.7792
2016/1/28,2.841,5.7085
2016/1/29,2.8315,5.6719
2016/2/1,2.841,5.6166
2016/2/2,2.8224,5.5754
2016/2/3,2.8289,5.5627
2016/2/4,2.8404,5.474
2016/2/5,2.8602,5.4985
2016/2/15,2.8995,5.5193
2016/2/16,2.863,5.5192
2016/2/17,2.8371,5.4743
2016/2/18,2.8412,5.4655
2016/2/19,2.835,5.3974
2016/2/22,2.8316,5.3499
2016/2/23,2.811,5.2389
2016/2/24,2.7593,5.2054
2016/2/25,2.763,5.2318
2016/2/26,2.7509,5.2637
2016/2/29,2.7562,5.3269
2016/3/1,2.7915,5.2853
2016/3/2,2.8212,5.232
2016/3/3,2.8028,5.1506
2016/3/4,2.8174,5.0902
2016/3/7,2.8144,5.0864
2016/3/8,2.8819,5.0937
2016/3/9,2.8964,4.9869
2016/3/10,2.9271,4.8962
2016/3/11,2.8622,4.874
2016/3/14,2.6737,4.6636
2016/3/15,2.644,4.7271
2016/3/16,2.6573,4.7966
2016/3/17,2.7023,4.8052
2016/3/18,2.7519,4.7618
2016/3/21,2.7588,5.0649
2016/3/22,2.8193,5.1514
2016/3/23,2.8177,5.2955
2016/3/24,2.81,5.4073
2016/3/25,2.8309,5.5019
2016/3/28,2.7951,5.5618
2016/3/29,2.7609,5.6825
2016/3/30,2.7237,5.5837
2016/3/31,2.7188,5.6063
2016/4/1,2.6886,5.6286
2016/4/5,2.6602,5.7596
2016/4/6,2.6699,5.8085
2016/4/7,2.6671,5.7934
2016/4/8,2.6453,5.8296
2016/4/11,2.6561,5.8551
2016/4/12,2.6228,5.7728
2016/4/13,2.5482,5.6468
2016/4/14,2.5613,5.5621
2016/4/15,2.567,5.599
2016/4/18,2.5716,5.6359
2016/4/19,2.572,5.7016
2016/4/20,2.5921,5.7229
2016/4/21,2.6458,5.8299
2016/4/22,2.5317,5.589
2016/4/25,2.4191,5.5428
2016/4/26,2.3377,5.6496
2016/4/27,2.3564,5.712
2016/4/28,2.4002,5.75
2016/4/29,2.354,5.6294
2016/5/3,2.2892,5.5946
2016/5/4,2.274,5.527
2016/5/5,2.2364,5.5697
2016/5/6,2.3175,5.6097
2016/5/9,2.3292,5.5936
2016/5/10,2.2876,5.5241
2016/5/11,2.314,5.5751
2016/5/12,2.3168,5.5561
2016/5/13,2.3121,5.5656
2016/5/16,2.3356,5.5864
2016/5/17,2.3131,5.5434
2016/5/18,2.2838,5.498
2016/5/19,2.277,5.5324
2016/5/20,2.251,5.5215
2016/5/23,2.2573,5.5237
2016/5/24,2.3107,5.5536
2016/5/25,2.3442,5.5856
2016/5/26,2.3289,5.656
2016/5/27,2.3711,5.7678
2016/5/30,2.3696,5.8134
2016/5/31,2.3298,5.7525
2016/6/1,2.3221,5.6923
2016/6/2,2.3034,5.6618
2016/6/3,2.3023,5.6978
2016/6/6,2.3439,5.6891
2016/6/7,2.3277,5.6282
2016/6/8,2.3423,5.6599
2016/6/13,2.4519,5.8059
2016/6/14,2.4941,5.814
2016/6/15,2.488,5.788
2016/6/16,2.4789,5.7073
2016/6/17,2.4351,5.6044
2016/6/20,2.4414,5.5753
2016/6/21,2.4602,5.5823
2016/6/22,2.4622,5.5512
2016/6/23,2.4613,5.5355
2016/6/24,2.4291,5.5155
2016/6/27,2.4166,5.5044
2016/6/28,2.4329,5.4513
2016/6/29,2.4142,5.3828
2016/6/30,2.4299,5.4127
2016/7/1,2.4726,5.5677
2016/7/4,2.4892,5.5898
2016/7/5,2.5172,5.4702
2016/7/6,2.5277,5.5268
2016/7/7,2.5287,5.6033
2016/7/8,2.5499,5.6718
2016/7/11,2.5428,5.6655
2016/7/12,2.506,5.6614
2016/7/13,2.4963,5.5556
2016/7/14,2.4935,5.4706
2016/7/15,2.4734,5.4809
2016/7/18,2.4661,5.4625
2016/7/19,2.4027,5.4089
2016/7/20,2.3859,5.4515
2016/7/21,2.366,5.4342
2016/7/22,2.3072,5.3493
2016/7/25,2.2403,5.3463
2016/7/26,2.2329,5.3039
2016/7/27,2.2414,5.2568
2016/7/28,2.2733,5.2551
2016/7/29,2.2682,5.2222
2016/8/1,2.249,5.219
2016/8/2,2.2282,5.1706
2016/8/3,2.2227,5.171
2016/8/4,2.2032,5.1811
2016/8/5,2.2022,5.149
2016/8/8,2.1588,5.171
2016/8/9,2.0946,5.1511
2016/8/10,2.041,5.219
2016/8/11,2.0486,5.9468
2016/8/12,2.0683,5.9791
2016/8/15,2.085,6.0522
2016/8/16,2.1881,6.0998
2016/8/17,2.1091,6.0229
2016/8/18,2.0451,5.8843
2016/8/19,2.0592,5.8034
2016/8/22,2.0429,5.7798
2016/8/23,2.037,5.7254
2016/8/24,2.0409,5.6992
2016/8/25,2.0553,5.7986
2016/8/26,2.0533,5.828
2016/8/29,2.0412,5.8604
2016/8/30,2.0049,5.8405
2016/8/31,1.9861,5.8291
2016/9/1,2.0306,5.7681
2016/9/2,2.005,5.7217
2016/9/5,1.945,5.7568
2016/9/6,1.9126,5.7447
2016/9/7,1.9308,5.7064
2016/9/8,1.9467,5.7515
2016/9/9,1.9737,5.7241
2016/9/12,1.9651,5.6963
2016/9/13,1.9912,5.7519
2016/9/14,2.0027,5.7506
2016/9/19,1.9503,5.7308
2016/9/20,1.9284,5.6931
2016/9/21,1.8912,5.6759
2016/9/22,1.8589,5.5971
2016/9/23,1.8683,5.5912
2016/9/26,1.8488,5.6247
2016/9/27,1.8263,5.6207
2016/9/28,1.8264,5.5686
2016/9/29,1.7821,5.5167
2016/9/30,1.7557,5.5558
2016/10/10,1.7185,5.555
2016/10/11,1.7276,5.5438
2016/10/12,1.7062,5.5136
2016/10/13,1.6611,5.5117
2016/10/14,1.6618,5.5046
2016/10/17,1.6471,5.5096
2016/10/18,1.6331,5.5591
2016/10/19,1.6042,5.5991
2016/10/20,1.5984,5.5928
2016/10/21,1.6033,5.6023
2016/10/24,1.5721,5.5483
2016/10/25,1.5564,5.4892
2016/10/26,1.4911,5.36
2016/10/27,1.503,5.3109
2016/10/28,1.4905,5.2366
2016/10/31,1.4679,5.2214
2016/11/1,1.4601,5.2088
2016/11/2,1.4585,5.2685
2016/11/3,1.4757,5.3509
2016/11/4,1.457,5.4141
2016/11/7,1.431,5.499
2016/11/8,1.4281,5.5024
2016/11/9,1.4304,5.4551
2016/11/10,1.429,5.2086
2016/11/11,1.4378,5.0506
2016/11/14,1.4066,4.8385
2016/11/15,1.4097,4.7488
2016/11/16,1.3746,4.8674
2016/11/17,1.3642,4.9423
2016/11/18,1.3829,4.9564
2016/11/21,1.3656,4.9927
2016/11/22,1.3387,4.9929
2016/11/23,1.3528,4.7967
2016/11/24,1.3879,4.7168
2016/11/25,1.4318,5.1074
2016/11/28,1.5013,5.3306
2016/11/29,1.5185,5.3411
2016/11/30,1.4711,5.371
2016/12/1,1.4707,5.3874
2016/12/2,1.8062,5.3936
2016/12/5,1.805,5.3841
2016/12/6,1.8357,5.319
2016/12/7,1.8345,5.3137
2016/12/8,1.8337,5.3002
2016/12/9,1.8865,5.4109
2016/12/12,1.9233,5.4153
2016/12/13,1.9942,5.454
2016/12/14,1.9688,5.5435
2016/12/15,1.9007,5.5578
2016/12/16,1.9038,5.5725
2016/12/19,1.8472,5.6166
2016/12/20,1.7902,5.5532
2016/12/21,1.7867,5.5648
2016/12/22,1.8171,5.5685
2016/12/23,1.8238,5.4964
2016/12/26,1.8537,5.3657
2016/12/27,1.9176,5.3339
2016/12/28,1.9241,5.3457
2016/12/29,1.9225,5.2276
2016/12/30,1.8927,5.2498
2017/1/3,1.9171,5.2934
2017/1/4,1.958,5.3655
2017/1/5,1.9628,5.3838
2017/1/6,1.926,5.3803
2017/1/9,1.9121,5.3818
2017/1/10,1.9023,5.3362
2017/1/11,1.8966,5.3105
2017/1/12,1.9108,5.3003
2017/1/13,1.8831,5.266
2017/1/16,1.863,5.2129
2017/1/17,1.9259,5.1486
2017/1/18,1.9624,5.1199
2017/1/19,1.9486,5.1532
2017/1/20,1.9602,5.185
2017/1/23,1.9962,5.1948
2017/1/24,1.9842,5.1507
2017/1/25,2.0265,5.14
2017/1/26,2.0024,5.1647
2017/2/3,1.9727,5.0703
2017/2/6,1.9726,5.1106
2017/2/7,2.0083,5.0919
2017/2/8,2.0389,5.0283
2017/2/9,2.069,5.0373
2017/2/10,2.0961,4.9318
2017/2/13,2.0789,4.8557
2017/2/14,2.0461,4.8359
2017/2/15,2.0623,4.8569
2017/2/16,2.0243,4.8906
2017/2/17,2.0444,4.9371
2017/2/20,2.0454,4.9887
2017/2/21,2.0509,4.9333
2017/2/22,2.0877,4.9012
2017/2/23,2.0986,4.905
2017/2/24,2.0616,4.9841
2017/2/27,2.0671,5.0289
2017/2/28,2.0637,5.0517
2017/3/1,1.9758,5.059
2017/3/2,1.9663,5.0938
2017/3/3,1.9646,5.1608
2017/3/6,1.9452,5.1899
2017/3/7,1.9381,5.2562
2017/3/8,1.9356,5.2015
2017/3/9,1.9245,5.1835
2017/3/10,1.8906,5.1851
2017/3/13,1.918,5.2559
2017/3/14,1.9441,5.2183
2017/3/15,1.949,5.1113
2017/3/16,1.9452,5.0222
2017/3/17,1.9285,5.0217
2017/3/20,1.9032,5.0265
2017/3/21,1.8631,5.0632
2017/3/22,1.8419,5.8243
2017/3/23,1.6725,5.3955
2017/3/24,1.6641,5.4328
2017/3/27,1.636,5.4906
2017/3/28,1.6512,5.5703
2017/3/29,1.6429,5.5637
2017/3/30,1.6466,5.5528
2017/3/31,1.804,5.6942
2017/4/5,1.7311,5.731
2017/4/6,1.6812,5.6566
2017/4/7,1.6566,5.7212
2017/4/10,1.6572,5.7708
2017/4/11,1.7073,5.7268
2017/4/12,1.7405,5.7414
2017/4/13,1.7852,5.7921
2017/4/14,1.8177,5.7806
2017/4/17,1.7851,5.8581
2017/4/18,1.7574,5.9502
2017/4/19,1.8298,5.9895
2017/4/20,1.8241,5.9581
2017/4/21,1.7816,5.8225
2017/4/24,1.8099,5.8054
2017/4/25,1.8341,5.9132
2017/4/26,1.8678,5.9206
2017/4/27,1.8845,5.988
2017/4/28,1.902,6.0177
2017/5/2,1.9197,5.9002
2017/5/3,1.966,5.926
2017/5/4,1.9718,6.0261
2017/5/5,1.9791,6.2695
2017/5/8,1.996,6.3553
2017/5/9,1.9848,6.4886
2017/5/10,1.9678,6.4883
2017/5/11,1.9862,6.5655
2017/5/12,1.9795,6.6225
2017/5/15,1.9867,6.5661
2017/5/16,1.9947,6.5345
2017/5/17,2.002,6.4889
2017/5/18,2.0306,6.5823
2017/5/19,2.0515,6.7215
2017/5/22,2.1004,6.724
2017/5/23,2.114,6.7824
2017/5/24,2.1006,6.9839
2017/5/25,2.1089,7.1204
2017/5/26,2.0796,7.1141
2017/5/31,2.1406,7.2543
2017/6/1,2.1599,7.3405
2017/6/2,2.182,7.1676
2017/6/5,2.1297,6.8634
2017/6/6,2.0977,6.8079
2017/6/7,2.0888,6.8714
2017/6/8,2.09,6.9197
2017/6/9,2.0996,7.0733
2017/6/12,2.0983,7.0302
2017/6/13,2.0677,7.0141
2017/6/14,2.0555,7.1296
2017/6/15,2.0452,7.2813
2017/6/16,2.0313,7.248
2017/6/19,1.9854,7.2364
2017/6/20,1.9506,7.2199
2017/6/21,1.9179,7.1831
2017/6/22,1.8887,7.1293
2017/6/23,1.8837,7.1292
2017/6/26,1.9122,7.2274
2017/6/27,1.9254,7.1545
2017/6/28,1.9393,7.1369
2017/6/29,1.8952,6.9873
2017/6/30,1.8989,7.0191
2017/7/3,1.9094,7.0491
2017/7/4,1.911,7.0983
2017/7/5,1.9257,7.2423
2017/7/6,1.9202,7.279
2017/7/7,1.8985,7.1683
2017/7/10,1.8911,7.1646
2017/7/11,1.8966,7.2172
2017/7/12,1.9263,7.2953
2017/7/13,1.9403,7.3914
2017/7/14,1.9388,7.4619
2017/7/17,1.9229,7.3605
2017/7/18,1.8996,7.0468
2017/7/19,1.8877,6.9184
2017/7/20,1.854,6.8164
2017/7/21,1.826,6.788
2017/7/24,1.84,6.8765
2017/7/25,1.8471,6.7946
2017/7/26,1.8482,6.827
2017/7/27,1.8305,6.8065
2017/7/28,1.8282,6.7455
2017/7/31,1.8179,6.606
2017/8/1,1.8127,6.7748
2017/8/2,1.7988,6.8743
2017/8/3,1.8358,6.8987
2017/8/4,1.9151,7.0009
2017/8/7,1.9658,7.1358
2017/8/8,1.8882,6.9822
2017/8/9,1.8581,7.0331
2017/8/10,1.8512,7.056
2017/8/11,1.7947,7.0843
2017/8/14,1.7904,7.1682
2017/8/15,1.7872,7.1284
2017/8/16,1.7603,7.1048
2017/8/17,1.7125,6.9697
2017/8/18,1.7002,6.839
2017/8/21,1.7276,6.7291
2017/8/22,1.6867,6.542
2017/8/23,1.6333,6.5206
2017/8/24,1.6063,6.5587
2017/8/25,1.6011,6.6655
2017/8/28,1.5851,6.8147
2017/8/29,1.6016,6.9272
2017/8/30,1.626,6.9918
2017/8/31,1.6471,6.8891
2017/9/1,1.6919,6.9143
2017/9/4,1.7446,7.0352
2017/9/5,1.7801,7.1594
2017/9/6,1.7381,7.1517
2017/9/7,1.6887,7.24
2017/9/8,1.6446,7.2612
2017/9/11,1.6456,7.3604
2017/9/12,1.6068,7.319
2017/9/13,1.6167,7.2909
2017/9/14,1.6187,7.4046
2017/9/15,1.6409,7.4975
2017/9/18,1.7128,7.499
2017/9/19,1.7258,7.4734
2017/9/20,1.7351,7.56
2017/9/21,1.7332,7.6684
2017/9/22,1.7445,7.6716
2017/9/25,1.7844,7.6888
2017/9/26,1.7879,7.7265
2017/9/27,1.8252,7.7947
2017/9/28,1.8949,7.9325
2017/9/29,1.8963,7.9712
2017/10/9,1.9514,8.314
2017/10/10,1.9539,8.1841
2017/10/11,1.9647,8.1068
2017/10/12,1.99,8.2561
2017/10/13,2.0103,8.3363
2017/10/16,1.9849,8.2801
2017/10/17,2.0511,8.2651
2017/10/18,2.059,8.124
2017/10/19,2.1059,8.1348
2017/10/20,2.1309,8.1214
2017/10/23,2.1666,8.0479
2017/10/24,2.1973,8.1087
2017/10/25,2.1968,8.1638
2017/10/26,2.1197,8.0816
2017/10/27,2.0871,8.2344
2017/10/30,2.0866,8.3902
2017/10/31,2.1475,8.4437
2017/11/1,2.1321,8.3584
2017/11/2,2.0985,8.2883
2017/11/3,2.0982,8.2336
2017/11/6,2.0884,8.1122
2017/11/7,2.0362,7.9296
2017/11/8,2.0158,7.9506
2017/11/9,2.0026,8.0725
2017/11/10,2.0697,8.1957
2017/11/13,2.1093,8.2106
2017/11/14,2.0873,8.1654
2017/11/15,2.0732,8.263
2017/11/16,2.0392,8.1477
2017/11/17,1.9956,7.873
2017/11/20,1.9667,7.8733
2017/11/21,1.9519,7.932
2017/11/22,1.9402,8.0296
2017/11/23,1.9207,7.5672
2017/11/24,1.9013,7.4724
2017/11/27,1.9072,7.5318
2017/11/28,1.9387,7.6853
2017/11/29,1.8772,7.7132
2017/11/30,1.8783,7.7461
2017/12/1,1.8348,7.6042
2017/12/4,1.8276,7.452
2017/12/5,1.8322,7.433
2017/12/6,1.8126,7.4013
2017/12/7,1.8361,7.5649
2017/12/8,1.9202,7.7329
2017/12/11,1.8697,7.7106
2017/12/12,1.8602,7.8109
2017/12/13,1.846,7.6806
2017/12/14,1.8892,7.6228
2017/12/15,1.8786,7.6044
2017/12/18,1.8245,7.3518
2017/12/19,1.7936,7.1726
2017/12/20,1.8113,7.2125
2017/12/21,1.8313,7.1698
2017/12/22,1.8641,7.2707
2017/12/25,1.8491,7.1681
2017/12/26,1.8889,7.3494
2017/12/27,1.904,7.3604
2017/12/28,1.901,7.2754
2017/12/29,1.9085,7.1585
2018/1/2,1.9157,7.1148
2018/1/3,1.896,7.1072
2018/1/4,1.8513,7.0705
2018/1/5,1.8318,7.0269
2018/1/8,1.8302,6.9658
2018/1/9,1.8389,6.853
2018/1/10,1.8794,6.8692
2018/1/11,1.9012,6.9307
2018/1/12,1.8898,6.9534
2018/1/15,1.9029,7.0335
2018/1/16,1.9297,7.1157
2018/1/17,1.9549,7.2068
2018/1/18,1.9527,7.1832
2018/1/19,1.9741,7.2309
2018/1/22,1.9592,7.2541
2018/1/23,1.9618,7.3958
2018/1/24,1.9724,7.5244
2018/1/25,1.9435,7.5104
2018/1/26,1.9268,7.5705
2018/1/29,1.9338,7.6453
2018/1/30,1.9373,7.588
2018/1/31,1.9615,7.6598
2018/2/1,1.9622,7.7579
2018/2/2,1.9472,7.6904
2018/2/5,1.9012,7.5958
2018/2/6,1.8701,7.5862
2018/2/7,1.8447,7.5411
2018/2/8,1.8314,7.5019
2018/2/9,1.8396,7.4072
2018/2/12,1.8547,7.4828
2018/2/13,1.8564,7.4487
2018/2/14,1.8444,7.3464
2018/2/22,1.7997,7.2205
2018/2/23,1.7807,7.1919
2018/2/26,1.773,7.2727
2018/2/27,1.7687,7.3516
2018/2/28,1.7862,7.4015
2018/3/1,1.7918,7.4191
2018/3/2,1.7961,7.431
2018/3/5,1.8009,7.5165
2018/3/6,1.8104,7.6038
2018/3/7,1.8069,7.575
2018/3/8,1.8047,7.5549
2018/3/9,1.798,7.5976
2018/3/12,1.828,7.7238
2018/3/13,1.856,7.7333
2018/3/14,1.8605,7.6433
2018/3/15,1.8759,7.6568
2018/3/16,1.8755,7.7131
2018/3/19,1.874,7.8108
2018/3/20,1.8704,7.9237
2018/3/21,1.8602,7.8832
2018/3/22,1.8428,7.7497
2018/3/23,1.8292,7.7318
2018/3/26,1.8149,7.6716
2018/3/27,1.8454,7.6956
2018/3/28,1.8008,7.4135
2018/3/29,1.8439,7.441
2018/3/30,1.8538,7.5868
2018/4/2,1.8134,7.5469
2018/4/3,1.7947,7.5078
2018/4/4,1.7711,7.4787
2018/4/9,1.8003,7.6583
2018/4/10,1.8206,7.5893
2018/4/11,1.9165,7.5352
2018/4/12,1.9613,7.5826
2018/4/13,1.9644,7.6044
2018/4/16,1.9286,7.63
2018/4/17,1.9185,7.7023
2018/4/18,1.88,7.7287
2018/4/19,1.8664,7.5038
2018/4/20,1.8688,7.4411
2018/4/23,1.8562,7.4443
2018/4/24,1.8419,7.5032
2018/4/25,1.8511,7.5855
2018/4/26,1.8597,7.642
2018/4/27,1.8717,7.7109
2018/5/2,1.8818,7.8485
2018/5/3,1.8568,7.7463
2018/5/4,1.8453,7.8102
2018/5/7,1.8252,7.7994
2018/5/8,1.8007,7.7188
2018/5/9,1.8021,7.6186
2018/5/10,1.8015,7.6528
2018/5/11,1.7923,7.644
2018/5/14,1.7667,7.5868
2018/5/15,1.753,7.5503
2018/5/16,1.7396,7.5831
2018/5/17,1.745,7.6303
2018/5/18,1.7392,7.6067
2018/5/21,1.7497,7.7222
2018/5/22,1.7486,7.7954
2018/5/23,1.7834,7.791
2018/5/24,1.7955,7.7552
2018/5/25,1.7893,7.8253
2018/5/28,1.8078,7.8943
2018/5/29,1.7823,7.8585
2018/5/30,1.7766,7.9088
2018/5/31,1.7709,7.9545
2018/6/1,1.7822,8.0495
2018/6/4,1.8033,8.1307
2018/6/5,1.8369,8.0195
2018/6/6,1.8464,7.9639
2018/6/7,1.8534,8.0825
2018/6/8,1.83,8.1392
2018/6/11,1.8379,8.0725
2018/6/12,1.8248,8.1427
2018/6/13,1.8081,8.2279
2018/6/14,1.7964,8.2159
2018/6/15,1.7852,8.2246
2018/6/19,1.7932,8.3451
2018/6/20,1.8004,8.3805
2018/6/21,1.7782,8.36
2018/6/22,1.7771,8.2703
2018/6/25,1.7755,8.0538
2018/6/26,1.8074,7.9741
2018/6/27,1.8118,7.9569
2018/6/28,1.8189,8.0107
2018/6/29,1.8218,8.0148
2018/7/2,1.8277,8.1226
2018/7/3,1.849,8.0776
2018/7/4,1.8554,8.1816
2018/7/5,1.8776,8.2854
2018/7/6,1.8826,8.2404
2018/7/9,1.8837,8.2932
2018/7/10,1.9048,8.3753
2018/7/11,1.9168,8.4775
2018/7/12,1.9126,8.4758
2018/7/13,1.9329,8.5554
2018/7/16,1.9731,8.5274
2018/7/17,1.9669,8.4612
2018/7/18,1.9626,8.4549
2018/7/19,1.9655,8.4676
2018/7/20,1.9543,8.475
2018/7/23,1.9249,8.4414
2018/7/24,1.9003,8.4253
2018/7/25,1.8745,8.4029
2018/7/26,1.8754,8.4253
2018/7/27,1.8661,8.379
2018/7/30,1.8345,8.4508
2018/7/31,1.8304,8.5251
2018/8/1,1.8217,8.7159
2018/8/2,1.7902,8.7033
2018/8/3,1.7465,8.6653
2018/8/6,1.7022,8.3524
2018/8/7,1.7127,8.2773
2018/8/8,1.7342,8.2893
2018/8/9,1.7286,8.2667
2018/8/10,1.7217,8.2656
2018/8/13,1.7472,8.3656
2018/8/14,1.749,8.5034
2018/8/15,1.7537,8.619
2018/8/16,1.7128,8.709
2018/8/17,1.6062,8.4839
2018/8/20,1.6301,8.6125
2018/8/21,1.6775,8.7928
2018/8/22,1.6667,8.8267
2018/8/23,1.6881,8.82
2018/8/24,1.7077,8.7722
2018/8/27,1.6865,8.7946
2018/8/28,1.6586,8.7593
2018/8/29,1.6344,8.7363
2018/8/30,1.6504,8.5884
2018/8/31,1.6818,8.4021
2018/9/3,1.7064,8.4596
2018/9/4,1.7388,8.4788
2018/9/5,1.7079,8.4008
2018/9/6,1.719,8.3209
2018/9/7,1.7523,8.4032
2018/9/10,1.7781,8.5422
2018/9/11,1.7867,8.4016
2018/9/12,1.7985,8.3047
2018/9/13,1.8037,8.1304
2018/9/14,1.8111,8.1175
2018/9/17,1.8042,8.1954
2018/9/18,1.8138,8.2046
2018/9/19,1.798,8.2004
2018/9/20,1.7846,8.2448
2018/9/21,1.7611,8.239
2018/9/25,1.7482,8.2294
2018/9/26,1.7634,8.0777
2018/9/27,1.7812,8.0999
2018/9/28,1.7622,7.9959
2018/10/8,1.718,7.9536
2018/10/9,1.7,7.9132
2018/10/10,1.6526,7.8658
2018/10/11,1.6426,7.8555
2018/10/12,1.6422,7.9552
2018/10/15,1.6448,8.0526
2018/10/16,1.6766,8.1118
2018/10/17,1.6833,8.0856
2018/10/18,1.6954,7.9331
2018/10/19,1.7147,7.9322
2018/10/22,1.7381,7.9271
2018/10/23,1.7505,7.9502
2018/10/24,1.7292,7.8806
2018/10/25,1.7173,7.8571
2018/10/26,1.7206,7.8934
2018/10/29,1.7466,7.7539
2018/10/30,1.7442,7.7677
2018/10/31,1.7345,7.758
2018/11/1,1.7259,7.778
2018/11/2,1.7393,7.9256
2018/11/5,1.6984,7.9079
2018/11/6,1.6578,7.7763
2018/11/7,1.6519,7.7387
2018/11/8,1.6706,7.6505
2018/11/9,1.6756,7.5706
2018/11/12,1.6756,7.4404
2018/11/13,1.6762,7.5015
2018/11/14,1.6769,7.6562
2018/11/15,1.6582,7.6415
2018/11/16,1.6242,7.5356
2018/11/19,1.6117,7.3722
2018/11/20,1.6344,7.3077
2018/11/21,1.6357,7.1984
2018/11/22,1.6377,7.1401
2018/11/23,1.6549,7.2768
2018/11/26,1.6781,7.4168
2018/11/27,1.6977,7.6852
2018/11/28,1.5463,6.9681
2018/11/29,1.562,6.9895
2018/11/30,1.5402,7.1925
2018/12/3,1.5129,7.1845
2018/12/4,1.4732,7.1416
2018/12/5,1.4712,7.2127
2018/12/6,1.7421,7.2365
2018/12/7,1.7026,7.1821
2018/12/10,1.6606,7.0805
2018/12/11,1.691,7.0042
2018/12/12,1.6906,7.0283
2018/12/13,1.6886,7.1197
2018/12/14,1.6965,7.1247
2018/12/17,1.6935,7.043
2018/12/18,1.7077,7.0329
2018/12/19,1.7333,7.0379
2018/12/20,1.7467,7.0367
2018/12/21,1.763,7.0625
2018/12/24,1.7491,7.0787
2018/12/25,1.7714,6.9979
2018/12/26,1.8008,6.9501
2018/12/27,1.7912,6.9624
2018/12/28,1.8042,6.9036
2019/1/2,1.7979,6.8952
2019/1/3,1.7896,6.9161
2019/1/4,1.7876,6.8427
2019/1/7,1.7911,6.8656
2019/1/8,1.7937,6.8351
2019/1/9,1.7966,6.8761
2019/1/10,1.817,6.937
2019/1/11,1.8009,6.9252
2019/1/14,1.7814,6.9872
2019/1/15,1.7573,6.943
2019/1/16,1.7447,6.88
2019/1/17,1.7471,6.9423
2019/1/18,1.7512,6.8955
2019/1/21,1.7772,6.8405
2019/1/22,1.8001,6.891
2019/1/23,1.7902,6.9127
2019/1/24,1.7932,6.8732
2019/1/25,1.8068,6.9318
2019/1/28,1.801,6.7046
2019/1/29,1.8111,6.6061
2019/1/30,1.8191,6.4377
2019/1/31,1.8095,6.3234
2019/2/1,1.7957,6.1838
2019/2/11,1.815,5.9186
2019/2/12,1.8068,5.8853
2019/2/13,1.8032,5.9904
2019/2/14,1.7783,5.9372
2019/2/15,1.7646,5.8114
2019/2/18,1.7634,5.7765
2019/2/19,1.7748,5.8117
2019/2/20,1.7303,5.823
2019/2/21,1.7252,5.9417
2019/2/22,1.7303,6.1154
2019/2/25,1.7285,6.0767
2019/3/7,1.8192,6.1217
2019/3/8,1.8517,6.1363
2019/3/11,1.871,6.2013
2019/3/12,1.8981,6.2444
2019/3/13,1.9085,6.2574
2019/3/14,1.8975,6.1441
2019/3/15,1.8915,6.0482
2019/3/18,1.9023,5.9511
2019/3/19,1.9318,5.956
2019/3/20,1.9232,6.1646
2019/3/21,1.9225,6.1992
2019/3/22,1.9009,6.1404
2019/3/25,1.881,6.0765
2019/3/26,1.8796,6.031
2019/3/27,1.8909,6.0456
2019/3/28,1.8888,6.0721
2019/3/29,1.8866,6.0016
2019/4/1,1.7404,5.4487
2019/4/2,1.754,5.3852
2019/4/3,1.7701,5.2544
2019/4/4,1.7737,5.2484
2019/4/8,1.7816,5.7074
2019/4/9,1.8207,5.7638
2019/4/10,1.8511,5.8022
2019/4/11,1.8813,5.8136
2019/4/12,1.8805,5.7929
2019/4/15,1.8675,5.847
2019/4/16,1.8537,5.89
2019/4/17,1.8439,6.0448
2019/4/18,1.8432,6.0306
2019/4/19,1.8273,5.9984
2019/4/22,1.8467,5.981
2019/4/23,1.8515,6.0048
2019/4/24,1.8321,6.0016
2019/4/25,1.8281,6.0338
2019/4/26,1.838,6.021
2019/4/29,1.8518,6.0064
2019/4/30,1.8695,6.0063
2019/5/6,1.8323,5.9321
2019/5/7,1.8015,5.8186
2019/5/8,1.756,5.8106
2019/5/9,1.7314,5.8173
2019/5/10,1.7308,5.7743
2019/5/13,1.7331,5.6853
2019/5/14,1.7411,5.6319
2019/5/15,1.7414,5.6597
2019/5/16,1.7381,5.5484
2019/5/17,1.7516,5.4234
2019/5/20,1.7485,5.3357
2019/5/21,1.732,5.4616
2019/5/22,1.6964,5.4086
2019/5/23,1.7176,5.3448
2019/5/24,1.6865,5.31
2019/5/27,1.679,5.144
2019/5/28,1.7103,5.0579
2019/5/29,1.7202,5.1525
2019/5/30,1.7094,5.1502
2019/5/31,1.7265,5.1314
2019/6/3,1.7655,5.2151
2019/6/4,1.7623,5.2006
2019/6/5,1.7727,5.2095
2019/6/6,1.7576,5.2518
2019/6/10,1.7381,5.161
2019/6/11,1.7477,5.0779
2019/6/12,1.7604,4.9448
2019/6/13,1.7677,4.9237
2019/6/14,1.7803,4.8063
2019/6/17,1.7821,4.8369
2019/6/18,1.8111,4.8339
2019/6/19,1.8244,4.7025
2019/6/20,1.8349,4.6712
2019/6/21,1.8399,4.6395
2019/6/24,1.8699,4.8366
2019/6/25,1.9117,4.9181
2019/6/26,1.8949,5.0094
2019/6/27,1.926,4.9117
2019/6/28,1.9579,4.8518
2019/7/1,1.9515,4.8019
2019/7/2,1.932,4.5832
2019/7/3,1.9134,4.4812
2019/7/4,1.8952,4.5778
2019/7/5,1.8705,4.7503
2019/7/8,1.8802,4.7305
2019/7/9,1.8956,4.5844
2019/7/10,1.9249,4.5895
2019/7/11,1.9135,4.5865
2019/7/12,1.8937,4.5649
2019/7/15,1.8476,4.4842
2019/7/16,1.8553,4.4385
2019/7/17,1.842,4.5134
2019/7/18,1.8262,4.4849
2019/7/19,1.8337,4.4136
2019/7/22,1.8322,4.4255
2019/7/23,1.8355,4.4697
2019/7/24,1.8358,4.5281
2019/7/25,1.8334,4.5426
2019/7/26,1.8153,4.4835
2019/7/29,1.7943,4.4122
2019/7/30,1.7999,4.3278
2019/7/31,1.8172,5.038
2019/8/1,1.8228,5.1262
2019/8/2,1.8552,5.1875
2019/8/5,1.8483,5.3286
2019/8/6,1.8277,5.3639
2019/8/7,1.844,5.4694
2019/8/8,1.8363,5.5934
2019/8/9,1.8384,5.605
2019/8/12,1.8269,5.76
2019/8/13,1.8365,5.8596
2019/8/14,1.8568,5.8097
2019/8/15,1.872,5.9105
2019/8/16,1.8724,5.9615
2019/8/19,1.8781,5.9904
2019/8/20,1.878,6.0487
2019/8/21,1.88,6.1786
2019/8/22,1.7449,5.7582
2019/8/23,1.7635,5.6904
2019/8/26,1.7842,5.6361
2019/8/27,1.7706,5.6088
2019/8/28,1.7676,5.6655
2019/8/29,1.7635,5.6575
2019/8/30,1.763,5.5812
2019/9/2,1.7699,5.4515
2019/9/3,1.7946,5.347
2019/9/4,1.7964,5.3401
2019/9/5,1.7857,5.2712
2019/9/6,1.7775,5.3106
2019/9/9,1.7759,5.4326
2019/9/10,1.7799,5.3533
2019/9/11,1.7699,5.3028
2019/9/12,1.7669,5.2464
2019/9/16,1.7761,5.2404
2019/9/17,1.7874,5.3193
2019/9/18,1.7698,5.255
2019/9/19,1.7418,5.3277
2019/9/20,1.7428,5.3565
2019/9/23,1.7596,5.4138
2019/9/24,1.8128,5.537
2019/9/25,1.8497,5.6055
2019/9/26,1.8357,5.4925
2019/9/27,1.8315,5.3698
2019/9/30,1.8493,5.3451
2019/10/8,1.8282,5.2122
2019/10/9,1.8319,5.2437
2019/10/10,1.8413,5.2817
2019/10/11,1.8313,5.1942
2019/10/14,1.837,5.2233
2019/10/15,1.8643,5.2376
2019/10/16,1.8528,5.283
2019/10/17,1.8531,5.4031
2019/10/18,1.862,5.4072
2019/10/21,1.8791,5.3944
2019/10/22,1.8956,5.3899
2019/10/23,1.8843,5.3424
2019/10/24,1.8651,5.3162
2019/10/25,1.8652,5.2908
2019/10/28,1.8865,5.278
2019/10/29,1.9036,5.3639
2019/10/30,1.9292,5.4355
2019/10/31,1.938,5.4288
2019/11/1,1.9356,5.404
2019/11/4,1.9464,5.4568
2019/11/5,1.9406,5.5073
2019/11/6,1.9546,5.5104
2019/11/7,1.9629,5.5709
2019/11/8,1.9497,5.6304
2019/11/11,1.9616,5.6844
2019/11/12,1.9924,5.6722
2019/11/13,2.0093,5.6612
2019/11/14,2.0058,5.703
2019/11/15,2.008,5.638
2019/11/18,2.0085,5.6174
2019/11/19,2.0123,5.6849
2019/11/20,2.0176,5.7457
2019/11/21,2.0211,5.7235
2019/11/22,2.0122,5.6553
2019/11/25,1.9722,5.6058
2019/11/26,1.946,5.5545
2019/11/27,1.9345,5.5891
2019/11/28,1.9306,5.5699
2019/11/29,1.9478,5.605
2019/12/2,1.9614,5.6315
2019/12/3,1.9467,5.5634
2019/12/4,1.9284,5.4833
2019/12/5,1.8244,5.2073
2019/12/6,1.8253,5.5247
2019/12/9,1.8326,5.4435
2019/12/10,1.8249,5.3634
2019/12/11,1.8968,5.411
2019/12/12,1.9041,5.4229
2019/12/13,1.9116,5.4132
2019/12/16,1.9061,5.3824
2019/12/17,1.8902,5.4301
2019/12/18,1.8741,5.4764
2019/12/19,1.8676,5.4571
2019/12/20,1.8732,5.5008
2019/12/23,1.8888,5.5176
2019/12/24,1.9089,5.5031
2019/12/25,1.8966,5.4622
2019/12/26,1.8955,5.5134
2019/12/27,1.9011,5.5136
2019/12/30,1.9054,5.493
2019/12/31,1.9011,5.5035
2020/1/2,1.8962,5.4355
2020/1/3,1.9,5.3575
2020/1/6,1.8948,5.3409
2020/1/7,1.8949,5.3629
2020/1/8,1.8893,5.3205
2020/1/9,1.8944,5.3778
2020/1/10,1.8954,5.4102
2020/1/13,1.907,5.3977
2020/1/14,1.909,5.3243
2020/1/15,1.9154,5.3353
2020/1/16,1.9139,5.3584
2020/1/17,1.9202,5.3803
2020/1/20,1.9175,5.3721
2020/1/21,1.9174,5.3463
2020/1/22,1.9223,5.3173
2020/1/23,1.9088,5.3338
2020/2/3,1.8501,5.3735
2020/2/4,1.8591,5.5963
2020/2/5,1.8576,5.6459
2020/2/6,1.8459,5.6373
2020/2/7,1.8496,5.6516
2020/2/10,1.8365,5.6948
2020/2/11,1.844,5.6503
2020/2/12,1.8208,5.5395
2020/2/13,1.8061,5.4602
2020/2/14,1.8034,5.4334
2020/2/17,1.8242,5.4132
2020/2/18,1.8377,5.3391
2020/2/19,1.8344,5.2953
2020/2/20,1.85,5.2359
2020/2/21,1.8576,5.1791
2020/2/24,1.8651,5.1524
2020/2/25,1.8658,5.2045
2020/2/26,1.8679,5.2765
2020/2/27,1.8804,5.3868
2020/2/28,1.8727,5.436
2020/3/2,1.862,5.3192
2020/3/3,1.872,5.2554
2020/3/4,1.8878,5.2939
2020/3/5,1.8953,5.2295
2020/3/6,1.8945,5.2416
2020/3/9,1.908,5.384
2020/3/10,1.9064,5.3007
2020/3/11,1.9216,5.3001
2020/3/12,1.9232,5.3293
2020/3/13,1.9123,5.3359
2020/3/16,1.9187,5.3564
2020/3/17,1.9199,5.3323
2020/3/18,1.9233,5.2507
2020/3/19,1.933,5.2599
2020/3/20,1.8893,5.0747
2020/3/23,1.8603,5.1496
2020/3/24,1.8634,5.2354
2020/3/25,1.8663,5.1163
2020/3/26,1.8663,5.0773
2020/3/27,1.8629,5.0598
2020/3/30,1.8344,5.0481
2020/3/31,1.9379,5.6632
2020/4/1,1.9776,5.667
2020/4/2,1.9616,5.6518
2020/4/3,1.9711,5.6292
2020/4/7,1.9586,5.6702
2020/4/8,1.9405,5.5782
2020/4/9,1.9503,5.5578
2020/4/10,1.9462,5.5826
2020/4/13,1.9527,5.6514
2020/4/14,1.959,5.6083
2020/4/15,1.9628,5.5592
2020/4/16,1.9812,5.596
2020/4/17,1.9762,5.542
2020/4/20,1.9731,5.4544
2020/4/21,1.9875,5.4884
2020/4/22,1.9922,5.5327
2020/4/23,1.973,5.5062
2020/4/24,1.9646,5.4926
2020/4/27,1.9531,5.5041
2020/4/28,1.9904,5.5142
2020/4/29,1.9958,5.5412
2020/4/30,1.9881,5.5074
2020/5/6,1.9819,5.545
2020/5/7,1.9746,5.5462
2020/5/8,1.9737,5.4699
2020/5/11,1.9891,5.462
2020/5/12,1.9925,5.4668
2020/5/13,2.0023,5.4067
2020/5/14,1.9754,5.3473
2020/5/15,1.9415,5.2637
2020/5/18,1.9387,5.1195
2020/5/19,1.9458,5.096
2020/5/20,1.9408,5.0021
2020/5/21,1.9272,4.9902
2020/5/22,1.9409,4.9059
2020/5/25,1.8952,4.875
2020/5/26,1.8717,4.9568
2020/5/27,1.8732,5.0036
2020/5/28,1.8774,4.9427
2020/5/29,1.8898,4.8464
2020/6/1,1.8872,4.7323
2020/6/2,1.8797,4.7979
2020/6/3,1.8797,4.834
2020/6/4,1.8503,4.842
2020/6/5,1.8387,4.8558
2020/6/8,1.8468,4.6662
2020/6/9,1.8539,4.6762
2020/6/10,1.8401,4.7177
2020/6/11,1.8318,4.7121
2020/6/12,1.8494,4.7174
2020/6/15,1.8457,4.6585
2020/6/16,1.8482,4.6289
2020/6/17,1.8531,4.6494
2020/6/18,1.8506,4.6988
2020/6/19,1.8492,4.7099
2020/6/22,1.8584,4.7874
2020/6/23,1.8538,4.7836
2020/6/24,1.8529,4.7255
2020/6/29,1.8696,4.7714
2020/6/30,1.8898,4.7957
2020/7/1,1.8987,4.8024
2020/7/2,1.9065,4.8132
2020/7/3,1.9221,4.8427
2020/7/6,1.9435,4.8394
2020/7/7,1.9392,4.7592
2020/7/8,1.9404,4.7093
2020/7/9,1.9482,4.7029
2020/7/10,1.9681,4.6814
2020/7/13,1.9591,4.5632
2020/7/14,1.9627,4.4865
2020/7/15,1.9669,4.4859
2020/7/16,1.9636,4.4834
2020/7/17,1.9363,4.5284
2020/7/20,1.9116,4.5437
2020/7/21,1.9095,4.4868
2020/7/22,1.9234,4.4682
2020/7/23,1.9025,4.479
2020/7/24,1.8906,4.5355
2020/7/27,1.8969,4.57
2020/7/28,1.8999,4.5483
2020/7/29,1.8977,4.5075
2020/7/30,1.9121,4.4902
2020/7/31,1.9057,4.4872
2020/8/3,1.8979,4.4237
2020/8/4,1.8987,4.3448
2020/8/5,1.8834,4.3279
2020/8/6,1.8874,4.2573
2020/8/7,1.8597,4.2735
2020/8/10,1.8567,4.2908
2020/8/11,1.8866,4.556
2020/8/12,1.9008,4.6297
2020/8/13,1.9025,4.5959
2020/8/14,1.8996,4.5532
2020/8/17,1.9005,4.5815
2020/8/18,1.9137,4.518
2020/8/19,1.9072,4.4465
2020/8/20,1.9022,4.4246
2020/8/21,1.9419,4.4575
2020/8/24,1.9556,4.5227
2020/8/25,1.9679,4.6164
2020/8/26,1.9307,4.533
2020/8/27,1.9416,4.5371
2020/8/28,1.9481,4.5191
2020/8/31,1.9268,4.4547
2020/9/1,1.909,4.4636
2020/9/2,1.8888,4.4365
2020/9/3,1.8727,4.4
2020/9/4,1.8618,4.4264
2020/9/7,1.8482,4.3718
2020/9/8,1.8566,4.3831
2020/9/9,1.8481,4.3983
2020/9/10,1.8499,4.4096
2020/9/11,1.8541,4.4019
2020/9/14,1.8439,4.3454
2020/9/15,1.8227,4.3385
2020/9/16,1.8371,4.4175
2020/9/17,1.8449,4.5288
2020/9/18,1.8268,4.5006
2020/9/21,1.8128,4.506
2020/9/22,1.8147,4.5833
2020/9/23,1.8145,4.6187
2020/9/24,1.8513,4.6305
2020/9/25,1.8489,4.6356
2020/9/28,1.8482,4.5887
2020/9/29,1.8229,4.5685
2020/9/30,1.8054,4.4861
2020/10/9,1.7589,4.3942
2020/10/12,1.7557,4.4031
2020/10/13,1.7293,4.4352
2020/10/14,1.7318,4.4994
2020/10/15,1.7302,4.5591
2020/10/16,1.7333,4.6084
2020/10/19,1.7226,4.6116
2020/10/20,1.7237,4.6031
2020/10/21,1.712,4.5975
2020/10/22,1.7098,4.5863
2020/10/23,1.7081,4.6421
2020/10/26,1.6947,4.7136
2020/10/27,1.6748,4.7145
2020/10/28,1.6807,4.7067
2020/10/29,1.6926,4.7069
2020/10/30,1.6928,4.6908
2020/11/2,1.6624,4.6524
2020/11/3,1.6512,4.6949
2020/11/4,1.6045,4.7172
2020/11/5,1.6039,4.7944
2020/11/6,1.5797,4.782
2020/11/9,1.5653,4.7266
2020/11/10,1.5761,4.6361
2020/11/11,1.5842,4.6055
2020/11/12,1.6057,4.5742
2020/11/13,1.6044,4.6153
2020/11/16,1.5776,4.605
2020/11/17,1.6017,4.5996
2020/11/18,1.6191,4.5658
2020/11/19,1.6287,4.51
2020/11/20,1.6226,4.5046
2020/11/23,1.6128,4.5034
2020/11/24,1.6216,4.472
2020/11/25,1.6074,4.4178
2020/11/26,1.5965,4.3647
2020/11/27,1.6056,4.3572
2020/11/30,1.5892,4.3256
2020/12/1,1.5562,4.3101
2020/12/2,1.537,4.2474
2020/12/3,1.5314,4.1769
2020/12/4,1.5304,4.0745
2020/12/7,1.5357,4.0818
2020/12/8,1.5335,4.2765
2020/12/9,1.5292,4.3386
2020/12/10,1.5412,4.2627
2020/12/11,1.6103,4.1162
2020/12/14,1.6094,4.1103
2020/12/15,1.6026,4.1062
2020/12/16,1.6157,4.1019
2020/12/17,1.6211,4.1197
2020/12/18,1.6128,4.0709
2020/12/21,1.588,3.9522
2020/12/22,1.6131,4.0982
2020/12/23,1.5985,4.1968
2020/12/24,1.5687,4.1324
2020/12/25,1.5314,4.1375
2020/12/28,1.5085,4.1506
2020/12/29,1.5019,4.1618
2020/12/30,1.5209,4.3514
2020/12/31,1.5354,4.3649
2021/1/4,1.5051,4.3504
2021/1/5,1.4832,4.261
2021/1/6,1.4667,4.2493
2021/1/7,1.4819,4.2291
2021/1/8,1.5124,4.2039
2021/1/11,1.5356,4.2043
2021/1/12,1.5524,4.1645
2021/1/13,1.5621,4.1349
2021/1/14,1.5658,4.1243
2021/1/15,1.5498,4.1285
2021/1/19,1.5968,4.0975
2021/1/20,1.5937,4.0846
2021/1/21,1.5709,4.1084
2021/1/22,1.5546,4.1081
2021/1/25,1.5765,4.1297
2021/1/26,1.6102,4.1427
2021/1/27,1.6452,4.2019
2021/1/28,1.6537,4.282
2021/1/29,1.6608,4.335
2021/2/1,1.6481,4.2952
2021/2/2,1.663,4.3743
2021/2/3,1.6703,4.4238
2021/2/4,1.68,4.3734
2021/2/5,1.6649,4.2623
2021/2/8,1.6689,4.2436
2021/2/9,1.6648,4.1758
2021/2/10,1.6847,4.1495
2021/2/18,1.6606,4.0259
2021/2/19,1.6631,4.0482
2021/2/22,1.721,4.0193
2021/2/23,1.7616,4.0738
2021/2/24,1.7866,4.0977
2021/2/25,1.7915,4.1299
2021/2/26,1.8253,4.0902
2021/3/1,1.8477,4.0853
2021/3/2,1.8648,4.1147
2021/3/3,1.9131,4.2049
2021/3/4,1.9568,4.1596
2021/3/5,1.9907,4.1368
2021/3/8,2.0406,4.172
2021/3/9,2.0332,4.2914
2021/3/10,1.9987,4.4373
2021/3/11,1.9729,4.3258
2021/3/12,2.0701,4.4354
2021/3/15,2.1099,4.5854
2021/3/16,2.104,4.4607
2021/3/17,2.079,4.4572
2021/3/18,2.0489,4.4289
2021/3/19,2.0744,4.4674
2021/3/22,2.2039,4.7105
2021/3/23,2.2058,4.6032
2021/3/24,2.2174,4.5553
2021/3/25,2.2247,4.5005
2021/3/26,2.2259,4.513
2021/3/29,2.1841,4.4865
2021/3/30,2.1804,4.5361
2021/3/31,2.1689,4.5405
2021/4/1,2.1385,5.1694
2021/4/2,2.1368,5.1955
2021/4/6,2.1577,5.2938
2021/4/7,2.1574,5.1893
2021/4/8,2.1458,5.1963
2021/4/9,2.1082,5.1452
2021/4/12,2.1169,5.0485
2021/4/13,2.0956,4.9847
2021/4/14,2.0887,5.0677
2021/4/15,2.1017,4.9426
2021/4/16,2.0752,4.8797
2021/4/19,2.0079,4.807
2021/4/20,2.0039,4.7112
2021/4/21,2.0117,4.7041
2021/4/22,2.0135,4.7751
2021/4/23,2.0165,4.784
2021/4/26,2.0275,4.7335
2021/4/27,2.0097,4.6901
2021/4/28,1.9989,4.7077
2021/4/29,2.0108,4.7881
2021/4/30,2.0445,4.8877
2021/5/6,2.0307,4.869
2021/5/7,2.0039,4.7051
2021/5/10,1.999,4.5284
2021/5/11,2.12,4.6469
2021/5/12,2.1462,4.6335
2021/5/13,2.1471,4.7319
2021/5/14,2.1646,4.8555
2021/5/17,2.1393,4.7187
2021/5/18,2.1247,4.5606
2021/5/19,2.0791,4.4936
2021/5/20,2.0787,4.5374
2021/5/21,2.1296,4.5951
2021/5/24,2.1086,4.6793
,,
,,
,,
