日期,SHIBOR:3个月
2009-03-27,1.2293 
2009-03-30,1.2275 
2009-03-31,1.2241 
2009-04-01,1.2232 
2009-04-02,1.2228 
2009-04-03,1.2214 
2009-04-07,1.2191 
2009-04-08,1.2177 
2009-04-09,1.2153 
2009-04-10,1.2144 
2009-04-13,1.2133 
2009-04-14,1.2129 
2009-04-15,1.2121 
2009-04-16,1.2113 
2009-04-17,1.2110 
2009-04-20,1.2101 
2009-04-21,1.2115 
2009-04-22,1.2133 
2009-04-23,1.2130 
2009-04-24,1.2137 
2009-04-27,1.2140 
2009-04-28,1.2133 
2009-04-29,1.2141 
2009-04-30,1.2144 
2009-05-04,1.2152 
2009-05-05,1.2153 
2009-05-06,1.2141 
2009-05-07,1.2128 
2009-05-08,1.2117 
2009-05-11,1.2107 
2009-05-12,1.2096 
2009-05-13,1.2086 
2009-05-14,1.2068 
2009-05-15,1.2044 
2009-05-18,1.2044 
2009-05-19,1.2055 
2009-05-20,1.2062 
2009-05-21,1.2059 
2009-05-22,1.2065 
2009-05-25,1.2151 
2009-05-26,1.2181 
2009-05-27,1.2217 
2009-05-31,1.2226 
2009-06-01,1.2248 
2009-06-02,1.2250 
2009-06-03,1.2249 
2009-06-04,1.2258 
2009-06-05,1.2274 
2009-06-08,1.2269 
2009-06-09,1.2243 
2009-06-10,1.2261 
2009-06-11,1.2272 
2009-06-12,1.2303 
2009-06-15,1.2323 
2009-06-16,1.2341 
2009-06-17,1.2345 
2009-06-18,1.2371 
2009-06-19,1.2580 
2009-06-22,1.2748 
2009-06-23,1.2825 
2009-06-24,1.2908 
2009-06-25,1.2925 
2009-06-26,1.2978 
2009-06-29,1.3068 
2009-06-30,1.3179 
2009-07-01,1.3215 
2009-07-02,1.3230 
2009-07-03,1.3263 
2009-07-06,1.3298 
2009-07-07,1.3361 
2009-07-08,1.3428 
2009-07-09,1.3681 
2009-07-10,1.3836 
2009-07-13,1.4037 
2009-07-14,1.4112 
2009-07-15,1.4245 
2009-07-16,1.4429 
2009-07-17,1.4757 
2009-07-20,1.5107 
2009-07-21,1.5667 
2009-07-22,1.5898 
2009-07-23,1.6051 
2009-07-24,1.6137 
2009-07-27,1.6269 
2009-07-28,1.6414 
2009-07-29,1.6523 
2009-07-30,1.6630 
2009-07-31,1.6713 
2009-08-03,1.6815 
2009-08-04,1.6894 
2009-08-05,1.6950 
2009-08-06,1.7054 
2009-08-07,1.7135 
2009-08-10,1.7206 
2009-08-11,1.7279 
2009-08-12,1.7285 
2009-08-13,1.7319 
2009-08-14,1.7336 
2009-08-17,1.7371 
2009-08-18,1.7391 
2009-08-19,1.7391 
2009-08-20,1.7366 
2009-08-21,1.7335 
2009-08-24,1.7324 
2009-08-25,1.7316 
2009-08-26,1.7334 
2009-08-27,1.7333 
2009-08-28,1.7327 
2009-08-31,1.7334 
2009-09-01,1.7358 
2009-09-02,1.7385 
2009-09-03,1.7404 
2009-09-04,1.7420 
2009-09-07,1.7433 
2009-09-08,1.7439 
2009-09-09,1.7441 
2009-09-10,1.7450 
2009-09-11,1.7449 
2009-09-14,1.7458 
2009-09-15,1.7483 
2009-09-16,1.7501 
2009-09-17,1.7523 
2009-09-18,1.7539 
2009-09-21,1.7560 
2009-09-22,1.7574 
2009-09-23,1.7597 
2009-09-24,1.7616 
2009-09-25,1.7635 
2009-09-27,1.7639 
2009-09-28,1.7639 
2009-09-29,1.7657 
2009-09-30,1.7687 
2009-10-09,1.7703 
2009-10-10,1.7712 
2009-10-12,1.7716 
2009-10-13,1.7725 
2009-10-14,1.7729 
2009-10-15,1.7743 
2009-10-16,1.7762 
2009-10-19,1.7794 
2009-10-20,1.7812 
2009-10-21,1.7818 
2009-10-22,1.7812 
2009-10-23,1.7821 
2009-10-26,1.7840 
2009-10-27,1.7861 
2009-10-28,1.7883 
2009-10-29,1.7884 
2009-10-30,1.7894 
2009-11-02,1.7911 
2009-11-03,1.7920 
2009-11-04,1.7927 
2009-11-05,1.7933 
2009-11-06,1.7940 
2009-11-09,1.7955 
2009-11-10,1.7971 
2009-11-11,1.7968 
2009-11-12,1.7967 
2009-11-13,1.7957 
2009-11-16,1.7977 
2009-11-17,1.7980 
2009-11-18,1.7985 
2009-11-19,1.8007 
2009-11-20,1.8021 
2009-11-23,1.8036 
2009-11-24,1.8040 
2009-11-25,1.8044 
2009-11-26,1.8031 
2009-11-27,1.8047 
2009-11-30,1.8064 
2009-12-01,1.8082 
2009-12-02,1.8085 
2009-12-03,1.8092 
2009-12-04,1.8102 
2009-12-07,1.8102 
2009-12-08,1.8114 
2009-12-09,1.8120 
2009-12-10,1.8137 
2009-12-11,1.8152 
2009-12-14,1.8157 
2009-12-15,1.8171 
2009-12-16,1.8183 
2009-12-17,1.8189 
2009-12-18,1.8193 
2009-12-21,1.8194 
2009-12-22,1.8215 
2009-12-23,1.8264 
2009-12-24,1.8292 
2009-12-25,1.8284 
2009-12-28,1.8305 
2009-12-29,1.8318 
2009-12-30,1.8324 
2009-12-31,1.8319 
2010-01-04,1.8312 
2010-01-05,1.8298 
2010-01-06,1.8288 
2010-01-07,1.8321 
2010-01-08,1.8369 
2010-01-11,1.8403 
2010-01-12,1.8439 
2010-01-13,1.8522 
2010-01-14,1.8584 
2010-01-15,1.8649 
2010-01-18,1.8674 
2010-01-19,1.8723 
2010-01-20,1.8750 
2010-01-21,1.8819 
2010-01-22,1.8866 
2010-01-25,1.8890 
2010-01-26,1.8930 
2010-01-27,1.8963 
2010-01-28,1.9017 
2010-01-29,1.9048 
2010-02-01,1.9074 
2010-02-02,1.9074 
2010-02-03,1.9081 
2010-02-04,1.9061 
2010-02-05,1.9051 
2010-02-08,1.9055 
2010-02-09,1.9128 
2010-02-10,1.9203 
2010-02-11,1.9305 
2010-02-12,1.9280 
2010-02-20,1.9327 
2010-02-21,1.9375 
2010-02-22,1.9365 
2010-02-23,1.9351 
2010-02-24,1.9394 
2010-02-25,1.9421 
2010-02-26,1.9443 
2010-03-01,1.9436 
2010-03-02,1.9467 
2010-03-03,1.9455 
2010-03-04,1.9465 
2010-03-05,1.9461 
2010-03-08,1.9433 
2010-03-09,1.9453 
2010-03-10,1.9436 
2010-03-11,1.9419 
2010-03-12,1.9416 
2010-03-15,1.9407 
2010-03-16,1.9405 
2010-03-17,1.9406 
2010-03-18,1.9430 
2010-03-19,1.9420 
2010-03-22,1.9410 
2010-03-23,1.9413 
2010-03-24,1.9415 
2010-03-25,1.9408 
2010-03-26,1.9405 
2010-03-29,1.9430 
2010-03-30,1.9408 
2010-03-31,1.9419 
2010-04-01,1.9394 
2010-04-02,1.9378 
2010-04-06,1.9395 
2010-04-07,1.9409 
2010-04-08,1.9401 
2010-04-09,1.9388 
2010-04-12,1.9392 
2010-04-13,1.9396 
2010-04-14,1.9392 
2010-04-15,1.9400 
2010-04-16,1.9418 
2010-04-19,1.9413 
2010-04-20,1.9412 
2010-04-21,1.9420 
2010-04-22,1.9380 
2010-04-23,1.9384 
2010-04-26,1.9376 
2010-04-27,1.9373 
2010-04-28,1.9364 
2010-04-29,1.9394 
2010-04-30,1.9398 
2010-05-04,1.9410 
2010-05-05,1.9433 
2010-05-06,1.9465 
2010-05-07,1.9479 
2010-05-10,1.9489 
2010-05-11,1.9478 
2010-05-12,1.9459 
2010-05-13,1.9459 
2010-05-14,1.9464 
2010-05-17,1.9477 
2010-05-18,1.9513 
2010-05-19,1.9497 
2010-05-20,1.9500 
2010-05-21,1.9542 
2010-05-24,1.9658 
2010-05-25,1.9923 
2010-05-26,2.0389 
2010-05-27,2.0677 
2010-05-28,2.0925 
2010-05-31,2.1201 
2010-06-01,2.1885 
2010-06-02,2.2240 
2010-06-03,2.2584 
2010-06-04,2.2536 
2010-06-07,2.2520 
2010-06-08,2.2669 
2010-06-09,2.2803 
2010-06-10,2.2994 
2010-06-11,2.3128 
2010-06-12,2.3327 
2010-06-13,2.3570 
2010-06-17,2.3716 
2010-06-18,2.4137 
2010-06-21,2.4621 
2010-06-22,2.5215 
2010-06-23,2.5622 
2010-06-24,2.6033 
2010-06-25,2.6259 
2010-06-28,2.6288 
2010-06-29,2.6380 
2010-06-30,2.6308 
2010-07-01,2.6261 
2010-07-02,2.6210 
2010-07-05,2.6126 
2010-07-06,2.6149 
2010-07-07,2.6069 
2010-07-08,2.5978 
2010-07-09,2.5944 
2010-07-12,2.5978 
2010-07-13,2.5953 
2010-07-14,2.5905 
2010-07-15,2.5849 
2010-07-16,2.5814 
2010-07-19,2.5709 
2010-07-20,2.5692 
2010-07-21,2.5483 
2010-07-22,2.5298 
2010-07-23,2.5165 
2010-07-26,2.5039 
2010-07-27,2.4768 
2010-07-28,2.4647 
2010-07-29,2.4609 
2010-07-30,2.4475 
2010-08-02,2.4468 
2010-08-03,2.4447 
2010-08-04,2.4430 
2010-08-05,2.4473 
2010-08-06,2.4528 
2010-08-09,2.4557 
2010-08-10,2.4625 
2010-08-11,2.4674 
2010-08-12,2.4646 
2010-08-13,2.4651 
2010-08-16,2.4663 
2010-08-17,2.4687 
2010-08-18,2.4671 
2010-08-19,2.4673 
2010-08-20,2.4672 
2010-08-23,2.4654 
2010-08-24,2.4686 
2010-08-25,2.4688 
2010-08-26,2.4723 
2010-08-27,2.4896 
2010-08-30,2.5035 
2010-08-31,2.5120 
2010-09-01,2.5151 
2010-09-02,2.5127 
2010-09-03,2.5144 
2010-09-06,2.5286 
2010-09-07,2.5319 
2010-09-08,2.5358 
2010-09-09,2.5380 
2010-09-10,2.5388 
2010-09-13,2.5418 
2010-09-14,2.5512 
2010-09-15,2.5608 
2010-09-16,2.5657 
2010-09-17,2.5677 
2010-09-19,2.5644 
2010-09-20,2.5689 
2010-09-21,2.5732 
2010-09-25,2.5749 
2010-09-26,2.5863 
2010-09-27,2.5972 
2010-09-28,2.6046 
2010-09-29,2.6092 
2010-09-30,2.6113 
2010-10-08,2.6164 
2010-10-09,2.6169 
2010-10-11,2.6215 
2010-10-12,2.6362 
2010-10-13,2.6406 
2010-10-14,2.6442 
2010-10-15,2.6506 
2010-10-18,2.6528 
2010-10-19,2.6533 
2010-10-20,2.7331 
2010-10-21,2.7643 
2010-10-22,2.7893 
2010-10-25,2.8034 
2010-10-26,2.8115 
2010-10-27,2.8165 
2010-10-28,2.8265 
2010-10-29,2.8302 
2010-11-01,2.8344 
2010-11-02,2.8391 
2010-11-03,2.8412 
2010-11-04,2.8448 
2010-11-05,2.8452 
2010-11-08,2.8470 
2010-11-09,2.8575 
2010-11-10,2.8650 
2010-11-11,2.8727 
2010-11-12,2.8817 
2010-11-15,2.8870 
2010-11-16,2.8907 
2010-11-17,2.8922 
2010-11-18,2.8956 
2010-11-19,2.8996 
2010-11-22,2.9174 
2010-11-23,2.9688 
2010-11-24,3.0127 
2010-11-25,3.0707 
2010-11-26,3.1367 
2010-11-29,3.1925 
2010-11-30,3.2498 
2010-12-01,3.2865 
2010-12-02,3.3274 
2010-12-03,3.3453 
2010-12-06,3.3740 
2010-12-07,3.3940 
2010-12-08,3.4200 
2010-12-09,3.5292 
2010-12-10,3.6320 
2010-12-13,3.6660 
2010-12-14,3.7205 
2010-12-15,3.8158 
2010-12-16,3.8548 
2010-12-17,3.8842 
2010-12-20,3.9181 
2010-12-21,3.9496 
2010-12-22,4.1130 
2010-12-23,4.1790 
2010-12-24,4.3264 
2010-12-27,4.5641 
2010-12-28,4.6021 
2010-12-29,4.6236 
2010-12-30,4.6216 
2010-12-31,4.6234 
2011-01-04,4.5583 
2011-01-05,4.5220 
2011-01-06,4.4648 
2011-01-07,4.4184 
2011-01-10,4.3408 
2011-01-11,4.2643 
2011-01-12,4.1951 
2011-01-13,4.1720 
2011-01-14,4.1398 
2011-01-17,4.1383 
2011-01-18,4.1671 
2011-01-19,4.3572 
2011-01-20,4.6839 
2011-01-21,4.9322 
2011-01-24,5.0497 
2011-01-25,5.2502 
2011-01-26,5.4415 
2011-01-27,5.5597 
2011-01-28,5.6207 
2011-01-30,5.7059 
2011-01-31,5.7464 
2011-02-01,5.6437 
2011-02-09,5.7299 
2011-02-10,5.6362 
2011-02-11,5.4415 
2011-02-12,5.1854 
2011-02-14,5.0048 
2011-02-15,4.8250 
2011-02-16,4.7650 
2011-02-17,4.7215 
2011-02-18,4.7145 
2011-02-21,4.8776 
2011-02-22,4.9333 
2011-02-23,4.9357 
2011-02-24,4.9197 
2011-02-25,4.9250 
2011-02-28,4.9107 
2011-03-01,4.8281 
2011-03-02,4.6752 
2011-03-03,4.5258 
2011-03-04,4.4645 
2011-03-07,4.4015 
2011-03-08,4.3203 
2011-03-09,4.2237 
2011-03-10,4.1944 
2011-03-11,4.1845 
2011-03-14,4.1903 
2011-03-15,4.2129 
2011-03-16,4.2207 
2011-03-17,4.2401 
2011-03-18,4.2461 
2011-03-21,4.2684 
2011-03-22,4.2684 
2011-03-23,4.2654 
2011-03-24,4.2517 
2011-03-25,4.2388 
2011-03-28,4.2072 
2011-03-29,4.1666 
2011-03-30,4.1656 
2011-03-31,4.1690 
2011-04-01,4.1788 
2011-04-02,4.1765 
2011-04-06,4.2293 
2011-04-07,4.2491 
2011-04-08,4.2531 
2011-04-11,4.2522 
2011-04-12,4.2480 
2011-04-13,4.2463 
2011-04-14,4.2387 
2011-04-15,4.2373 
2011-04-18,4.2671 
2011-04-19,4.2880 
2011-04-20,4.3058 
2011-04-21,4.3449 
2011-04-22,4.3771 
2011-04-25,4.4797 
2011-04-26,4.5218 
2011-04-27,4.5315 
2011-04-28,4.5339 
2011-04-29,4.5387 
2011-05-03,4.5390 
2011-05-04,4.5165 
2011-05-05,4.5209 
2011-05-06,4.5083 
2011-05-09,4.5101 
2011-05-10,4.4986 
2011-05-11,4.4944 
2011-05-12,4.4909 
2011-05-13,4.5138 
2011-05-16,4.5257 
2011-05-17,4.5455 
2011-05-18,4.5622 
2011-05-19,4.5603 
2011-05-20,4.5625 
2011-05-23,4.5682 
2011-05-24,4.5933 
2011-05-25,4.6263 
2011-05-26,4.6440 
2011-05-27,4.6420 
2011-05-30,4.6003 
2011-05-31,4.6059 
2011-06-01,4.6121 
2011-06-02,4.6002 
2011-06-03,4.5925 
2011-06-07,4.5981 
2011-06-08,4.6543 
2011-06-09,4.7502 
2011-06-10,4.7705 
2011-06-13,4.8743 
2011-06-14,4.9232 
2011-06-15,5.2788 
2011-06-16,5.5884 
2011-06-17,5.6733 
2011-06-20,5.7433 
2011-06-21,5.8421 
2011-06-22,6.0594 
2011-06-23,6.3830 
2011-06-24,6.3893 
2011-06-27,6.4302 
2011-06-28,6.4611 
2011-06-29,6.4571 
2011-06-30,6.3917 
2011-07-01,6.3867 
2011-07-04,6.3579 
2011-07-05,6.3481 
2011-07-06,6.3333 
2011-07-07,6.3302 
2011-07-08,6.3057 
2011-07-11,6.2398 
2011-07-12,6.1912 
2011-07-13,6.1102 
2011-07-14,6.0853 
2011-07-15,6.0216 
2011-07-18,5.9927 
2011-07-19,5.9810 
2011-07-20,5.9694 
2011-07-21,5.9560 
2011-07-22,5.9688 
2011-07-25,6.0383 
2011-07-26,6.0283 
2011-07-27,6.0198 
2011-07-28,6.0002 
2011-07-29,5.9993 
2011-08-01,5.9712 
2011-08-02,5.9085 
2011-08-03,5.8897 
2011-08-04,5.8493 
2011-08-05,5.8066 
2011-08-08,5.7463 
2011-08-09,5.6908 
2011-08-10,5.6490 
2011-08-11,5.5883 
2011-08-12,5.5257 
2011-08-15,5.4929 
2011-08-16,5.4602 
2011-08-17,5.4443 
2011-08-18,5.4328 
2011-08-19,5.4328 
2011-08-22,5.4273 
2011-08-23,5.4246 
2011-08-24,5.4049 
2011-08-25,5.3848 
2011-08-26,5.3546 
2011-08-29,5.4867 
2011-08-30,5.5113 
2011-08-31,5.5444 
2011-09-01,5.5774 
2011-09-02,5.5753 
2011-09-05,5.6079 
2011-09-06,5.6110 
2011-09-07,5.6509 
2011-09-08,5.6554 
2011-09-09,5.6513 
2011-09-13,5.6272 
2011-09-14,5.6304 
2011-09-15,5.6209 
2011-09-16,5.6167 
2011-09-19,5.6138 
2011-09-20,5.6216 
2011-09-21,5.6393 
2011-09-22,5.6289 
2011-09-23,5.6328 
2011-09-26,5.6195 
2011-09-27,5.6269 
2011-09-28,5.6391 
2011-09-29,5.6399 
2011-09-30,5.6466 
2011-10-08,5.6421 
2011-10-09,5.6412 
2011-10-10,5.6480 
2011-10-11,5.6503 
2011-10-12,5.6343 
2011-10-13,5.6320 
2011-10-14,5.6343 
2011-10-17,5.6404 
2011-10-18,5.6235 
2011-10-19,5.6179 
2011-10-20,5.6040 
2011-10-21,5.6170 
2011-10-24,5.6136 
2011-10-25,5.6363 
2011-10-26,5.6354 
2011-10-27,5.6522 
2011-10-28,5.6643 
2011-10-31,5.7048 
2011-11-01,5.7693 
2011-11-02,5.7033 
2011-11-03,5.7017 
2011-11-04,5.7043 
2011-11-07,5.7221 
2011-11-08,5.7100 
2011-11-09,5.7046 
2011-11-10,5.6842 
2011-11-11,5.6542 
2011-11-14,5.6617 
2011-11-15,5.6608 
2011-11-16,5.6558 
2011-11-17,5.6575 
2011-11-18,5.6550 
2011-11-21,5.6650 
2011-11-22,5.6707 
2011-11-23,5.6692 
2011-11-24,5.6673 
2011-11-25,5.6673 
2011-11-28,5.6514 
2011-11-29,5.6696 
2011-11-30,5.6654 
2011-12-01,5.6054 
2011-12-02,5.5433 
2011-12-05,5.5300 
2011-12-06,5.5183 
2011-12-07,5.4842 
2011-12-08,5.4711 
2011-12-09,5.4682 
2011-12-12,5.4607 
2011-12-13,5.4511 
2011-12-14,5.4459 
2011-12-15,5.4471 
2011-12-16,5.4506 
2011-12-19,5.4505 
2011-12-20,5.4563 
2011-12-21,5.4484 
2011-12-22,5.4560 
2011-12-23,5.4612 
2011-12-26,5.4572 
2011-12-27,5.4686 
2011-12-28,5.4757 
2011-12-29,5.4742 
2011-12-30,5.4749 
2011-12-31,5.4691 
2012-01-04,5.4655 
2012-01-05,5.4615 
2012-01-06,5.4600 
2012-01-09,5.4602 
2012-01-10,5.4616 
2012-01-11,5.4420 
2012-01-12,5.4498 
2012-01-13,5.4570 
2012-01-16,5.4844 
2012-01-17,5.5147 
2012-01-18,5.5883 
2012-01-19,5.5498 
2012-01-20,5.5071 
2012-01-21,5.4815 
2012-01-29,5.4742 
2012-01-30,5.4705 
2012-01-31,5.4668 
2012-02-01,5.4586 
2012-02-02,5.4515 
2012-02-03,5.4391 
2012-02-06,5.4310 
2012-02-07,5.3811 
2012-02-08,5.3611 
2012-02-09,5.3313 
2012-02-10,5.3142 
2012-02-13,5.2982 
2012-02-14,5.2840 
2012-02-15,5.2774 
2012-02-16,5.2840 
2012-02-17,5.3061 
2012-02-20,5.3148 
2012-02-21,5.3060 
2012-02-22,5.3055 
2012-02-23,5.3044 
2012-02-24,5.3043 
2012-02-27,5.2974 
2012-02-28,5.2828 
2012-02-29,5.2775 
2012-03-01,5.2665 
2012-03-02,5.2506 
2012-03-05,5.2383 
2012-03-06,5.2158 
2012-03-07,5.1689 
2012-03-08,5.1397 
2012-03-09,5.1081 
2012-03-12,5.0835 
2012-03-13,5.0629 
2012-03-14,5.0461 
2012-03-15,5.0195 
2012-03-16,4.9999 
2012-03-19,4.9818 
2012-03-20,4.9670 
2012-03-21,4.9643 
2012-03-22,4.9500 
2012-03-23,4.9515 
2012-03-26,4.9446 
2012-03-27,4.9474 
2012-03-28,4.9282 
2012-03-29,4.9114 
2012-03-30,4.9024 
2012-03-31,4.8832 
2012-04-01,4.8830 
2012-04-05,4.8775 
2012-04-06,4.8760 
2012-04-09,4.8659 
2012-04-10,4.8543 
2012-04-11,4.8446 
2012-04-12,4.8399 
2012-04-13,4.8368 
2012-04-16,4.8355 
2012-04-17,4.8194 
2012-04-18,4.7934 
2012-04-19,4.7768 
2012-04-20,4.7658 
2012-04-23,4.7450 
2012-04-24,4.7363 
2012-04-25,4.7240 
2012-04-26,4.7165 
2012-04-27,4.7113 
2012-04-28,4.7037 
2012-05-02,4.6985 
2012-05-03,4.6919 
2012-05-04,4.6844 
2012-05-07,4.6728 
2012-05-08,4.6628 
2012-05-09,4.6479 
2012-05-10,4.6298 
2012-05-11,4.6178 
2012-05-14,4.5584 
2012-05-15,4.5223 
2012-05-16,4.4876 
2012-05-17,4.4612 
2012-05-18,4.4331 
2012-05-21,4.4050 
2012-05-22,4.3754 
2012-05-23,4.3333 
2012-05-24,4.3048 
2012-05-25,4.2700 
2012-05-28,4.2500 
2012-05-29,4.2320 
2012-05-30,4.2213 
2012-05-31,4.2068 
2012-06-01,4.1968 
2012-06-04,4.1921 
2012-06-05,4.1818 
2012-06-06,4.1766 
2012-06-07,4.1701 
2012-06-08,4.1163 
2012-06-11,4.0972 
2012-06-12,4.0835 
2012-06-13,4.0649 
2012-06-14,4.0523 
2012-06-15,4.0419 
2012-06-18,4.0343 
2012-06-19,4.0247 
2012-06-20,4.0402 
2012-06-21,4.0517 
2012-06-25,4.1036 
2012-06-26,4.1132 
2012-06-27,4.1093 
2012-06-28,4.0844 
2012-06-29,4.0778 
2012-07-02,4.0732 
2012-07-03,4.0674 
2012-07-04,4.0550 
2012-07-05,4.0479 
2012-07-06,4.0092 
2012-07-09,3.9841 
2012-07-10,3.9544 
2012-07-11,3.9225 
2012-07-12,3.8791 
2012-07-13,3.8374 
2012-07-16,3.8071 
2012-07-17,3.7932 
2012-07-18,3.7859 
2012-07-19,3.7834 
2012-07-20,3.7801 
2012-07-23,3.7777 
2012-07-24,3.7669 
2012-07-25,3.7737 
2012-07-26,3.7689 
2012-07-27,3.7593 
2012-07-30,3.7466 
2012-07-31,3.7371 
2012-08-01,3.7289 
2012-08-02,3.7197 
2012-08-03,3.6864 
2012-08-06,3.6740 
2012-08-07,3.6587 
2012-08-08,3.6393 
2012-08-09,3.6099 
2012-08-10,3.5893 
2012-08-13,3.5793 
2012-08-14,3.5823 
2012-08-15,3.5892 
2012-08-16,3.5994 
2012-08-17,3.6113 
2012-08-20,3.6263 
2012-08-21,3.6508 
2012-08-22,3.6533 
2012-08-23,3.6543 
2012-08-24,3.6548 
2012-08-27,3.6284 
2012-08-28,3.6379 
2012-08-29,3.6335 
2012-08-30,3.6314 
2012-08-31,3.6325 
2012-09-03,3.6370 
2012-09-04,3.6370 
2012-09-05,3.6397 
2012-09-06,3.6365 
2012-09-07,3.6373 
2012-09-10,3.6389 
2012-09-11,3.6465 
2012-09-12,3.6461 
2012-09-13,3.6496 
2012-09-14,3.6501 
2012-09-17,3.6497 
2012-09-18,3.6505 
2012-09-19,3.6520 
2012-09-20,3.6583 
2012-09-21,3.6686 
2012-09-24,3.6835 
2012-09-25,3.6874 
2012-09-26,3.6883 
2012-09-27,3.6875 
2012-09-28,3.6865 
2012-09-29,3.6857 
2012-10-08,3.6868 
2012-10-09,3.6881 
2012-10-10,3.6890 
2012-10-11,3.6997 
2012-10-12,3.7026 
2012-10-15,3.6992 
2012-10-16,3.6994 
2012-10-17,3.6991 
2012-10-18,3.7037 
2012-10-19,3.7075 
2012-10-22,3.7019 
2012-10-23,3.6918 
2012-10-24,3.7039 
2012-10-25,3.7086 
2012-10-26,3.7108 
2012-10-29,3.7220 
2012-10-30,3.7193 
2012-10-31,3.7185 
2012-11-01,3.7164 
2012-11-02,3.7204 
2012-11-05,3.7220 
2012-11-06,3.7221 
2012-11-07,3.7285 
2012-11-08,3.7332 
2012-11-09,3.7407 
2012-11-12,3.7559 
2012-11-13,3.7694 
2012-11-14,3.7699 
2012-11-15,3.7710 
2012-11-16,3.7777 
2012-11-19,3.7839 
2012-11-20,3.7893 
2012-11-21,3.7900 
2012-11-22,3.7979 
2012-11-23,3.8012 
2012-11-26,3.8055 
2012-11-27,3.8125 
2012-11-28,3.8140 
2012-11-29,3.8210 
2012-11-30,3.8256 
2012-12-03,3.8252 
2012-12-04,3.8319 
2012-12-05,3.8347 
2012-12-06,3.8398 
2012-12-07,3.8431 
2012-12-10,3.8488 
2012-12-11,3.8513 
2012-12-12,3.8547 
2012-12-13,3.8550 
2012-12-14,3.8572 
2012-12-17,3.8608 
2012-12-18,3.8664 
2012-12-19,3.8742 
2012-12-20,3.8809 
2012-12-21,3.8832 
2012-12-24,3.8880 
2012-12-25,3.8923 
2012-12-26,3.8954 
2012-12-27,3.8961 
2012-12-28,3.8965 
2012-12-31,3.8996 
2013-01-04,3.9000 
2013-01-05,3.9016 
2013-01-06,3.9026 
2013-01-07,3.9028 
2013-01-08,3.9029 
2013-01-09,3.9031 
2013-01-10,3.9024 
2013-01-11,3.9043 
2013-01-14,3.9058 
2013-01-15,3.9047 
2013-01-16,3.9029 
2013-01-17,3.9026 
2013-01-18,3.8942 
2013-01-21,3.8861 
2013-01-22,3.8839 
2013-01-23,3.8800 
2013-01-24,3.8804 
2013-01-25,3.8831 
2013-01-28,3.8863 
2013-01-29,3.8872 
2013-01-30,3.8876 
2013-01-31,3.8878 
2013-02-01,3.8883 
2013-02-04,3.8890 
2013-02-05,3.8913 
2013-02-06,3.8929 
2013-02-07,3.8937 
2013-02-08,3.8916 
2013-02-16,3.8933 
2013-02-17,3.8892 
2013-02-18,3.8860 
2013-02-19,3.8817 
2013-02-20,3.8800 
2013-02-21,3.8800 
2013-02-22,3.8798 
2013-02-25,3.8800 
2013-02-26,3.8842 
2013-02-27,3.8866 
2013-02-28,3.8946 
2013-03-01,3.8946 
2013-03-04,3.8920 
2013-03-05,3.8918 
2013-03-06,3.8866 
2013-03-07,3.8837 
2013-03-08,3.8812 
2013-03-11,3.8816 
2013-03-12,3.8822 
2013-03-13,3.8833 
2013-03-14,3.8821 
2013-03-15,3.8836 
2013-03-18,3.8801 
2013-03-19,3.8802 
2013-03-20,3.8804 
2013-03-21,3.8794 
2013-03-22,3.8801 
2013-03-25,3.8801 
2013-03-26,3.8802 
2013-03-27,3.8811 
2013-03-28,3.8814 
2013-03-29,3.8805 
2013-04-01,3.8804 
2013-04-02,3.8804 
2013-04-03,3.8804 
2013-04-07,3.8814 
2013-04-08,3.8818 
2013-04-09,3.8812 
2013-04-10,3.8818 
2013-04-11,3.8803 
2013-04-12,3.8803 
2013-04-15,3.8802 
2013-04-16,3.8803 
2013-04-17,3.8803 
2013-04-18,3.8803 
2013-04-19,3.8813 
2013-04-22,3.8828 
2013-04-23,3.8844 
2013-04-24,3.8837 
2013-04-25,3.8857 
2013-04-26,3.8843 
2013-04-27,3.8821 
2013-04-28,3.8821 
2013-05-02,3.8830 
2013-05-03,3.8814 
2013-05-06,3.8810 
2013-05-07,3.8808 
2013-05-08,3.8804 
2013-05-09,3.8803 
2013-05-10,3.8802 
2013-05-13,3.8800 
2013-05-14,3.8803 
2013-05-15,3.8803 
2013-05-16,3.8805 
2013-05-17,3.8823 
2013-05-20,3.8831 
2013-05-21,3.8834 
2013-05-22,3.8852 
2013-05-23,3.8847 
2013-05-24,3.8838 
2013-05-27,3.8834 
2013-05-28,3.8848 
2013-05-29,3.8821 
2013-05-30,3.8818 
2013-05-31,3.8821 
2013-06-03,3.8834 
2013-06-04,3.8835 
2013-06-05,3.8838 
2013-06-06,3.8938 
2013-06-07,4.5740 
2013-06-08,5.1080 
2013-06-09,5.1450 
2013-06-13,5.2050 
2013-06-14,5.2900 
2013-06-17,5.3190 
2013-06-18,5.3290 
2013-06-19,5.4080 
2013-06-20,5.8030 
2013-06-21,5.7900 
2013-06-24,5.7240 
2013-06-25,5.6410 
2013-06-26,5.5820 
2013-06-27,5.5390 
2013-06-28,5.4390 
2013-07-01,5.2950 
2013-07-02,5.2110 
2013-07-03,5.1480 
2013-07-04,5.0290 
2013-07-05,4.9390 
2013-07-08,4.7940 
2013-07-09,4.7230 
2013-07-10,4.7040 
2013-07-11,4.6955 
2013-07-12,4.6910 
2013-07-15,4.6785 
2013-07-16,4.6703 
2013-07-17,4.6620 
2013-07-18,4.6578 
2013-07-19,4.6525 
2013-07-22,4.6515 
2013-07-23,4.6517 
2013-07-24,4.6610 
2013-07-25,4.6601 
2013-07-26,4.6670 
2013-07-29,4.6710 
2013-07-30,4.6670 
2013-07-31,4.6645 
2013-08-01,4.6635 
2013-08-02,4.6595 
2013-08-05,4.6550 
2013-08-06,4.6538 
2013-08-07,4.6515 
2013-08-08,4.6504 
2013-08-09,4.6501 
2013-08-12,4.6500 
2013-08-13,4.6500 
2013-08-14,4.6500 
2013-08-15,4.6502 
2013-08-16,4.6503 
2013-08-19,4.6573 
2013-08-20,4.6636 
2013-08-21,4.6580 
2013-08-22,4.6620 
2013-08-23,4.6620 
2013-08-26,4.6619 
2013-08-27,4.6609 
2013-08-28,4.6586 
2013-08-29,4.6580 
2013-08-30,4.6572 
2013-09-02,4.6561 
2013-09-03,4.6558 
2013-09-04,4.6566 
2013-09-05,4.6566 
2013-09-06,4.6573 
2013-09-09,4.6564 
2013-09-10,4.6549 
2013-09-11,4.6559 
2013-09-12,4.6563 
2013-09-13,4.6571 
2013-09-16,4.6569 
2013-09-17,4.6579 
2013-09-18,4.6584 
2013-09-22,4.6617 
2013-09-23,4.6717 
2013-09-24,4.6731 
2013-09-25,4.6715 
2013-09-26,4.6732 
2013-09-27,4.6722 
2013-09-29,4.6732 
2013-09-30,4.6704 
2013-10-08,4.6685 
2013-10-09,4.6682 
2013-10-10,4.6681 
2013-10-11,4.6679 
2013-10-12,4.6673 
2013-10-14,4.6661 
2013-10-15,4.6655 
2013-10-16,4.6654 
2013-10-17,4.6681 
2013-10-18,4.6695 
2013-10-21,4.6775 
2013-10-22,4.6813 
2013-10-23,4.6843 
2013-10-24,4.6876 
2013-10-25,4.6910 
2013-10-28,4.6975 
2013-10-29,4.6966 
2013-10-30,4.6965 
2013-10-31,4.6948 
2013-11-01,4.6925 
2013-11-04,4.6921 
2013-11-05,4.6930 
2013-11-06,4.6926 
2013-11-07,4.6933 
2013-11-08,4.6944 
2013-11-11,4.6962 
2013-11-12,4.6978 
2013-11-13,4.6990 
2013-11-14,4.6997 
2013-11-15,4.7060 
2013-11-18,4.7095 
2013-11-19,4.7100 
2013-11-20,4.7092 
2013-11-21,4.7110 
2013-11-22,4.7118 
2013-11-25,4.7132 
2013-11-26,4.7156 
2013-11-27,4.7211 
2013-11-28,4.7181 
2013-11-29,4.7229 
2013-12-02,4.7197 
2013-12-03,4.7365 
2013-12-04,4.7778 
2013-12-05,4.8850 
2013-12-06,5.1670 
2013-12-09,5.2581 
2013-12-10,5.3380 
2013-12-11,5.3320 
2013-12-12,5.3222 
2013-12-13,5.3350 
2013-12-16,5.3310 
2013-12-17,5.3537 
2013-12-18,5.3850 
2013-12-19,5.4239 
2013-12-20,5.4580 
2013-12-23,5.5160 
2013-12-24,5.5174 
2013-12-25,5.5220 
2013-12-26,5.5380 
2013-12-27,5.5465 
2013-12-30,5.5530 
2013-12-31,5.5565 
2014-01-02,5.5657 
2014-01-03,5.5661 
2014-01-06,5.5732 
2014-01-07,5.5760 
2014-01-08,5.5821 
2014-01-09,5.5837 
2014-01-10,5.5841 
2014-01-13,5.5849 
2014-01-14,5.5865 
2014-01-15,5.5846 
2014-01-16,5.5812 
2014-01-17,5.5868 
2014-01-20,5.5893 
2014-01-21,5.5910 
2014-01-22,5.5924 
2014-01-23,5.5926 
2014-01-24,5.5946 
2014-01-26,5.5962 
2014-01-27,5.5989 
2014-01-28,5.5998 
2014-01-29,5.6000 
2014-01-30,5.6000 
2014-02-07,5.6000 
2014-02-08,5.6050 
2014-02-10,5.6031 
2014-02-11,5.6005 
2014-02-12,5.6012 
2014-02-13,5.6037 
2014-02-14,5.6005 
2014-02-17,5.6000 
2014-02-18,5.6000 
2014-02-19,5.6000 
2014-02-20,5.5960 
2014-02-21,5.5775 
2014-02-24,5.5665 
2014-02-25,5.5585 
2014-02-26,5.5415 
2014-02-27,5.5360 
2014-02-28,5.5290 
2014-03-03,5.5190 
2014-03-04,5.5150 
2014-03-05,5.5105 
2014-03-06,5.5067 
2014-03-07,5.5040 
2014-03-10,5.5020 
2014-03-11,5.5002 
2014-03-12,5.5000 
2014-03-13,5.5000 
2014-03-14,5.5000 
2014-03-17,5.5000 
2014-03-18,5.5000 
2014-03-19,5.5000 
2014-03-20,5.5000 
2014-03-21,5.5000 
2014-03-24,5.5000 
2014-03-25,5.5000 
2014-03-26,5.5000 
2014-03-27,5.5000 
2014-03-28,5.5000 
2014-03-31,5.5000 
2014-04-01,5.5000 
2014-04-02,5.5000 
2014-04-03,5.5000 
2014-04-04,5.5000 
2014-04-08,5.5000 
2014-04-09,5.5000 
2014-04-10,5.5000 
2014-04-11,5.5000 
2014-04-14,5.5000 
2014-04-15,5.5000 
2014-04-16,5.5000 
2014-04-17,5.5000 
2014-04-18,5.5000 
2014-04-21,5.5000 
2014-04-22,5.5000 
2014-04-23,5.5000 
2014-04-24,5.5000 
2014-04-25,5.4900 
2014-04-28,5.4982 
2014-04-29,5.5000 
2014-04-30,5.4950 
2014-05-04,5.4820 
2014-05-05,5.4655 
2014-05-06,5.4474 
2014-05-07,5.4167 
2014-05-08,5.3992 
2014-05-09,5.3909 
2014-05-12,5.3764 
2014-05-13,5.3414 
2014-05-14,5.3198 
2014-05-15,5.2665 
2014-05-16,5.2418 
2014-05-19,5.2142 
2014-05-20,5.1772 
2014-05-21,5.1215 
2014-05-22,5.0935 
2014-05-23,5.0675 
2014-05-26,5.0413 
2014-05-27,5.0197 
2014-05-28,4.9768 
2014-05-29,4.9418 
2014-05-30,4.9250 
2014-06-03,4.8830 
2014-06-04,4.8550 
2014-06-05,4.8393 
2014-06-06,4.8259 
2014-06-09,4.8181 
2014-06-10,4.8095 
2014-06-11,4.7941 
2014-06-12,4.7862 
2014-06-13,4.7794 
2014-06-16,4.7777 
2014-06-17,4.7825 
2014-06-18,4.7767 
2014-06-19,4.7692 
2014-06-20,4.7751 
2014-06-23,4.7761 
2014-06-24,4.7679 
2014-06-25,4.7582 
2014-06-26,4.7478 
2014-06-27,4.7482 
2014-06-30,4.7499 
2014-07-01,4.7499 
2014-07-02,4.7500 
2014-07-03,4.7500 
2014-07-04,4.7500 
2014-07-07,4.7495 
2014-07-08,4.7500 
2014-07-09,4.7490 
2014-07-10,4.7438 
2014-07-11,4.7423 
2014-07-14,4.7461 
2014-07-15,4.7485 
2014-07-16,4.7487 
2014-07-17,4.7448 
2014-07-18,4.7467 
2014-07-21,4.7467 
2014-07-22,4.7465 
2014-07-23,4.7525 
2014-07-24,4.7465 
2014-07-25,4.7465 
2014-07-28,4.7465 
2014-07-29,4.7390 
2014-07-30,4.7316 
2014-07-31,4.7215 
2014-08-01,4.7149 
2014-08-04,4.7081 
2014-08-05,4.7049 
2014-08-06,4.6982 
2014-08-07,4.6941 
2014-08-08,4.6921 
2014-08-11,4.6916 
2014-08-12,4.6905 
2014-08-13,4.6882 
2014-08-14,4.6834 
2014-08-15,4.6811 
2014-08-18,4.6805 
2014-08-19,4.6791 
2014-08-20,4.6804 
2014-08-21,4.6786 
2014-08-22,4.6764 
2014-08-25,4.6758 
2014-08-26,4.6695 
2014-08-27,4.6680 
2014-08-28,4.6689 
2014-08-29,4.6659 
2014-09-01,4.6665 
2014-09-02,4.6654 
2014-09-03,4.6652 
2014-09-04,4.6632 
2014-09-05,4.6539 
2014-09-09,4.6522 
2014-09-10,4.6495 
2014-09-11,4.6420 
2014-09-12,4.6421 
2014-09-15,4.6393 
2014-09-16,4.6349 
2014-09-17,4.6296 
2014-09-18,4.6206 
2014-09-19,4.6070 
2014-09-22,4.5986 
2014-09-23,4.5870 
2014-09-24,4.5741 
2014-09-25,4.5620 
2014-09-26,4.5565 
2014-09-28,4.5528 
2014-09-29,4.5500 
2014-09-30,4.5445 
2014-10-08,4.5440 
2014-10-09,4.5394 
2014-10-10,4.5350 
2014-10-11,4.5364 
2014-10-13,4.5352 
2014-10-14,4.5346 
2014-10-15,4.5255 
2014-10-16,4.5208 
2014-10-17,4.5148 
2014-10-20,4.5052 
2014-10-21,4.4978 
2014-10-22,4.4910 
2014-10-23,4.4825 
2014-10-24,4.4685 
2014-10-27,4.4660 
2014-10-28,4.4502 
2014-10-29,4.4503 
2014-10-30,4.4495 
2014-10-31,4.4472 
2014-11-03,4.4407 
2014-11-04,4.4358 
2014-11-05,4.4234 
2014-11-06,4.4030 
2014-11-07,4.3813 
2014-11-10,4.3659 
2014-11-11,4.3510 
2014-11-12,4.2880 
2014-11-13,4.2500 
2014-11-14,4.2330 
2014-11-17,4.2090 
2014-11-18,4.1930 
2014-11-19,4.1802 
2014-11-20,4.1771 
2014-11-21,4.1758 
2014-11-24,4.1450 
2014-11-25,4.1562 
2014-11-26,4.1630 
2014-11-27,4.1695 
2014-11-28,4.1695 
2014-12-01,4.1751 
2014-12-02,4.1830 
2014-12-03,4.1930 
2014-12-04,4.1952 
2014-12-05,4.2177 
2014-12-08,4.2290 
2014-12-09,4.2360 
2014-12-10,4.2480 
2014-12-11,4.3160 
2014-12-12,4.3313 
2014-12-15,4.4200 
2014-12-16,4.5652 
2014-12-17,4.7355 
2014-12-18,4.8760 
2014-12-19,5.0010 
2014-12-22,5.1066 
2014-12-23,5.1615 
2014-12-24,5.1660 
2014-12-25,5.1550 
2014-12-26,5.1485 
2014-12-29,5.1385 
2014-12-30,5.1398 
2014-12-31,5.1351 
2015-01-04,5.1380 
2015-01-05,5.1250 
2015-01-06,5.0770 
2015-01-07,5.0190 
2015-01-08,4.9630 
2015-01-09,4.9250 
2015-01-12,4.9061 
2015-01-13,4.9055 
2015-01-14,4.8980 
2015-01-15,4.8940 
2015-01-16,4.8890 
2015-01-19,4.8940 
2015-01-20,4.8970 
2015-01-21,4.9000 
2015-01-22,4.9000 
2015-01-23,4.9010 
2015-01-26,4.8935 
2015-01-27,4.8970 
2015-01-28,4.9005 
2015-01-29,4.9070 
2015-01-30,4.9140 
2015-02-02,4.9164 
2015-02-03,4.9167 
2015-02-04,4.9280 
2015-02-05,4.9160 
2015-02-06,4.9080 
2015-02-09,4.9040 
2015-02-10,4.8990 
2015-02-11,4.9000 
2015-02-12,4.9010 
2015-02-13,4.9000 
2015-02-15,4.9000 
2015-02-16,4.9000 
2015-02-17,4.9000 
2015-02-25,4.9000 
2015-02-26,4.9000 
2015-02-27,4.9000 
2015-02-28,4.9000 
2015-03-02,4.8980 
2015-03-03,4.8979 
2015-03-04,4.8959 
2015-03-05,4.8960 
2015-03-06,4.8978 
2015-03-09,4.8979 
2015-03-10,4.8988 
2015-03-11,4.9000 
2015-03-12,4.9000 
2015-03-13,4.9000 
2015-03-16,4.9050 
2015-03-17,4.9050 
2015-03-18,4.9060 
2015-03-19,4.9040 
2015-03-20,4.9020 
2015-03-23,4.8990 
2015-03-24,4.8980 
2015-03-25,4.8975 
2015-03-26,4.8975 
2015-03-27,4.8975 
2015-03-30,4.8975 
2015-03-31,4.8975 
2015-04-01,4.8975 
2015-04-02,4.8975 
2015-04-03,4.8880 
2015-04-07,4.8585 
2015-04-08,4.8305 
2015-04-09,4.8008 
2015-04-10,4.7821 
2015-04-13,4.7667 
2015-04-14,4.7535 
2015-04-15,4.7365 
2015-04-16,4.7200 
2015-04-17,4.7030 
2015-04-20,4.6133 
2015-04-21,4.4845 
2015-04-22,4.4161 
2015-04-23,4.3431 
2015-04-24,4.2641 
2015-04-27,4.1610 
2015-04-28,4.0800 
2015-04-29,4.0350 
2015-04-30,3.9700 
2015-05-04,3.9230 
2015-05-05,3.8815 
2015-05-06,3.8460 
2015-05-07,3.8230 
2015-05-08,3.7985 
2015-05-11,3.7350 
2015-05-12,3.6810 
2015-05-13,3.6340 
2015-05-14,3.4820 
2015-05-15,3.3230 
2015-05-18,3.2000 
2015-05-19,3.1560 
2015-05-20,3.0710 
2015-05-21,3.0140 
2015-05-22,2.9590 
2015-05-25,2.9030 
2015-05-26,2.8810 
2015-05-27,2.8690 
2015-05-28,2.8650 
2015-05-29,2.8640 
2015-06-01,2.8565 
2015-06-02,2.8620 
2015-06-03,2.8710 
2015-06-04,2.8825 
2015-06-05,2.8850 
2015-06-08,2.8870 
2015-06-09,2.9020 
2015-06-10,2.9020 
2015-06-11,2.9090 
2015-06-12,2.9210 
2015-06-15,2.9600 
2015-06-16,2.9810 
2015-06-17,2.9990 
2015-06-18,3.0540 
2015-06-19,3.1050 
2015-06-23,3.1730 
2015-06-24,3.2110 
2015-06-25,3.2500 
2015-06-26,3.2770 
2015-06-29,3.2480 
2015-06-30,3.2330 
2015-07-01,3.2130 
2015-07-02,3.2120 
2015-07-03,3.2020 
2015-07-06,3.2030 
2015-07-07,3.1920 
2015-07-08,3.1860 
2015-07-09,3.1820 
2015-07-10,3.1770 
2015-07-13,3.1709 
2015-07-14,3.1642 
2015-07-15,3.1598 
2015-07-16,3.1550 
2015-07-17,3.1520 
2015-07-20,3.1505 
2015-07-21,3.1512 
2015-07-22,3.1563 
2015-07-23,3.1600 
2015-07-24,3.1635 
2015-07-27,3.1645 
2015-07-28,3.1638 
2015-07-29,3.1635 
2015-07-30,3.1605 
2015-07-31,3.1575 
2015-08-03,3.1530 
2015-08-04,3.1500 
2015-08-05,3.1430 
2015-08-06,3.1370 
2015-08-07,3.1270 
2015-08-10,3.1223 
2015-08-11,3.1180 
2015-08-12,3.1125 
2015-08-13,3.1010 
2015-08-14,3.0970 
2015-08-17,3.0910 
2015-08-18,3.0930 
2015-08-19,3.0940 
2015-08-20,3.0930 
2015-08-21,3.0900 
2015-08-24,3.0900 
2015-08-25,3.0910 
2015-08-26,3.0975 
2015-08-27,3.0960 
2015-08-28,3.0980 
2015-08-31,3.1000 
2015-09-01,3.1026 
2015-09-02,3.1026 
2015-09-06,3.1040 
2015-09-07,3.0990 
2015-09-08,3.0950 
2015-09-09,3.0920 
2015-09-10,3.0930 
2015-09-11,3.0970 
2015-09-14,3.1060 
2015-09-15,3.1130 
2015-09-16,3.1160 
2015-09-17,3.1268 
2015-09-18,3.1355 
2015-09-21,3.1410 
2015-09-22,3.1448 
2015-09-23,3.1468 
2015-09-24,3.1518 
2015-09-25,3.1530 
2015-09-28,3.1520 
2015-09-29,3.1530 
2015-09-30,3.1530 
2015-10-08,3.1515 
2015-10-09,3.1585 
2015-10-10,3.1656 
2015-10-12,3.1730 
2015-10-13,3.1825 
2015-10-14,3.1860 
2015-10-15,3.1846 
2015-10-16,3.1826 
2015-10-19,3.1783 
2015-10-20,3.1750 
2015-10-21,3.1690 
2015-10-22,3.1570 
2015-10-23,3.1440 
2015-10-26,3.0840 
2015-10-27,3.0470 
2015-10-28,3.0380 
2015-10-29,3.0360 
2015-10-30,3.0360 
2015-11-02,3.0420 
2015-11-03,3.0425 
2015-11-04,3.0415 
2015-11-05,3.0405 
2015-11-06,3.0355 
2015-11-09,3.0330 
2015-11-10,3.0340 
2015-11-11,3.0340 
2015-11-12,3.0340 
2015-11-13,3.0340 
2015-11-16,3.0380 
2015-11-17,3.0400 
2015-11-18,3.0441 
2015-11-19,3.0440 
2015-11-20,3.0440 
2015-11-23,3.0460 
2015-11-24,3.0500 
2015-11-25,3.0500 
2015-11-26,3.0500 
2015-11-27,3.0500 
2015-11-30,3.0500 
2015-12-01,3.0470 
2015-12-02,3.0420 
2015-12-03,3.0430 
2015-12-04,3.0430 
2015-12-07,3.0480 
2015-12-08,3.0510 
2015-12-09,3.0470 
2015-12-10,3.0460 
2015-12-11,3.0510 
2015-12-14,3.0461 
2015-12-15,3.0510 
2015-12-16,3.0475 
2015-12-17,3.0481 
2015-12-18,3.0501 
2015-12-21,3.0551 
2015-12-22,3.0611 
2015-12-23,3.0735 
2015-12-24,3.0774 
2015-12-25,3.0825 
2015-12-28,3.0878 
2015-12-29,3.0882 
2015-12-30,3.0882 
2015-12-31,3.0852 
2016-01-04,3.0860 
2016-01-05,3.0860 
2016-01-06,3.0820 
2016-01-07,3.0746 
2016-01-08,3.0670 
2016-01-11,3.0585 
2016-01-12,3.0530 
2016-01-13,3.0410 
2016-01-14,3.0270 
2016-01-15,3.0080 
2016-01-18,2.9850 
2016-01-19,2.9760 
2016-01-20,2.9705 
2016-01-21,2.9860 
2016-01-22,3.0310 
2016-01-25,3.0415 
2016-01-26,3.0730 
2016-01-27,3.1040 
2016-01-28,3.1070 
2016-01-29,3.1030 
2016-02-01,3.0820 
2016-02-02,3.0810 
2016-02-03,3.0710 
2016-02-04,3.0610 
2016-02-05,3.0600 
2016-02-06,3.0580 
2016-02-14,3.0495 
2016-02-15,3.0410 
2016-02-16,3.0290 
2016-02-17,3.0140 
2016-02-18,3.0040 
2016-02-19,2.9670 
2016-02-22,2.9470 
2016-02-23,2.9270 
2016-02-24,2.9010 
2016-02-25,2.8990 
2016-02-26,2.8990 
2016-02-29,2.8990 
2016-03-01,2.8835 
2016-03-02,2.8570 
2016-03-03,2.8400 
2016-03-04,2.8320 
2016-03-07,2.8230 
2016-03-08,2.8140 
2016-03-09,2.8070 
2016-03-10,2.8040 
2016-03-11,2.7990 
2016-03-14,2.7930 
2016-03-15,2.7930 
2016-03-16,2.7930 
2016-03-17,2.7910 
2016-03-18,2.7930 
2016-03-21,2.7950 
2016-03-22,2.7970 
2016-03-23,2.7980 
2016-03-24,2.7990 
2016-03-25,2.7970 
2016-03-28,2.7970 
2016-03-29,2.8002 
2016-03-30,2.8115 
2016-03-31,2.8248 
2016-04-01,2.8385 
2016-04-05,2.8460 
2016-04-06,2.8450 
2016-04-07,2.8470 
2016-04-08,2.8455 
2016-04-11,2.8485 
2016-04-12,2.8470 
2016-04-13,2.8485 
2016-04-14,2.8487 
2016-04-15,2.8480 
2016-04-18,2.8480 
2016-04-19,2.8500 
2016-04-20,2.8510 
2016-04-21,2.8610 
2016-04-22,2.8680 
2016-04-25,2.8735 
2016-04-26,2.8775 
2016-04-27,2.8830 
2016-04-28,2.8925 
2016-04-29,2.9080 
2016-05-03,2.9044 
2016-05-04,2.8990 
2016-05-05,2.8960 
2016-05-06,2.8940 
2016-05-09,2.8920 
2016-05-10,2.8920 
2016-05-11,2.8940 
2016-05-12,2.8955 
2016-05-13,2.9035 
2016-05-16,2.9075 
2016-05-17,2.9158 
2016-05-18,2.9227 
2016-05-19,2.9273 
2016-05-20,2.9288 
2016-05-23,2.9300 
2016-05-24,2.9330 
2016-05-25,2.9385 
2016-05-26,2.9410 
2016-05-27,2.9420 
2016-05-30,2.9455 
2016-05-31,2.9460 
2016-06-01,2.9460 
2016-06-02,2.9460 
2016-06-03,2.9470 
2016-06-06,2.9460 
2016-06-07,2.9460 
2016-06-08,2.9460 
2016-06-12,2.9460 
2016-06-13,2.9476 
2016-06-14,2.9508 
2016-06-15,2.9521 
2016-06-16,2.9523 
2016-06-17,2.9568 
2016-06-20,2.9572 
2016-06-21,2.9573 
2016-06-22,2.9593 
2016-06-23,2.9605 
2016-06-24,2.9626 
2016-06-27,2.9618 
2016-06-28,2.9638 
2016-06-29,2.9639 
2016-06-30,2.9659 
2016-07-01,2.9661 
2016-07-04,2.9672 
2016-07-05,2.9605 
2016-07-06,2.9530 
2016-07-07,2.9455 
2016-07-08,2.9360 
2016-07-11,2.9310 
2016-07-12,2.9240 
2016-07-13,2.9070 
2016-07-14,2.8880 
2016-07-15,2.8770 
2016-07-18,2.8700 
2016-07-19,2.8650 
2016-07-20,2.8615 
2016-07-21,2.8575 
2016-07-22,2.8560 
2016-07-25,2.8540 
2016-07-26,2.8510 
2016-07-27,2.8490 
2016-07-28,2.8465 
2016-07-29,2.8460 
2016-08-01,2.8440 
2016-08-02,2.8390 
2016-08-03,2.8335 
2016-08-04,2.8220 
2016-08-05,2.8185 
2016-08-08,2.8150 
2016-08-09,2.8105 
2016-08-10,2.8085 
2016-08-11,2.8050 
2016-08-12,2.8045 
2016-08-15,2.8028 
2016-08-16,2.7995 
2016-08-17,2.7960 
2016-08-18,2.7940 
2016-08-19,2.7930 
2016-08-22,2.7944 
2016-08-23,2.7930 
2016-08-24,2.7940 
2016-08-25,2.7950 
2016-08-26,2.7960 
2016-08-29,2.7950 
2016-08-30,2.7950 
2016-08-31,2.7940 
2016-09-01,2.7910 
2016-09-02,2.7880 
2016-09-05,2.7860 
2016-09-06,2.7845 
2016-09-07,2.7810 
2016-09-08,2.7810 
2016-09-09,2.7831 
2016-09-12,2.7849 
2016-09-13,2.7850 
2016-09-14,2.7885 
2016-09-18,2.7919 
2016-09-19,2.7960 
2016-09-20,2.7990 
2016-09-21,2.8009 
2016-09-22,2.8030 
2016-09-23,2.8040 
2016-09-26,2.8040 
2016-09-27,2.8025 
2016-09-28,2.8015 
2016-09-29,2.8015 
2016-09-30,2.8015 
2016-10-08,2.8015 
2016-10-09,2.8015 
2016-10-10,2.8015 
2016-10-11,2.8015 
2016-10-12,2.8015 
2016-10-13,2.8025 
2016-10-14,2.8025 
2016-10-17,2.8040 
2016-10-18,2.8040 
2016-10-19,2.8040 
2016-10-20,2.8054 
2016-10-21,2.8096 
2016-10-24,2.8130 
2016-10-25,2.8140 
2016-10-26,2.8164 
2016-10-27,2.8207 
2016-10-28,2.8221 
2016-10-31,2.8233 
2016-11-01,2.8254 
2016-11-02,2.8296 
2016-11-03,2.8380 
2016-11-04,2.8458 
2016-11-07,2.8576 
2016-11-08,2.8648 
2016-11-09,2.8655 
2016-11-10,2.8701 
2016-11-11,2.8751 
2016-11-14,2.8846 
2016-11-15,2.8955 
2016-11-16,2.9125 
2016-11-17,2.9325 
2016-11-18,2.9505 
2016-11-21,2.9701 
2016-11-22,2.9765 
2016-11-23,2.9857 
2016-11-24,2.9956 
2016-11-25,3.0026 
2016-11-28,3.0113 
2016-11-29,3.0172 
2016-11-30,3.0358 
2016-12-01,3.0556 
2016-12-02,3.0686 
2016-12-05,3.0889 
2016-12-06,3.1039 
2016-12-07,3.1134 
2016-12-08,3.1144 
2016-12-09,3.1265 
2016-12-12,3.1377 
2016-12-13,3.1498 
2016-12-14,3.1568 
2016-12-15,3.1635 
2016-12-16,3.1774 
2016-12-19,3.1898 
2016-12-20,3.2040 
2016-12-21,3.2164 
2016-12-22,3.2267 
2016-12-23,3.2337 
2016-12-26,3.2414 
2016-12-27,3.2512 
2016-12-28,3.2592 
2016-12-29,3.2651 
2016-12-30,3.2726 
2017-01-03,3.2813 
2017-01-04,3.2912 
2017-01-05,3.3384 
2017-01-06,3.4388 
2017-01-09,3.5152 
2017-01-10,3.5526 
2017-01-11,3.5853 
2017-01-12,3.6536 
2017-01-13,3.6874 
2017-01-16,3.7018 
2017-01-17,3.7222 
2017-01-18,3.7491 
2017-01-19,3.8030 
2017-01-20,3.8213 
2017-01-22,3.8301 
2017-01-23,3.8401 
2017-01-24,3.8401 
2017-01-25,3.8551 
2017-01-26,3.8706 
2017-02-03,3.9175 
2017-02-04,3.9348 
2017-02-06,3.9497 
2017-02-07,4.0160 
2017-02-08,4.1094 
2017-02-09,4.1440 
2017-02-10,4.1727 
2017-02-13,4.2029 
2017-02-14,4.2148 
2017-02-15,4.2394 
2017-02-16,4.2518 
2017-02-17,4.2567 
2017-02-20,4.2622 
2017-02-21,4.2704 
2017-02-22,4.2778 
2017-02-23,4.2840 
2017-02-24,4.2829 
2017-02-27,4.2804 
2017-02-28,4.2841 
2017-03-01,4.2881 
2017-03-02,4.2904 
2017-03-03,4.2905 
2017-03-06,4.2925 
2017-03-07,4.2918 
2017-03-08,4.2932 
2017-03-09,4.2943 
2017-03-10,4.2942 
2017-03-13,4.2925 
2017-03-14,4.2925 
2017-03-15,4.2933 
2017-03-16,4.3267 
2017-03-17,4.3507 
2017-03-20,4.3711 
2017-03-21,4.3846 
2017-03-22,4.4077 
2017-03-23,4.4396 
2017-03-24,4.4516 
2017-03-27,4.4364 
2017-03-28,4.4230 
2017-03-29,4.4135 
2017-03-30,4.3995 
2017-03-31,4.3930 
2017-04-01,4.3642 
2017-04-05,4.3355 
2017-04-06,4.3183 
2017-04-07,4.3010 
2017-04-10,4.2906 
2017-04-11,4.2774 
2017-04-12,4.2653 
2017-04-13,4.2631 
2017-04-14,4.2634 
2017-04-17,4.2609 
2017-04-18,4.2621 
2017-04-19,4.2661 
2017-04-20,4.2725 
2017-04-21,4.2781 
2017-04-24,4.2789 
2017-04-25,4.2839 
2017-04-26,4.2884 
2017-04-27,4.2917 
2017-04-28,4.2974 
2017-05-02,4.3002 
2017-05-03,4.3309 
2017-05-04,4.3476 
2017-05-05,4.3608 
2017-05-08,4.3731 
2017-05-09,4.3848 
2017-05-10,4.3933 
2017-05-11,4.4083 
2017-05-12,4.4088 
2017-05-15,4.4184 
2017-05-16,4.4278 
2017-05-17,4.4349 
2017-05-18,4.4439 
2017-05-19,4.4641 
2017-05-22,4.4744 
2017-05-23,4.4956 
2017-05-24,4.5177 
2017-05-25,4.5338 
2017-05-26,4.5424 
2017-05-27,4.5528 
2017-05-31,4.5641 
2017-06-01,4.5779 
2017-06-02,4.6012 
2017-06-05,4.6225 
2017-06-06,4.6577 
2017-06-07,4.6988 
2017-06-08,4.7306 
2017-06-09,4.7555 
2017-06-12,4.7763 
2017-06-13,4.7827 
2017-06-14,4.7827 
2017-06-15,4.7723 
2017-06-16,4.7613 
2017-06-19,4.7470 
2017-06-20,4.7141 
2017-06-21,4.6880 
2017-06-22,4.6521 
2017-06-23,4.6300 
2017-06-26,4.6125 
2017-06-27,4.5833 
2017-06-28,4.5522 
2017-06-29,4.5211 
2017-06-30,4.5009 
2017-07-03,4.4857 
2017-07-04,4.4606 
2017-07-05,4.4285 
2017-07-06,4.3876 
2017-07-07,4.3607 
2017-07-10,4.3421 
2017-07-11,4.3212 
2017-07-12,4.3088 
2017-07-13,4.2900 
2017-07-14,4.2810 
2017-07-17,4.2706 
2017-07-18,4.2666 
2017-07-19,4.2600 
2017-07-20,4.2551 
2017-07-21,4.2550 
2017-07-24,4.2550 
2017-07-25,4.2540 
2017-07-26,4.2510 
2017-07-27,4.2500 
2017-07-28,4.2514 
2017-07-31,4.2561 
2017-08-01,4.2631 
2017-08-02,4.2681 
2017-08-03,4.2704 
2017-08-04,4.2724 
2017-08-07,4.2733 
2017-08-08,4.2735 
2017-08-09,4.2818 
2017-08-10,4.2867 
2017-08-11,4.2979 
2017-08-14,4.3148 
2017-08-15,4.3268 
2017-08-16,4.3363 
2017-08-17,4.3417 
2017-08-18,4.3440 
2017-08-21,4.3464 
2017-08-22,4.3505 
2017-08-23,4.3571 
2017-08-24,4.3619 
2017-08-25,4.3689 
2017-08-28,4.3740 
2017-08-29,4.3765 
2017-08-30,4.3867 
2017-08-31,4.3728 
2017-09-01,4.3741 
2017-09-04,4.4023 
2017-09-05,4.4173 
2017-09-06,4.4271 
2017-09-07,4.4348 
2017-09-08,4.4281 
2017-09-11,4.4034 
2017-09-12,4.3768 
2017-09-13,4.3711 
2017-09-14,4.3675 
2017-09-15,4.3647 
2017-09-18,4.3643 
2017-09-19,4.3638 
2017-09-20,4.3670 
2017-09-21,4.3675 
2017-09-22,4.3611 
2017-09-25,4.3578 
2017-09-26,4.3558 
2017-09-27,4.3565 
2017-09-28,4.3560 
2017-09-29,4.3561 
2017-09-30,4.3565 
2017-10-09,4.3502 
2017-10-10,4.3541 
2017-10-11,4.3555 
2017-10-12,4.3581 
2017-10-13,4.3599 
2017-10-16,4.3668 
2017-10-17,4.3711 
2017-10-18,4.3729 
2017-10-19,4.3737 
2017-10-20,4.3758 
2017-10-23,4.3793 
2017-10-24,4.3803 
2017-10-25,4.3830 
2017-10-26,4.3845 
2017-10-27,4.3901 
2017-10-30,4.3926 
2017-10-31,4.3954 
2017-11-01,4.4080 
2017-11-02,4.4099 
2017-11-03,4.4217 
2017-11-06,4.4294 
2017-11-07,4.4314 
2017-11-08,4.4377 
2017-11-09,4.4568 
2017-11-10,4.4747 
2017-11-13,4.5155 
2017-11-14,4.5346 
2017-11-15,4.5455 
2017-11-16,4.5656 
2017-11-17,4.6016 
2017-11-20,4.6222 
2017-11-21,4.6243 
2017-11-22,4.6375 
2017-11-23,4.6518 
2017-11-24,4.6722 
2017-11-27,4.7103 
2017-11-28,4.7280 
2017-11-29,4.7438 
2017-11-30,4.7594 
2017-12-01,4.7639 
2017-12-04,4.7804 
2017-12-05,4.7901 
2017-12-06,4.7830 
2017-12-07,4.7873 
2017-12-08,4.7918 
2017-12-11,4.7992 
2017-12-12,4.7990 
2017-12-13,4.8039 
2017-12-14,4.8144 
2017-12-15,4.8175 
2017-12-18,4.8348 
2017-12-19,4.8385 
2017-12-20,4.8559 
2017-12-21,4.8676 
2017-12-22,4.8908 
2017-12-25,4.9092 
2017-12-26,4.9090 
2017-12-27,4.9129 
2017-12-28,4.9123 
2017-12-29,4.9133 
2018-01-02,4.8040 
2018-01-03,4.7300 
2018-01-04,4.6870 
2018-01-05,4.6637 
2018-01-08,4.6594 
2018-01-09,4.6570 
2018-01-10,4.6607 
2018-01-11,4.6701 
2018-01-12,4.6791 
2018-01-15,4.6830 
2018-01-16,4.6843 
2018-01-17,4.6935 
2018-01-18,4.7044 
2018-01-19,4.7115 
2018-01-22,4.7122 
2018-01-23,4.7163 
2018-01-24,4.7267 
2018-01-25,4.7317 
2018-01-26,4.7292 
2018-01-29,4.7270 
2018-01-30,4.7267 
2018-01-31,4.7257 
2018-02-01,4.7276 
2018-02-02,4.7278 
2018-02-05,4.7258 
2018-02-06,4.7206 
2018-02-07,4.7070 
2018-02-08,4.6960 
2018-02-09,4.6936 
2018-02-11,4.6974 
2018-02-12,4.6960 
2018-02-13,4.7006 
2018-02-14,4.7031 
2018-02-22,4.7054 
2018-02-23,4.7076 
2018-02-24,4.7078 
2018-02-26,4.7128 
2018-02-27,4.7103 
2018-02-28,4.7131 
2018-03-01,4.7154 
2018-03-02,4.7191 
2018-03-05,4.7220 
2018-03-06,4.7332 
2018-03-07,4.7364 
2018-03-08,4.7407 
2018-03-09,4.7410 
2018-03-12,4.7350 
2018-03-13,4.7250 
2018-03-14,4.7190 
2018-03-15,4.7139 
2018-03-16,4.7120 
2018-03-19,4.7040 
2018-03-20,4.6850 
2018-03-21,4.6751 
2018-03-22,4.6621 
2018-03-23,4.6489 
2018-03-26,4.6351 
2018-03-27,4.6239 
2018-03-28,4.6174 
2018-03-29,4.5247 
2018-03-30,4.4615 
2018-04-02,4.4052 
2018-04-03,4.3506 
2018-04-04,4.3101 
2018-04-08,4.2781 
2018-04-09,4.2579 
2018-04-10,4.2290 
2018-04-11,4.2090 
2018-04-12,4.1990 
2018-04-13,4.1790 
2018-04-16,4.1730 
2018-04-17,4.1740 
2018-04-18,4.1030 
2018-04-19,4.0500 
2018-04-20,4.0170 
2018-04-23,4.0040 
2018-04-24,3.9910 
2018-04-25,3.9840 
2018-04-26,3.9920 
2018-04-27,4.0070 
2018-04-28,4.0050 
2018-05-02,4.0030 
2018-05-03,3.9930 
2018-05-04,3.9930 
2018-05-07,3.9943 
2018-05-08,3.9994 
2018-05-09,4.0130 
2018-05-10,4.0340 
2018-05-11,4.0500 
2018-05-14,4.0600 
2018-05-15,4.0720 
2018-05-16,4.0820 
2018-05-17,4.1010 
2018-05-18,4.1470 
2018-05-21,4.1510 
2018-05-22,4.1600 
2018-05-23,4.1730 
2018-05-24,4.1930 
2018-05-25,4.2150 
2018-05-28,4.2420 
2018-05-29,4.2820 
2018-05-30,4.3120 
2018-05-31,4.3290 
2018-06-01,4.3390 
2018-06-04,4.3410 
2018-06-05,4.3460 
2018-06-06,4.3540 
2018-06-07,4.3500 
2018-06-08,4.3510 
2018-06-11,4.3530 
2018-06-12,4.3520 
2018-06-13,4.3510 
2018-06-14,4.3510 
2018-06-15,4.3520 
2018-06-19,4.3460 
2018-06-20,4.3340 
2018-06-21,4.3290 
2018-06-22,4.3050 
2018-06-25,4.2720 
2018-06-26,4.2610 
2018-06-27,4.2420 
2018-06-28,4.1920 
2018-06-29,4.1550 
2018-07-02,4.1040 
2018-07-03,3.9944 
2018-07-04,3.9190 
2018-07-05,3.8180 
2018-07-06,3.7400 
2018-07-09,3.6820 
2018-07-10,3.6490 
2018-07-11,3.6320 
2018-07-12,3.6260 
2018-07-13,3.6130 
2018-07-16,3.6080 
2018-07-17,3.6010 
2018-07-18,3.5880 
2018-07-19,3.5610 
2018-07-20,3.5360 
2018-07-23,3.5030 
2018-07-24,3.4750 
2018-07-25,3.4190 
2018-07-26,3.3630 
2018-07-27,3.3030 
2018-07-30,3.2330 
2018-07-31,3.1740 
2018-08-01,3.1190 
2018-08-02,3.0560 
2018-08-03,3.0030 
2018-08-06,2.9540 
2018-08-07,2.8950 
2018-08-08,2.8420 
2018-08-09,2.8160 
2018-08-10,2.8010 
2018-08-13,2.7910 
2018-08-14,2.7990 
2018-08-15,2.8070 
2018-08-16,2.8130 
2018-08-17,2.8170 
2018-08-20,2.8300 
2018-08-21,2.8560 
2018-08-22,2.8780 
2018-08-23,2.8870 
2018-08-24,2.8890 
2018-08-27,2.8950 
2018-08-28,2.8990 
2018-08-29,2.8970 
2018-08-30,2.8940 
2018-08-31,2.8940 
2018-09-03,2.8870 
2018-09-04,2.8780 
2018-09-05,2.8500 
2018-09-06,2.8450 
2018-09-07,2.8510 
2018-09-10,2.8420 
2018-09-11,2.8480 
2018-09-12,2.8460 
2018-09-13,2.8430 
2018-09-14,2.8300 
2018-09-17,2.8220 
2018-09-18,2.8200 
2018-09-19,2.8180 
2018-09-20,2.8120 
2018-09-21,2.8150 
2018-09-25,2.8270 
2018-09-26,2.8300 
2018-09-27,2.8380 
2018-09-28,2.8430 
2018-09-29,2.8460 
2018-09-30,2.8470 
2018-10-08,2.8360 
2018-10-09,2.8160 
2018-10-10,2.8100 
2018-10-11,2.8010 
2018-10-12,2.8000 
2018-10-15,2.8010 
2018-10-16,2.8000 
2018-10-17,2.8180 
2018-10-18,2.8320 
2018-10-19,2.8420 
2018-10-22,2.8710 
2018-10-23,2.9030 
2018-10-24,2.9240 
2018-10-25,2.9480 
2018-10-26,2.9520 
2018-10-29,2.9580 
2018-10-30,2.9570 
2018-10-31,2.9630 
2018-11-01,2.9760 
2018-11-02,2.9810 
2018-11-05,2.9860 
2018-11-06,2.9910 
2018-11-07,2.9970 
2018-11-08,3.0000 
2018-11-09,3.0010 
2018-11-12,3.0010 
2018-11-13,3.0040 
2018-11-14,3.0080 
2018-11-15,3.0100 
2018-11-16,3.0230 
2018-11-19,3.0350 
2018-11-20,3.0530 
2018-11-21,3.0600 
2018-11-22,3.0640 
2018-11-23,3.0730 
2018-11-26,3.0850 
2018-11-27,3.0960 
2018-11-28,3.1040 
2018-11-29,3.1094 
2018-11-30,3.1130 
2018-12-03,3.1170 
2018-12-04,3.1260 
2018-12-05,3.1330 
2018-12-06,3.1330 
2018-12-07,3.1360 
2018-12-10,3.1420 
2018-12-11,3.1450 
2018-12-12,3.1470 
2018-12-13,3.1490 
2018-12-14,3.1560 
2018-12-17,3.1640 
2018-12-18,3.1740 
2018-12-19,3.1810 
2018-12-20,3.1990 
2018-12-21,3.2090 
2018-12-24,3.2300 
2018-12-25,3.2730 
2018-12-26,3.3090 
2018-12-27,3.3390 
2018-12-28,3.3570 
2018-12-29,3.3460 
2019-01-02,3.2850 
2019-01-03,3.2460 
2019-01-04,3.2150 
2019-01-07,3.1410 
2019-01-08,3.0930 
2019-01-09,3.0650 
2019-01-10,3.0310 
2019-01-11,3.0070 
2019-01-14,2.9840 
2019-01-15,2.9620 
2019-01-16,2.9420 
2019-01-17,2.9300 
2019-01-18,2.9180 
2019-01-21,2.9150 
2019-01-22,2.9140 
2019-01-23,2.9090 
2019-01-24,2.9040 
2019-01-25,2.9020 
2019-01-28,2.9010 
2019-01-29,2.9000 
2019-01-30,2.9010 
2019-01-31,2.9000 
2019-02-01,2.9000 
2019-02-02,2.9000 
2019-02-03,2.9000 
2019-02-11,2.8980 
2019-02-12,2.8720 
2019-02-13,2.8520 
2019-02-14,2.8300 
2019-02-15,2.8020 
2019-02-18,2.7970 
2019-02-19,2.7780 
2019-02-20,2.7590 
2019-02-21,2.7490 
2019-02-22,2.7490 
2019-02-25,2.7520 
2019-02-26,2.7560 
2019-02-27,2.7560 
2019-02-28,2.7510 
2019-03-01,2.7500 
2019-03-04,2.7500 
2019-03-05,2.7500 
2019-03-06,2.7500 
2019-03-07,2.7510 
2019-03-08,2.7550 
2019-03-11,2.7565 
2019-03-12,2.7610 
2019-03-13,2.7680 
2019-03-14,2.7770 
2019-03-15,2.7990 
2019-03-18,2.8140 
2019-03-19,2.8230 
2019-03-20,2.8330 
2019-03-21,2.8380 
2019-03-22,2.8370 
2019-03-25,2.8360 
2019-03-26,2.8280 
2019-03-27,2.8190 
2019-03-28,2.8070 
2019-03-29,2.8010 
2019-04-01,2.7950 
2019-04-02,2.7860 
2019-04-03,2.7670 
2019-04-04,2.7580 
2019-04-08,2.7540 
2019-04-09,2.7510 
2019-04-10,2.7550 
2019-04-11,2.7600 
2019-04-12,2.7610 
2019-04-15,2.7680 
2019-04-16,2.7740 
2019-04-17,2.7870 
2019-04-18,2.8060 
2019-04-19,2.8170 
2019-04-22,2.8220 
2019-04-23,2.8330 
2019-04-24,2.8550 
2019-04-25,2.8800 
2019-04-26,2.8960 
2019-04-28,2.9090 
2019-04-29,2.9230 
2019-04-30,2.9300 
2019-05-05,2.9350 
2019-05-06,2.9340 
2019-05-07,2.9220 
2019-05-08,2.9100 
2019-05-09,2.9030 
2019-05-10,2.8950 
2019-05-13,2.8890 
2019-05-14,2.8910 
2019-05-15,2.8930 
2019-05-16,2.8960 
2019-05-17,2.9000 
2019-05-20,2.9000 
2019-05-21,2.9000 
2019-05-22,2.9030 
2019-05-23,2.9010 
2019-05-24,2.9020 
2019-05-27,2.9040 
2019-05-28,2.9150 
2019-05-29,2.9170 
2019-05-30,2.9160 
2019-05-31,2.9120 
2019-06-03,2.9040 
2019-06-04,2.9020 
2019-06-05,2.9160 
2019-06-06,2.9240 
2019-06-10,2.9320 
2019-06-11,2.9400 
2019-06-12,2.9430 
2019-06-13,2.9440 
2019-06-14,2.9470 
2019-06-17,2.9470 
2019-06-18,2.9430 
2019-06-19,2.9290 
2019-06-20,2.9110 
2019-06-21,2.8950 
2019-06-24,2.8590 
2019-06-25,2.8090 
2019-06-26,2.7580 
2019-06-27,2.7220 
2019-06-28,2.7080 
2019-07-01,2.6810 
2019-07-02,2.6570 
2019-07-03,2.6410 
2019-07-04,2.6270 
2019-07-05,2.6060 
2019-07-08,2.6030 
2019-07-09,2.6010 
2019-07-10,2.6000 
2019-07-11,2.6000 
2019-07-12,2.6000 
2019-07-15,2.6000 
2019-07-16,2.6090 
2019-07-17,2.6130 
2019-07-18,2.6230 
2019-07-19,2.6310 
2019-07-22,2.6280 
2019-07-23,2.6280 
2019-07-24,2.6250 
2019-07-25,2.6250 
2019-07-26,2.6290 
2019-07-29,2.6310 
2019-07-30,2.6360 
2019-07-31,2.6440 
2019-08-01,2.6460 
2019-08-02,2.6490 
2019-08-05,2.6460 
2019-08-06,2.6350 
2019-08-07,2.6230 
2019-08-08,2.6180 
2019-08-09,2.6180 
2019-08-12,2.6250 
2019-08-13,2.6440 
2019-08-14,2.6560 
2019-08-15,2.6610 
2019-08-16,2.6660 
2019-08-19,2.6690 
2019-08-20,2.6710 
2019-08-21,2.6740 
2019-08-22,2.6820 
2019-08-23,2.6900 
2019-08-26,2.6940 
2019-08-27,2.7000 
2019-08-28,2.7020 
2019-08-29,2.7002 
2019-08-30,2.7010 
2019-09-02,2.7000 
2019-09-03,2.7010 
2019-09-04,2.7020 
2019-09-05,2.7040 
2019-09-06,2.7080 
2019-09-09,2.7070 
2019-09-10,2.7070 
2019-09-11,2.7070 
2019-09-12,2.7090 
2019-09-16,2.7100 
2019-09-17,2.7080 
2019-09-18,2.7060 
2019-09-19,2.7090 
2019-09-20,2.7170 
2019-09-23,2.7250 
2019-09-24,2.7290 
2019-09-25,2.7290 
2019-09-26,2.7320 
2019-09-27,2.7260 
2019-09-29,2.7270 
2019-09-30,2.7280 
2019-10-08,2.7240 
2019-10-09,2.7200 
2019-10-10,2.7180 
2019-10-11,2.7180 
2019-10-12,2.7190 
2019-10-14,2.7220 
2019-10-15,2.7310 
2019-10-16,2.7320 
2019-10-17,2.7360 
2019-10-18,2.7460 
2019-10-21,2.7630 
2019-10-22,2.7930 
2019-10-23,2.8080 
2019-10-24,2.8240 
2019-10-25,2.8310 
2019-10-28,2.8400 
2019-10-29,2.8470 
2019-10-30,2.8640 
2019-10-31,2.8870 
2019-11-01,2.8970 
2019-11-04,2.9190 
2019-11-05,2.9330 
2019-11-06,2.9480 
2019-11-07,2.9530 
2019-11-08,2.9530 
2019-11-11,2.9550 
2019-11-12,2.9650 
2019-11-13,2.9810 
2019-11-14,3.0000 
2019-11-15,3.0200 
2019-11-18,3.0320 
2019-11-19,3.0330 
2019-11-20,3.0320 
2019-11-21,3.0340 
2019-11-22,3.0370 
2019-11-25,3.0290 
2019-11-26,3.0200 
2019-11-27,3.0190 
2019-11-28,3.0160 
2019-11-29,3.0170 
2019-12-02,3.0170 
2019-12-03,3.0150 
2019-12-04,3.0190 
2019-12-05,3.0220 
2019-12-06,3.0245 
2019-12-09,3.0250 
2019-12-10,3.0280 
2019-12-11,3.0300 
2019-12-12,3.0305 
2019-12-13,3.0325 
2019-12-16,3.0324 
2019-12-17,3.0360 
2019-12-18,3.0400 
2019-12-19,3.0430 
2019-12-20,3.0410 
2019-12-23,3.0400 
2019-12-24,3.0335 
2019-12-25,3.0325 
2019-12-26,3.0295 
2019-12-27,3.0255 
2019-12-30,3.0210 
2019-12-31,3.0200 
2020-01-02,2.9940 
2020-01-03,2.9600 
2020-01-06,2.9200 
2020-01-07,2.8990 
2020-01-08,2.8810 
2020-01-09,2.8670 
2020-01-10,2.8640 
2020-01-13,2.8580 
2020-01-14,2.8620 
2020-01-15,2.8650 
2020-01-16,2.8680 
2020-01-17,2.8680 
2020-01-19,2.8630 
2020-01-20,2.8600 
2020-01-21,2.8590 
2020-01-22,2.8580 
2020-01-23,2.8580 
2020-02-03,2.8520 
2020-02-04,2.8240 
2020-02-05,2.7990 
2020-02-06,2.7760 
2020-02-07,2.7530 
2020-02-10,2.7230 
2020-02-11,2.6790 
2020-02-12,2.6390 
2020-02-13,2.6050 
2020-02-14,2.5650 
2020-02-17,2.5450 
2020-02-18,2.5250 
2020-02-19,2.5100 
2020-02-20,2.5000 
2020-02-21,2.4890 
2020-02-24,2.4760 
2020-02-25,2.4590 
2020-02-26,2.4420 
2020-02-27,2.4330 
2020-02-28,2.4290 
2020-03-02,2.4080 
2020-03-03,2.3750 
2020-03-04,2.3320 
2020-03-05,2.2900 
2020-03-06,2.2580 
2020-03-09,2.2380 
2020-03-10,2.2250 
2020-03-11,2.2240 
2020-03-12,2.2230 
2020-03-13,2.2020 
2020-03-16,2.1750 
2020-03-17,2.1450 
2020-03-18,2.1200 
2020-03-19,2.1040 
2020-03-20,2.0870 
2020-03-23,2.0720 
2020-03-24,2.0560 
2020-03-25,2.0100 
2020-03-26,1.9770 
2020-03-27,1.9660 
2020-03-30,1.9480 
2020-03-31,1.9330 
2020-04-01,1.9180 
2020-04-02,1.8890 
2020-04-03,1.8440 
2020-04-07,1.7300 
2020-04-08,1.6470 
2020-04-09,1.5580 
2020-04-10,1.5070 
2020-04-13,1.4850 
2020-04-14,1.4600 
2020-04-15,1.4470 
2020-04-16,1.4280 
2020-04-17,1.4030 
2020-04-20,1.3940 
2020-04-21,1.3960 
2020-04-22,1.3910 
2020-04-23,1.3960 
2020-04-24,1.3960 
2020-04-26,1.3970 
2020-04-27,1.3970 
2020-04-28,1.3980 
2020-04-29,1.3990 
2020-04-30,1.4000 
2020-05-06,1.4000 
2020-05-07,1.4000 
2020-05-08,1.4000 
2020-05-09,1.3990 
2020-05-11,1.3980 
2020-05-12,1.3980 
2020-05-13,1.3980 
2020-05-14,1.3990 
2020-05-15,1.3990 
2020-05-18,1.3980 
2020-05-19,1.3990 
2020-05-20,1.3990 
2020-05-21,1.4000 
2020-05-22,1.4000 
2020-05-25,1.4000 
2020-05-26,1.4050 
2020-05-27,1.4150 
2020-05-28,1.4300 
2020-05-29,1.4530 
2020-06-01,1.4560 
2020-06-02,1.4620 
2020-06-03,1.4940 
2020-06-04,1.5360 
2020-06-05,1.5940 
2020-06-08,1.6580 
2020-06-09,1.7270 
2020-06-10,1.8160 
2020-06-11,1.9040 
2020-06-12,1.9560 
2020-06-15,1.9870 
2020-06-16,2.0190 
2020-06-17,2.0560 
2020-06-18,2.0780 
2020-06-19,2.0950 
2020-06-22,2.0970 
2020-06-23,2.1090 
2020-06-24,2.1210 
2020-06-28,2.1290 
2020-06-29,2.1270 
2020-06-30,2.1260 
2020-07-01,2.1220 
2020-07-02,2.1130 
2020-07-03,2.1050 
2020-07-06,2.1040 
2020-07-07,2.1030 
2020-07-08,2.1110 
2020-07-09,2.1220 
2020-07-10,2.1430 
2020-07-13,2.1630 
2020-07-14,2.1920 
2020-07-15,2.2410 
2020-07-16,2.2860 
2020-07-17,2.3560 
2020-07-20,2.4040 
2020-07-21,2.4660 
2020-07-22,2.5010 
2020-07-23,2.5410 
2020-07-24,2.5570 
2020-07-27,2.5740 
2020-07-28,2.5780 
2020-07-29,2.5860 
2020-07-30,2.5900 
2020-07-31,2.5930 
2020-08-03,2.5950 
2020-08-04,2.5980 
2020-08-05,2.6000 
2020-08-06,2.6000 
2020-08-07,2.6030 
2020-08-10,2.6010 
2020-08-11,2.6000 
2020-08-12,2.6010 
2020-08-13,2.6010 
2020-08-14,2.6010 
2020-08-17,2.6020 
2020-08-18,2.6000 
2020-08-19,2.6000 
2020-08-20,2.6010 
2020-08-21,2.6010 
2020-08-24,2.6040 
2020-08-25,2.6060 
2020-08-26,2.6120 
2020-08-27,2.6210 
2020-08-28,2.6300 
2020-08-31,2.6360 
2020-09-01,2.6400 
2020-09-02,2.6460 
2020-09-03,2.6540 
2020-09-04,2.6610 
2020-09-07,2.6760 
2020-09-08,2.6880 
2020-09-09,2.6930 
2020-09-10,2.6950 
2020-09-11,2.6970 
2020-09-14,2.6970 
2020-09-15,2.6960 
2020-09-16,2.6880 
2020-09-17,2.6860 
2020-09-18,2.6790 
2020-09-21,2.6730 
2020-09-22,2.6700 
2020-09-23,2.6700 
2020-09-24,2.6680 
2020-09-25,2.6680 
2020-09-27,2.6710 
2020-09-28,2.6730 
2020-09-29,2.6840 
2020-09-30,2.6910 
2020-10-09,2.7080 
2020-10-10,2.7150 
2020-10-12,2.7220 
2020-10-13,2.7340 
2020-10-14,2.7570 
2020-10-15,2.7740 
2020-10-16,2.7860 
2020-10-19,2.8030 
2020-10-20,2.8290 
2020-10-21,2.8550 
2020-10-22,2.8770 
2020-10-23,2.8950 
2020-10-26,2.9130 
2020-10-27,2.9330 
2020-10-28,2.9520 
2020-10-29,2.9600 
2020-10-30,2.9720 
2020-11-02,2.9820 
2020-11-03,2.9890 
2020-11-04,2.9930 
2020-11-05,2.9960 
2020-11-06,3.0010 
2020-11-09,3.0010 
2020-11-10,3.0020 
2020-11-11,3.0020 
2020-11-12,3.0020 
2020-11-13,3.0030 
2020-11-16,3.0020 
2020-11-17,3.0030 
2020-11-18,3.0090 
2020-11-19,3.0140 
2020-11-20,3.0210 
2020-11-23,3.0470 
2020-11-24,3.0690 
2020-11-25,3.0770 
2020-11-26,3.1130 
2020-11-27,3.1360 
2020-11-30,3.1230 
2020-12-01,3.1090 
2020-12-02,3.1030 
2020-12-03,3.0890 
2020-12-04,3.0830 
2020-12-07,3.0760 
2020-12-08,3.0730 
2020-12-09,3.0500 
2020-12-10,3.0240 
2020-12-11,3.0160 
2020-12-14,3.0000 
2020-12-15,2.9830 
2020-12-16,2.9520 
2020-12-17,2.9050 
2020-12-18,2.8550 
2020-12-21,2.8180 
2020-12-22,2.7960 
2020-12-23,2.7870 
2020-12-24,2.7760 
2020-12-25,2.7660 
2020-12-28,2.7610 
2020-12-29,2.7570 
2020-12-30,2.7550 
2020-12-31,2.7560 
2021-01-04,2.7460 
2021-01-05,2.7340 
2021-01-06,2.7070 
2021-01-07,2.6770 
2021-01-08,2.6450 
2021-01-11,2.6180 
2021-01-12,2.5990 
2021-01-13,2.5900 
2021-01-14,2.5820 
2021-01-15,2.5810 
2021-01-18,2.5780 
2021-01-19,2.5730 
2021-01-20,2.5750 
2021-01-21,2.5780 
2021-01-22,2.5780 
2021-01-25,2.5790 
2021-01-26,2.5890 
2021-01-27,2.6190 
2021-01-28,2.7050 
2021-01-29,2.7650 
2021-02-01,2.7730 
2021-02-02,2.7750 
2021-02-03,2.7760 
2021-02-04,2.7760 
2021-02-05,2.7790 
2021-02-07,2.7800 
2021-02-08,2.7910 
2021-02-09,2.8080 
2021-02-10,2.8120 
2021-02-18,2.8150 
2021-02-19,2.8240 
2021-02-20,2.8320 
2021-02-22,2.8450 
2021-02-23,2.8480 
2021-02-24,2.8430 
2021-02-25,2.8360 
2021-02-26,2.8330 
2021-03-01,2.8130 
2021-03-02,2.8040 
2021-03-03,2.7940 
2021-03-04,2.7810 
2021-03-05,2.7660 
2021-03-08,2.7490 
2021-03-09,2.7400 
2021-03-10,2.7370 
2021-03-11,2.7330 
2021-03-12,2.7190 
2021-03-15,2.7090 
2021-03-16,2.7050 
2021-03-17,2.7040 
2021-03-18,2.7030 
2021-03-19,2.6980 
2021-03-22,2.6940 
2021-03-23,2.6890 
2021-03-24,2.6810 
2021-03-25,2.6685 
2021-03-26,2.6500 
2021-03-29,2.6420 
2021-03-30,2.6390 
2021-03-31,2.6350 
2021-04-01,2.6350 
2021-04-02,2.6340 
2021-04-06,2.6290 
2021-04-07,2.6200 
2021-04-08,2.6150 
2021-04-09,2.6120 
2021-04-12,2.6080 
2021-04-13,2.6050 
2021-04-14,2.6030 
2021-04-15,2.6020 
2021-04-16,2.6010 
2021-04-19,2.6000 
2021-04-20,2.6000 
2021-04-21,2.6000 
2021-04-22,2.6000 
2021-04-23,2.6000 
2021-04-25,2.5950 
2021-04-26,2.5940 
2021-04-27,2.5920 
2021-04-28,2.5920 
2021-04-29,2.5850 
2021-04-30,2.5800 
2021-05-06,2.5760 
2021-05-07,2.5690 
2021-05-08,2.5560 
2021-05-10,2.5420 
2021-05-11,2.5360 
2021-05-12,2.5320 
2021-05-13,2.5250 
2021-05-14,2.5210 
2021-05-17,2.5140 
2021-05-18,2.5100 
2021-05-19,2.5050 
2021-05-20,2.4970 
2021-05-21,2.4890 
2021-05-24,2.4900 
,
,
