指标名称,唐山市AQI全国当日排名,唐山市PM2.5,唐山市AQI
2016/3/1,,,
2016/3/15,64,100,132
2016/3/16,7,188,238
2016/3/17,48,136,180
2016/3/18,24,174,224
2016/3/19,166,58,93
2016/3/20,112,62,101
2016/3/21,65,85,113
2016/3/22,45,72,116
2016/3/23,149,29,62
2016/3/24,68,43,78
2016/3/25,95,46,78
2016/3/26,170,40,73
2016/3/27,177,34,75
2016/3/28,21,88,122
2016/3/29,210,23,75
2016/3/30,153,48,87
2016/3/31,26,116,152
2016/4/1,92,57,103
2016/4/2,318,17,42
2016/4/3,54,34,82
2016/4/4,60,56,85
2016/4/5,39,58,104
2016/4/6,41,86,114
2016/4/7,36,67,111
2016/4/8,80,33,90
2016/4/9,10,59,195
2016/4/10,49,39,108
2016/4/11,180,38,69
2016/4/12,27,108,142
2016/4/13,4,176,226
2016/4/14,146,43,82
2016/4/15,10,106,139
2016/4/16,12,70,105
2016/4/17,211,15,55
2016/4/18,256,23,53
2016/4/19,44,69,93
2016/4/20,23,98,129
2016/4/22,13,56,163
2016/4/23,155,20,67
2016/4/24,25,73,119
2016/4/25,29,64,111
2016/4/26,64,46,90
2016/4/27,32,76,103
2016/5/1,,,
2016/5/6,39,54,130
2016/5/7,198,25,58
2016/5/8,12,35,108
2016/5/9,87,38,76
2016/5/10,133,44,81
2016/5/11,16,108,169
2016/5/12,122,43,99
2016/5/13,186,44,69
2016/5/14,109,54,74
2016/5/15,105,45,63
2016/5/16,130,28,77
2016/5/17,11,54,141
2016/5/18,10,66,159
2016/5/19,5,72,203
2016/5/20,52,63,119
2016/5/21,25,74,133
2016/5/22,43,55,109
2016/5/23,35,66,103
2016/5/24,120,37,81
2016/5/25,147,20,68
2016/5/26,118,26,72
2016/5/27,21,49,110
2016/5/28,12,58,142
2016/5/29,109,55,85
2016/5/30,3,84,202
2016/5/31,59,47,101
2016/6/1,69,38,88
2016/6/2,8,38,152
2016/6/3,34,85,116
2016/6/4,7,87,149
2016/6/5,151,50,78
2016/6/6,18,97,137
2016/6/7,48,58,102
2016/6/8,3,100,167
2016/6/9,4,112,185
2016/6/10,5,100,145
2016/6/11,74,44,83
2016/6/12,23,60,117
2016/6/13,85,56,93
2016/6/14,142,50,69
2016/6/15,37,30,90
2016/6/16,15,53,139
2016/6/17,5,61,169
2016/6/18,46,39,121
2016/6/19,9,67,162
2016/6/20,11,81,146
2016/6/21,3,125,165
2016/6/22,32,58,120
2016/6/23,5,114,149
2016/6/24,155,19,54
2016/6/25,85,24,77
2016/6/26,12,41,155
2016/6/27,47,62,111
2016/6/28,106,58,79
2016/6/29,2,144,192
2016/6/30,1,151,201
2016/7/1,44,70,94
2016/7/2,22,67,118
2016/7/3,66,62,94
2016/7/4,25,87,115
2016/7/5,18,82,129
2016/7/6,23,60,131
2016/7/7,37,64,110
2016/7/8,91,55,75
2016/7/9,45,66,90
2016/7/10,47,67,90
2016/7/11,11,72,127
2016/7/12,18,76,102
2016/7/13,38,35,90
2016/7/14,103,46,67
2016/7/15,98,46,64
2016/7/16,183,30,55
2016/7/17,104,32,84
2016/7/18,164,35,59
2016/7/19,36,72,97
2016/7/20,142,28,53
2016/7/21,137,40,57
2016/7/22,95,49,72
2016/7/23,132,50,69
2016/7/24,50,72,97
2016/7/25,104,56,77
2016/7/26,155,34,71
2016/7/27,97,48,85
2016/7/28,40,61,118
2016/7/29,195,38,65
2016/7/30,107,63,85
2016/7/31,80,45,88
2016/8/1,69,46,85
2016/8/2,38,48,88
2016/8/3,9,66,130
2016/8/4,109,47,65
2016/8/5,126,38,63
2016/8/6,75,52,80
2016/8/7,149,28,56
2016/8/8,94,27,67
2016/8/9,88,53,73
2016/8/10,22,68,97
2016/8/11,10,50,107
2016/8/12,146,43,62
2016/8/13,123,39,64
2016/8/14,34,31,90
2016/8/15,101,30,64
2016/8/16,86,35,75
2016/8/17,127,39,70
2016/8/18,95,37,78
2016/8/19,58,19,83
2016/8/20,145,19,63
2016/8/21,45,36,95
2016/8/22,137,37,73
2016/8/23,232,28,57
2016/8/24,213,44,67
2016/8/25,185,22,57
2016/8/26,110,10,62
2016/8/27,188,14,58
2016/8/28,171,14,65
2016/8/29,319,12,38
2016/8/30,284,16,40
2016/8/31,286,16,34
2016/9/1,270,13,35
2016/9/2,104,33,84
2016/9/3,72,57,107
2016/9/4,72,48,100
2016/9/5,138,29,77
2016/9/6,20,44,116
2016/9/7,109,52,72
2016/9/8,120,56,83
2016/9/9,19,86,140
2016/9/10,26,79,112
2016/9/11,103,54,74
2016/9/12,131,53,73
2016/9/13,62,70,95
2016/9/14,10,92,140
2016/9/15,9,116,152
2016/9/16,6,118,155
2016/9/17,69,46,80
2016/9/18,140,26,62
2016/9/19,241,23,51
2016/9/20,143,35,72
2016/9/21,149,56,79
2016/9/22,19,84,137
2016/9/23,12,112,147
2016/9/24,10,119,156
2016/9/25,30,99,130
2016/9/26,56,80,107
2016/9/27,76,56,77
2016/9/28,139,24,54
2016/9/29,10,70,94
2016/9/30,18,94,124
2016/10/1,5,148,198
2016/10/2,7,152,202
2016/10/3,54,75,100
2016/10/4,179,32,60
2016/10/5,150,47,69
2016/10/6,187,42,59
2016/10/7,59,50,79
2016/10/8,225,24,44
2016/10/9,29,61,84
2016/10/10,3,96,127
2016/10/11,11,86,114
2016/10/12,59,70,94
2016/10/13,7,154,204
2016/10/14,56,67,90
2016/10/15,14,90,119
2016/10/16,31,76,102
2016/10/17,69,62,84
2016/10/18,38,89,118
2016/10/19,4,184,234
2016/10/20,90,48,79
2016/10/21,31,62,98
2016/10/22,105,33,55
2016/10/23,58,35,64
2016/10/24,14,80,107
2016/10/25,6,113,148
2016/10/26,49,59,81
2016/10/27,14,76,104
2016/10/28,132,28,52
2016/10/29,31,32,75
2016/10/30,30,66,89
2016/10/31,182,25,50
2016/11/1,44,69,93
2016/11/2,29,105,138
2016/11/3,9,178,228
2016/11/4,12,218,268
2016/11/5,48,128,169
2016/11/6,238,55,75
2016/11/7,51,90,119
2016/11/8,108,52,72
2016/11/9,50,75,100
2016/11/10,35,103,135
2016/11/11,6,169,219
2016/11/12,169,51,76
2016/11/13,42,136,180
2016/11/14,83,100,132
2016/11/15,203,37,73
2016/11/16,19,146,195
2016/11/17,63,109,143
2016/11/18,5,266,319
2016/11/19,18,154,204
2016/11/20,162,48,68
2016/11/21,221,29,49
2016/11/22,146,21,47
2016/11/23,74,50,70
2016/11/24,91,68,92
2016/11/25,14,174,224
2016/11/26,5,208,258
2016/11/27,58,95,125
2016/11/28,65,93,123
2016/11/29,109,80,107
2016/11/30,17,142,189
2016/12/1,204,48,74
2016/12/2,62,122,160
2016/12/3,6,250,300
2016/12/4,8,267,317
2016/12/5,253,36,64
2016/12/6,19,128,169
2016/12/7,140,88,117
2016/12/8,167,86,114
2016/12/9,288,34,63
2016/12/10,62,106,139
2016/12/11,6,182,232
2016/12/12,7,230,280
2016/12/13,183,46,78
2016/12/14,147,38,72
2016/12/15,163,58,79
2016/12/16,18,164,214
2016/12/17,8,227,277
2016/12/18,10,326,376
2016/12/19,36,263,313
2016/12/20,14,342,435
2016/12/21,2,367,488
2016/12/22,51,98,129
2016/12/23,238,38,64
2016/12/24,73,89,118
2016/12/25,11,157,207
2016/12/26,41,75,100
2016/12/27,69,68,92
2016/12/28,57,92,122
2016/12/29,196,50,72
2016/12/30,27,178,228
2016/12/31,8,318,368
2017/1/1,56,187,237
2017/1/2,18,253,303
2017/1/3,12,298,348
2017/1/4,17,248,298
2017/1/5,112,108,142
2017/1/6,79,107,140
2017/1/7,27,195,245
2017/1/8,35,165,215
2017/1/9,222,27,59
2017/1/10,163,53,73
2017/1/11,46,124,163
2017/1/12,87,72,97
2017/1/13,221,31,55
2017/1/14,187,36,62
2017/1/15,142,58,79
2017/1/16,58,114,149
2017/1/17,40,156,206
2017/1/18,177,66,89
2017/1/19,211,53,73
2017/1/20,251,31,52
2017/1/21,214,51,70
2017/1/22,255,40,60
2017/1/23,59,116,152
2017/1/24,33,171,221
2017/1/25,21,289,339
2017/1/26,24,270,320
2017/1/27,219,59,80
2017/1/28,103,151,201
2017/1/29,173,60,82
2017/1/30,226,36,52
2017/1/31,67,73,98
2017/2/1,218,36,56
2017/2/2,49,109,143
2017/2/3,23,175,225
2017/2/4,20,211,261
2017/2/5,127,78,104
2017/2/6,206,31,62
2017/2/7,30,84,112
2017/2/8,74,58,79
2017/2/9,267,17,45
2017/2/10,304,22,44
2017/2/11,123,64,87
2017/2/12,27,149,199
2017/2/13,21,152,202
2017/2/14,76,122,160
2017/2/15,2,298,348
2017/2/16,9,182,232
2017/2/17,200,33,70
2017/2/18,78,95,125
2017/2/19,52,131,173
2017/2/20,219,32,65
2017/2/21,31,72,97
2017/2/22,26,111,145
2017/2/23,202,30,53
2017/2/24,111,58,80
2017/2/25,172,35,68
2017/2/26,84,65,97
2017/2/27,7,130,172
2017/2/28,33,105,138
2017/3/1,198,45,70
2017/3/2,219,37,65
2017/3/3,96,60,92
2017/3/4,32,111,145
2017/3/5,212,32,61
2017/3/6,158,36,63
2017/3/7,283,20,44
2017/3/8,257,25,53
2017/3/9,234,40,62
2017/3/10,58,84,112
2017/3/11,54,104,137
2017/3/12,209,28,57
2017/3/13,28,46,82
2017/3/14,22,74,99
2017/3/15,37,67,98
2017/3/16,11,110,144
2017/3/17,17,118,155
2017/3/18,8,146,195
2017/3/19,12,144,192
2017/3/20,14,101,133
2017/3/21,88,63,89
2017/3/22,55,80,107
2017/3/23,90,58,79
2017/3/24,63,72,97
2017/3/25,11,98,129
2017/3/26,60,67,90
2017/3/27,262,33,63
2017/3/28,106,52,88
2017/3/29,46,96,127
2017/3/30,93,66,91
2017/3/31,147,48,68
2017/4/1,83,68,93
2017/4/2,2,122,160
2017/4/3,2,146,195
2017/4/4,3,154,204
2017/4/5,145,61,83
2017/4/6,30,103,135
2017/4/7,90,70,94
2017/4/8,79,50,84
2017/4/9,24,48,85
2017/4/10,44,60,86
2017/4/11,85,41,75
2017/4/12,36,56,102
2017/4/13,10,99,130
2017/4/14,28,82,110
2017/4/15,110,61,98
2017/4/16,21,97,134
2017/4/17,14,136,180
2017/4/18,155,21,78
2017/4/19,160,38,76
2017/4/20,55,54,90
2017/4/21,94,32,75
2017/4/22,61,44,90
2017/4/23,94,49,91
2017/4/24,115,52,89
2017/4/25,118,35,71
2017/4/26,163,25,60
2017/4/27,198,23,64
2017/4/28,152,39,84
2017/4/29,180,49,90
2017/4/30,27,56,134
2017/5/1,111,48,98
2017/5/2,32,82,129
2017/5/3,48,74,99
2017/5/4,13,209,500
2017/5/5,10,141,500
2017/5/6,194,32,84
2017/5/7,129,57,99
2017/5/8,6,80,141
2017/5/9,151,37,80
2017/5/10,146,46,84
2017/5/11,22,56,135
2017/5/12,12,58,169
2017/5/13,144,36,86
2017/5/14,227,24,64
2017/5/15,83,34,79
2017/5/16,7,41,130
2017/5/17,19,51,153
2017/5/18,7,65,193
2017/5/19,26,64,163
2017/5/20,14,72,173
2017/5/21,150,56,80
2017/5/22,131,36,69
2017/5/23,56,27,77
2017/5/24,95,40,85
2017/5/25,180,28,75
2017/5/26,195,26,86
2017/5/27,130,50,121
2017/5/28,76,73,144
2017/5/29,228,36,79
2017/5/30,143,63,93
2017/5/31,18,68,165
2017/6/1,131,36,79
2017/6/2,171,30,72
2017/6/3,181,32,65
2017/6/4,5,38,140
2017/6/5,4,66,137
2017/6/6,184,41,58
2017/6/7,79,44,104
2017/6/8,31,39,135
2017/6/9,26,34,143
2017/6/10,128,22,64
2017/6/11,136,33,71
2017/6/12,133,34,68
2017/6/13,27,53,121
2017/6/14,11,43,183
2017/6/15,28,47,169
2017/6/16,6,71,203
2017/6/17,5,70,203
2017/6/18,5,49,202
2017/6/19,2,78,206
2017/6/20,34,35,134
2017/6/21,66,48,100
2017/6/22,90,51,77
2017/6/23,190,35,55
2017/6/24,155,33,68
2017/6/25,36,41,125
2017/6/26,13,54,164
2017/6/27,56,56,139
2017/6/28,2,78,207
2017/6/29,1,94,204
2017/6/30,1,81,206
2017/7/1,2,78,202
2017/7/2,124,50,77
2017/7/3,144,53,73
2017/7/4,169,41,69
2017/7/5,51,44,107
2017/7/6,67,60,82
2017/7/7,22,32,129
2017/7/8,7,49,173
2017/7/9,30,74,109
2017/7/10,12,38,165
2017/7/11,9,50,197
2017/7/12,19,48,154
2017/7/13,19,37,141
2017/7/14,6,37,178
2017/7/15,136,47,71
2017/7/16,49,38,100
2017/7/17,214,31,55
2017/7/18,36,61,100
2017/7/19,47,36,99
2017/7/20,21,56,116
2017/7/21,182,22,57
2017/7/22,87,38,82
2017/7/23,145,47,74
2017/7/24,95,60,90
2017/7/25,121,24,84
2017/7/26,120,34,87
2017/7/27,152,46,74
2017/7/28,107,46,84
2017/7/29,57,46,96
2017/7/30,12,34,144
2017/7/31,13,61,153
2017/8/1,165,36,59
2017/8/2,165,26,52
2017/8/3,116,15,77
2017/8/4,5,63,186
2017/8/5,50,86,114
2017/8/6,38,30,137
2017/8/7,30,31,116
2017/8/8,9,30,150
2017/8/9,61,20,94
2017/8/10,18,41,151
2017/8/11,43,58,114
2017/8/12,82,43,75
2017/8/13,153,36,60
2017/8/14,157,22,60
2017/8/15,23,32,114
2017/8/16,127,37,75
2017/8/17,35,38,107
2017/8/18,57,41,85
2017/8/19,76,41,76
2017/8/20,107,42,67
2017/8/21,22,42,126
2017/8/22,16,50,115
2017/8/23,141,26,58
2017/8/24,74,25,72
2017/8/25,101,19,62
2017/8/26,16,34,98
2017/8/27,73,28,74
2017/8/28,82,37,64
2017/8/29,62,26,60
2017/8/30,6,29,108
2017/8/31,113,41,61
2017/9/1,23,66,102
2017/9/2,21,55,110
2017/9/3,8,60,127
2017/9/4,4,59,118
2017/9/5,36,43,85
2017/9/6,45,25,80
2017/9/7,4,58,147
2017/9/8,6,79,153
2017/9/9,59,55,87
2017/9/10,4,88,117
2017/9/11,103,36,73
2017/9/12,34,38,117
2017/9/13,2,66,169
2017/9/14,1,58,159
2017/9/15,15,64,134
2017/9/16,14,77,137
2017/9/17,196,30,65
2017/9/18,24,48,149
2017/9/19,135,42,77
2017/9/20,110,31,70
2017/9/21,8,48,153
2017/9/22,140,34,71
2017/9/23,32,53,113
2017/9/24,20,79,111
2017/9/25,3,58,142
2017/9/26,43,54,81
2017/9/27,59,27,68
2017/9/28,167,20,53
2017/9/29,51,61,87
2017/9/30,5,111,145
2017/10/1,25,72,98
2017/10/2,99,20,61
2017/10/3,31,30,65
2017/10/4,18,43,69
2017/10/5,45,41,68
2017/10/6,29,63,85
2017/10/7,15,94,124
2017/10/8,3,142,189
2017/10/9,93,46,64
2017/10/10,122,14,52
2017/10/11,47,27,62
2017/10/12,13,67,90
2017/10/13,26,75,100
2017/10/14,66,46,75
2017/10/15,21,96,127
2017/10/16,60,60,82
2017/10/17,48,61,92
2017/10/18,27,83,110
2017/10/19,47,79,105
2017/10/20,23,105,138
2017/10/21,67,72,97
2017/10/22,153,34,74
2017/10/23,158,28,70
2017/10/24,96,61,94
2017/10/25,86,79,105
2017/10/26,5,160,210
2017/10/27,5,222,272
2017/10/28,20,116,152
2017/10/29,261,18,53
2017/10/30,182,31,69
2017/10/31,47,81,108
2017/11/1,39,101,133
2017/11/2,20,134,178
2017/11/3,252,27,65
2017/11/4,122,56,85
2017/11/5,121,56,90
2017/11/6,86,89,118
2017/11/7,101,95,125
2017/11/8,199,28,73
2017/11/9,89,78,107
2017/11/10,191,36,68
2017/11/11,105,32,70
2017/11/12,9,94,124
2017/11/13,24,89,118
2017/11/14,214,23,54
2017/11/15,174,38,66
2017/11/16,124,64,89
2017/11/17,97,56,84
2017/11/18,100,38,60
2017/11/19,22,81,108
2017/11/20,19,112,147
2017/11/21,3,152,202
2017/11/22,154,22,65
2017/11/23,228,20,51
2017/11/24,262,22,50
2017/11/25,130,58,81
2017/11/26,227,30,57
2017/11/27,98,74,99
2017/11/28,121,78,104
2017/11/29,266,26,53
2017/11/30,145,36,60
2017/12/1,87,67,90
2017/12/2,13,177,227
2017/12/3,51,122,160
2017/12/4,223,29,56
2017/12/5,179,42,70
2017/12/6,158,73,98
2017/12/7,271,30,58
2017/12/8,240,35,61
2017/12/9,21,96,127
2017/12/10,218,42,71
2017/12/11,296,20,43
2017/12/12,232,26,58
2017/12/13,151,56,85
2017/12/14,108,72,97
2017/12/15,130,58,79
2017/12/16,251,21,46
2017/12/17,145,44,73
2017/12/18,164,46,71
2017/12/19,137,41,77
2017/12/20,139,62,84
2017/12/21,61,90,119
2017/12/22,66,112,147
2017/12/23,158,94,124
2017/12/24,185,64,87
2017/12/25,259,38,68
2017/12/26,252,36,67
2017/12/27,153,90,119
2017/12/28,68,148,198
2017/12/29,72,173,223
2017/12/30,16,236,286
2017/12/31,201,74,99
2018/1/1,207,74,99
2018/1/2,165,69,93
2018/1/3,197,28,57
2018/1/4,114,36,70
2018/1/5,139,54,79
2018/1/6,112,60,95
2018/1/7,84,86,114
2018/1/8,154,26,65
2018/1/9,226,21,53
2018/1/10,319,20,35
2018/1/11,282,25,47
2018/1/12,57,82,109
2018/1/13,43,127,168
2018/1/14,80,108,142
2018/1/15,264,37,66
2018/1/16,226,50,78
2018/1/17,122,97,128
2018/1/18,149,90,119
2018/1/19,127,109,143
2018/1/20,192,55,90
2018/1/21,216,43,73
2018/1/22,215,46,65
2018/1/23,295,26,45
2018/1/24,94,51,80
2018/1/25,64,52,83
2018/1/26,43,71,95
2018/1/27,56,80,107
2018/1/28,143,46,72
2018/1/29,183,24,67
2018/1/30,227,34,65
2018/1/31,185,33,73
2018/2/1,85,72,104
2018/2/2,267,28,57
2018/2/3,315,21,44
2018/2/4,172,42,69
2018/2/5,293,26,50
2018/2/6,215,38,68
2018/2/7,108,76,102
2018/2/8,144,71,95
2018/2/9,194,76,102
2018/2/10,286,21,56
2018/2/11,269,21,57
2018/2/12,212,31,66
2018/2/13,18,105,138
2018/2/14,162,60,82
2018/2/15,91,81,108
2018/2/16,218,74,99
2018/2/17,209,52,72
2018/2/18,48,97,128
2018/2/19,18,144,192
2018/2/20,45,91,120
2018/2/21,38,101,133
2018/2/22,92,63,85
2018/2/23,14,98,129
2018/2/24,201,33,56
2018/2/25,135,56,77
2018/2/26,13,145,193
2018/2/27,33,134,178
2018/2/28,37,125,165
2018/3/1,237,22,55
2018/3/2,76,68,92
2018/3/3,16,148,198
2018/3/4,11,80,155
2018/3/5,51,47,73
2018/3/6,72,46,74
2018/3/7,50,64,87
2018/3/8,124,49,68
2018/3/9,81,70,94
2018/3/10,63,88,117
2018/3/11,97,75,100
2018/3/12,14,176,226
2018/3/13,5,345,395
2018/3/14,15,157,207
2018/3/15,127,44,86
2018/3/16,139,40,64
2018/3/17,45,59,95
2018/3/18,32,102,134
2018/3/19,79,70,94
2018/3/20,196,30,55
2018/3/21,66,56,83
2018/3/22,24,91,120
2018/3/23,4,189,239
2018/3/24,3,169,219
2018/3/25,23,109,143
2018/3/26,15,118,155
2018/3/27,21,113,148
2018/3/28,11,91,342
2018/3/29,134,40,92
2018/3/30,97,66,95
2018/3/31,8,138,183
2018/4/1,5,170,220
2018/4/2,11,157,207
2018/4/3,116,30,101
2018/4/4,246,32,58
2018/4/5,110,58,79
2018/4/6,101,40,88
2018/4/7,292,24,55
2018/4/8,176,50,80
2018/4/9,80,78,105
2018/4/10,138,61,102
2018/4/11,224,32,67
2018/4/12,72,39,87
2018/4/13,57,44,77
2018/4/14,94,28,82
2018/4/15,202,26,66
2018/4/16,98,56,108
2018/4/17,52,66,123
2018/4/18,24,82,140
2018/4/19,14,117,157
2018/4/20,11,100,175
2018/4/21,37,65,88
2018/4/22,142,28,62
2018/4/23,43,32,77
2018/4/24,92,34,80
2018/4/25,83,43,100
2018/4/26,25,76,129
2018/4/27,37,48,134
2018/4/28,6,94,192
2018/4/29,30,62,157
2018/4/30,220,34,64
2018/5/1,86,58,90
2018/5/2,220,36,63
2018/5/3,215,20,69
2018/5/4,45,50,119
2018/5/5,7,62,156
2018/5/6,9,54,116
2018/5/7,51,52,98
2018/5/8,97,52,93
2018/5/9,95,46,115
2018/5/10,11,64,153
2018/5/11,41,77,103
2018/5/12,40,80,120
2018/5/13,55,64,125
2018/5/14,20,86,142
2018/5/15,63,76,102
2018/5/16,73,77,103
2018/5/17,147,38,73
2018/5/18,95,38,87
2018/5/19,15,41,118
2018/5/20,152,44,64
2018/5/21,132,44,65
2018/5/22,28,52,120
2018/5/23,41,54,121
2018/5/24,9,52,168
2018/5/25,30,57,160
2018/5/26,35,80,169
2018/5/27,70,50,104
2018/5/28,96,44,108
2018/5/29,189,46,80
2018/5/30,41,45,127
2018/5/31,58,64,131
2018/6/1,67,65,148
2018/6/2,5,49,205
2018/6/3,152,56,94
2018/6/4,44,50,146
2018/6/5,4,51,189
2018/6/6,18,52,184
2018/6/7,103,48,102
2018/6/8,45,41,123
2018/6/9,74,66,89
2018/6/10,187,44,76
2018/6/11,96,49,113
2018/6/12,45,48,148
2018/6/13,173,49,75
2018/6/14,93,55,113
2018/6/15,123,52,105
2018/6/16,13,68,161
2018/6/17,69,46,126
2018/6/18,29,59,134
2018/6/19,28,49,116
2018/6/20,26,54,150
2018/6/21,2,91,193
2018/6/22,4,99,170
2018/6/23,7,44,202
2018/6/24,9,44,201
2018/6/25,4,65,128
2018/6/26,36,82,109
2018/6/27,68,44,87
2018/6/28,104,18,78
2018/6/29,12,31,174
2018/6/30,96,37,91
2018/7/1,148,48,68
2018/7/2,48,38,98
2018/7/3,61,43,95
2018/7/4,16,44,144
2018/7/5,47,56,124
2018/7/6,49,64,104
2018/7/7,124,32,54
2018/7/8,94,42,59
2018/7/9,120,32,51
2018/7/10,41,61,83
2018/7/11,156,38,58
2018/7/12,41,48,92
2018/7/13,113,41,61
2018/7/14,133,44,62
2018/7/15,87,54,78
2018/7/16,10,80,130
2018/7/17,97,57,78
2018/7/18,4,71,141
2018/7/19,48,53,100
2018/7/20,9,49,148
2018/7/21,3,52,176
2018/7/22,74,62,94
2018/7/23,141,46,69
2018/7/24,296,16,34
2018/7/25,130,38,73
2018/7/26,163,38,61
2018/7/27,61,36,87
2018/7/28,21,54,129
2018/7/29,43,65,110
2018/7/30,3,69,161
2018/7/31,32,47,110
2018/8/1,16,54,123
2018/8/2,6,36,151
2018/8/3,9,42,155
2018/8/4,17,44,145
2018/8/5,138,34,69
2018/8/6,149,28,71
2018/8/7,156,37,63
2018/8/8,175,38,63
2018/8/9,157,22,74
2018/8/10,5,52,179
2018/8/11,80,59,109
2018/8/12,34,39,118
2018/8/13,104,40,74
2018/8/14,213,21,47
2018/8/15,299,17,35
2018/8/16,64,22,72
2018/8/17,15,36,121
2018/8/18,62,44,74
2018/8/19,117,28,63
2018/8/20,94,22,75
2018/8/21,87,35,84
2018/8/22,65,36,88
2018/8/23,102,37,89
2018/8/24,240,25,59
2018/8/25,4,34,165
2018/8/26,2,45,199
2018/8/27,28,45,134
2018/8/28,74,40,94
2018/8/29,135,27,67
2018/8/30,111,33,67
2018/8/31,24,44,85
2018/9/1,45,38,72
2018/9/2,91,40,59
2018/9/4,186,16,49
2018/9/5,92,21,75
2018/9/6,133,28,60
2018/9/7,231,18,42
2018/9/8,162,25,53
2018/9/9,81,32,85
2018/9/10,10,52,108
2018/9/11,7,42,120
2018/9/12,5,44,122
2018/9/13,6,67,122
2018/9/14,14,82,110
2018/9/15,81,47,69
2018/9/16,69,30,60
2018/9/17,29,26,75
2018/9/18,58,36,65
2018/9/19,5,78,104
2018/9/20,35,60,82
2018/9/21,64,44,71
2018/9/22,223,17,45
2018/9/23,246,19,38
2018/9/24,214,18,42
2018/9/25,23,46,75
2018/9/26,48,35,70
2018/9/27,69,46,70
2018/9/28,151,40,57
2018/9/29,177,30,58
2018/9/30,263,18,39
2018/10/1,185,24,53
2018/10/2,160,33,65
2018/10/3,47,60,101
2018/10/4,112,69,93
2018/10/5,105,63,100
2018/10/6,204,36,61
2018/10/7,196,26,59
2018/10/8,147,43,77
2018/10/9,241,21,46
2018/10/10,221,23,47
2018/10/11,186,27,55
2018/10/12,97,45,78
2018/10/13,1,106,139
2018/10/14,10,94,124
2018/10/15,6,110,144
2018/10/16,62,58,79
2018/10/17,106,41,70
2018/10/18,41,51,81
2018/10/19,20,59,94
2018/10/20,13,84,112
2018/10/21,14,110,144
2018/10/22,15,90,119
2018/10/23,176,23,56
2018/10/24,28,68,103
2018/10/25,1,146,195
2018/10/26,198,19,54
2018/10/27,251,22,49
2018/10/28,272,18,41
2018/10/29,220,24,51
2018/10/30,185,38,63
2018/10/31,76,57,83
2018/11/1,34,75,100
2018/11/2,42,79,105
2018/11/3,10,110,144
2018/11/4,9,102,134
2018/11/5,186,30,50
2018/11/6,63,35,60
2018/11/7,26,56,78
2018/11/8,23,72,97
2018/11/9,60,58,79
2018/11/10,148,29,63
2018/11/11,67,53,83
2018/11/12,51,90,119
2018/11/13,6,156,206
2018/11/14,3,190,240
2018/11/15,15,139,185
2018/11/16,87,28,55
2018/11/17,24,55,79
2018/11/18,34,66,89
2018/11/19,21,94,124
2018/11/20,49,76,102
2018/11/21,97,41,69
2018/11/22,77,59,86
2018/11/23,36,90,119
2018/11/24,54,108,142
2018/11/25,32,170,220
2018/11/26,31,282,332
2018/11/27,51,157,207
2018/11/28,100,71,134
2018/11/29,133,56,98
2018/11/30,114,84,124
2018/12/1,108,98,129
2018/12/2,71,142,189
2018/12/3,82,79,140
2018/12/4,134,31,72
2018/12/5,55,62,104
2018/12/6,84,34,67
2018/12/7,40,34,65
2018/12/8,61,38,64
2018/12/9,42,52,94
2018/12/10,58,85,113
2018/12/11,113,63,85
2018/12/12,147,64,87
2018/12/13,210,48,70
2018/12/14,139,67,94
2018/12/15,30,128,169
2018/12/16,17,150,200
2018/12/17,188,42,69
2018/12/18,157,61,87
2018/12/19,113,84,112
2018/12/20,100,87,115
2018/12/21,152,64,87
2018/12/22,71,89,118
2018/12/23,163,28,58
2018/12/24,120,53,81
2018/12/25,109,58,84
2018/12/26,104,39,71
2018/12/27,139,26,58
2018/12/28,152,26,52
2018/12/29,185,30,52
2018/12/30,115,46,68
2018/12/31,31,90,119
2019/1/1,101,72,97
2019/1/2,121,79,105
2019/1/3,51,148,198
2019/1/4,105,79,105
2019/1/5,179,38,67
2019/1/6,162,64,89
2019/1/7,125,80,107
2019/1/8,177,43,68
2019/1/9,114,49,74
2019/1/10,66,99,130
2019/1/11,8,229,279
2019/1/12,11,279,329
2019/1/13,29,227,277
2019/1/14,43,190,240
2019/1/15,169,26,71
2019/1/16,112,52,78
2019/1/17,47,85,113
2019/1/18,3,159,209
2019/1/19,132,73,98
2019/1/20,203,32,56
2019/1/21,190,41,66
2019/1/22,178,60,82
2019/1/23,241,43,68
2019/1/24,197,63,85
2019/1/25,211,49,70
2019/1/26,206,37,67
2019/1/27,111,77,103
2019/1/28,258,32,56
2019/1/29,122,78,104
2019/1/30,105,82,109
2019/1/31,221,26,51
2019/2/1,26,86,114
2019/2/2,13,133,176
2019/2/3,65,79,122
2019/2/4,58,104,137
2019/2/5,133,80,141
2019/2/6,201,41,65
2019/2/7,207,26,50
2019/2/8,96,45,63
2019/2/9,175,31,49
2019/2/10,141,41,58
2019/2/11,61,82,109
2019/2/12,99,49,78
2019/2/13,144,44,65
2019/2/14,153,42,59
2019/2/15,196,26,50
2019/2/16,222,24,44
2019/2/17,179,32,52
2019/2/18,64,69,93
2019/2/19,53,116,152
2019/2/20,120,75,100
2019/2/21,65,114,149
2019/2/22,16,192,242
2019/2/23,96,97,128
2019/2/24,112,83,110
2019/2/25,148,47,76
2019/2/26,125,62,89
2019/2/27,96,73,98
2019/2/28,35,125,165
2019/3/1,19,159,209
2019/3/2,41,125,165
2019/3/3,39,126,166
2019/3/4,26,132,175
2019/3/5,21,143,190
2019/3/6,165,24,59
2019/3/7,90,42,73
2019/3/8,77,55,80
2019/3/9,14,88,117
2019/3/10,62,79,105
2019/3/11,140,49,69
2019/3/12,292,17,46
2019/3/13,204,25,62
2019/3/14,148,32,63
2019/3/15,312,16,42
2019/3/16,85,44,77
2019/3/17,60,62,88
2019/3/18,11,93,123
2019/3/19,15,96,127
2019/3/20,67,68,92
2019/3/21,297,24,43
2019/3/22,112,31,56
2019/3/23,257,17,42
2019/3/24,139,36,69
2019/3/25,118,40,72
2019/3/26,8,45,133
2019/3/27,74,56,92
2019/3/28,228,23,53
2019/3/29,170,33,65
2019/3/30,293,16,48
2019/3/31,204,23,54
2019/4/1,122,34,69
2019/4/2,102,40,72
2019/4/3,63,48,89
2019/4/4,35,89,123
2019/4/5,9,32,173
2019/4/6,130,29,81
2019/4/7,172,28,72
2019/4/8,173,28,67
2019/4/9,91,24,59
2019/4/10,158,30,55
2019/4/11,109,47,65
2019/4/12,61,68,92
2019/4/13,3,127,168
2019/4/14,93,33,67
2019/4/15,114,38,74
2019/4/16,16,69,122
2019/4/17,46,69,107
2019/4/18,11,48,138
2019/4/19,161,27,69
2019/4/20,175,37,64
2019/4/21,63,68,93
2019/4/22,16,97,128
2019/4/23,14,92,122
2019/4/24,189,37,67
2019/4/25,235,21,49
2019/4/26,145,31,61
2019/4/27,182,41,58
2019/4/28,59,56,77
2019/4/29,38,73,98
2019/4/30,32,72,97
2019/5/1,185,25,65
2019/5/2,123,26,82
2019/5/3,24,41,121
2019/5/4,10,44,139
2019/5/5,135,28,72
2019/5/6,167,21,58
2019/5/7,126,29,65
2019/5/8,62,56,86
2019/5/9,14,96,138
2019/5/10,39,62,130
2019/5/11,54,91,127
2019/5/12,114,77,110
2019/5/13,164,28,74
2019/5/14,27,45,127
2019/5/15,25,64,137
2019/5/16,31,73,137
2019/5/17,110,42,74
2019/5/18,144,29,65
2019/5/19,139,34,67
2019/5/20,279,14,44
2019/5/21,204,17,69
2019/5/22,108,25,95
2019/5/23,18,64,180
2019/5/24,57,72,127
2019/5/25,36,66,147
2019/5/26,88,54,74
2019/5/27,205,12,49
2019/5/28,74,15,80
2019/5/29,8,45,142
2019/5/30,29,30,110
2019/5/31,197,13,60
2019/6/1,103,30,87
2019/6/2,11,56,161
2019/6/3,34,53,138
2019/6/4,195,45,67
2019/6/5,81,67,90
2019/6/6,35,70,94
2019/6/7,36,50,124
2019/6/8,113,50,79
2019/6/9,144,38,69
2019/6/10,79,38,104
2019/6/11,103,55,95
2019/6/12,3,54,198
2019/6/13,55,75,110
2019/6/14,102,61,103
2019/6/15,172,37,75
2019/6/16,191,26,57
2019/6/17,53,43,104
2019/6/18,7,64,192
2019/6/19,44,53,107
2019/6/20,4,62,157
2019/6/21,101,37,69
2019/6/22,56,21,110
2019/6/23,50,46,121
2019/6/24,1,49,206
2019/6/25,4,38,181
2019/6/26,58,29,110
2019/6/27,12,53,167
2019/6/28,37,37,95
2019/6/29,38,42,95
2019/6/30,84,25,81
2019/7/1,96,28,93
2019/7/2,193,36,68
2019/7/3,42,34,141
2019/7/4,13,36,179
2019/7/5,56,43,115
2019/7/6,184,32,52
2019/7/7,176,39,59
2019/7/8,21,39,103
2019/7/9,105,50,73
2019/7/10,162,36,65
2019/7/11,44,45,103
2019/7/12,7,35,143
2019/7/13,55,38,112
2019/7/14,58,58,115
2019/7/15,21,48,149
2019/7/16,162,35,67
2019/7/17,60,55,84
2019/7/18,75,52,80
2019/7/19,51,35,87
2019/7/20,180,42,59
2019/7/21,33,62,128
2019/7/22,23,54,133
2019/7/23,50,37,85
2019/7/24,12,47,150
2019/7/25,27,42,115
2019/7/26,27,43,131
2019/7/27,27,58,114
2019/7/28,89,40,75
2019/7/29,83,53,73
2019/7/30,20,22,114
2019/7/31,7,41,150
2019/8/1,19,47,122
2019/8/2,136,32,54
2019/8/3,82,26,71
2019/8/4,94,38,64
2019/8/5,170,31,52
2019/8/6,195,24,48
2019/8/7,169,33,57
2019/8/8,13,40,117
2019/8/9,128,29,65
2019/8/10,213,22,42
2019/8/11,205,15,45
2019/8/12,294,8,30
2019/8/13,307,9,29
2019/8/14,228,17,60
2019/8/15,97,30,91
2019/8/16,251,12,53
2019/8/17,247,12,48
2019/8/18,198,24,67
2019/8/19,2,45,189
2019/8/20,194,39,64
2019/8/21,204,24,59
2019/8/22,199,20,57
2019/8/23,204,19,55
2019/8/24,61,24,120
2019/8/25,38,24,112
2019/8/26,46,54,90
2019/8/27,24,47,84
2019/8/28,223,13,44
2019/8/29,259,10,40
2019/8/30,190,14,53
2019/8/31,29,22,103
2019/9/1,13,27,118
2019/9/2,1,43,163
2019/9/3,3,52,156
2019/9/4,30,50,108
2019/9/5,10,43,140
2019/9/6,12,52,151
2019/9/7,31,85,151
2019/9/8,2,65,191
2019/9/9,57,78,127
2019/9/10,146,18,59
2019/9/11,84,24,70
2019/9/12,97,30,70
2019/9/13,229,25,40
2019/9/14,77,34,67
2019/9/15,6,49,120
2019/9/16,158,23,56
2019/9/17,95,28,74
2019/9/18,165,18,54
2019/9/19,113,18,67
2019/9/20,47,51,90
2019/9/21,11,91,120
2019/9/22,122,45,82
2019/9/23,66,38,100
2019/9/24,246,24,60
2019/9/25,154,24,86
2019/9/26,64,40,119
2019/9/27,112,58,100
2019/9/28,35,88,134
2019/9/29,61,80,132
2019/9/30,50,70,130
2019/10/1,85,55,111
2019/10/2,61,57,108
2019/10/3,97,69,93
2019/10/4,190,17,44
2019/10/5,103,14,50
2019/10/6,21,30,78
2019/10/7,39,45,65
2019/10/8,89,19,60
2019/10/9,23,34,83
2019/10/10,104,46,64
2019/10/11,80,37,72
2019/10/12,86,26,67
2019/10/13,97,28,62
2019/10/14,71,24,57
2019/10/15,10,34,82
2019/10/16,21,44,83
2019/10/17,115,49,68
2019/10/18,61,71,95
2019/10/19,2,150,200
2019/10/20,10,127,168
2019/10/21,160,25,78
2019/10/22,57,48,102
2019/10/23,3,128,169
2019/10/24,13,99,130
2019/10/25,140,16,53
2019/10/26,31,37,79
2019/10/27,22,71,101
2019/10/28,74,45,110
2019/10/29,115,29,78
2019/10/30,66,70,117
2019/10/31,52,74,109
2019/11/1,189,29,65
2019/11/2,76,45,100
2019/11/3,163,35,63
2019/11/4,98,60,85
2019/11/5,145,56,77
2019/11/6,88,44,92
2019/11/7,186,24,60
2019/11/8,87,48,88
2019/11/9,6,155,205
2019/11/10,191,52,72
2019/11/11,164,23,74
2019/11/12,49,50,101
2019/11/13,133,24,61
2019/11/14,47,38,83
2019/11/15,105,42,77
2019/11/16,174,41,73
2019/11/17,121,55,98
2019/11/18,134,22,74
2019/11/19,199,24,59
2019/11/20,35,70,109
2019/11/21,6,142,189
2019/11/22,19,126,166
2019/11/23,43,101,133
2019/11/24,153,32,57
2019/11/25,92,23,55
2019/11/26,41,50,78
2019/11/27,109,29,63
2019/11/28,60,38,75
2019/11/29,14,90,119
2019/11/30,11,109,143
2019/12/1,218,26,48
2019/12/2,254,16,42
2019/12/3,106,42,73
2019/12/4,111,54,77
2019/12/5,143,45,67
2019/12/6,105,58,79
2019/12/7,61,106,139
2019/12/8,39,143,190
2019/12/9,36,153,203
2019/12/10,14,184,234
2019/12/11,296,20,47
2019/12/12,203,26,73
2019/12/13,141,63,94
2019/12/14,265,27,57
2019/12/15,115,53,85
2019/12/16,56,82,109
2019/12/17,246,35,50
2019/12/18,215,23,48
2019/12/19,153,32,59
2019/12/20,116,37,74
2019/12/21,106,61,85
2019/12/22,53,115,150
2019/12/23,90,86,114
2019/12/24,148,53,78
2019/12/25,64,90,119
2019/12/26,131,41,66
2019/12/27,77,66,95
2019/12/28,17,141,188
2019/12/29,26,125,165
2019/12/30,262,20,48
2019/12/31,154,31,58
2020/1/1,90,71,95
2020/1/2,110,85,113
2020/1/3,100,106,139
2020/1/4,162,77,103
2020/1/5,143,71,95
2020/1/6,58,87,115
2020/1/7,110,48,67
2020/1/8,168,28,63
2020/1/9,85,60,98
2020/1/10,104,64,89
2020/1/11,168,29,60
2020/1/12,135,52,77
2020/1/13,187,44,68
2020/1/14,168,61,87
2020/1/15,86,93,123
2020/1/16,74,98,129
2020/1/17,107,86,114
2020/1/18,2,245,295
2020/1/19,106,74,99
2020/1/20,225,35,59
2020/1/21,151,64,87
2020/1/22,14,193,243
2020/1/23,29,174,224
2020/1/24,87,75,100
2020/1/25,54,139,185
2020/1/26,6,220,270
2020/1/27,4,243,293
2020/1/28,35,106,139
2020/1/29,189,42,59
2020/1/30,223,32,52
2020/1/31,73,82,109
2020/2/1,264,31,51
2020/2/2,143,44,62
2020/2/3,246,28,45
2020/2/4,154,33,53
2020/2/5,158,29,54
2020/2/6,82,48,67
2020/2/7,39,80,107
2020/2/8,60,75,100
2020/2/9,13,135,179
2020/2/10,1,194,244
2020/2/11,4,163,213
2020/2/12,7,149,199
2020/2/13,6,150,200
2020/2/14,75,48,75
2020/2/15,173,17,37
2020/2/16,218,14,39
2020/2/17,244,15,40
2020/2/18,64,35,64
2020/2/19,25,93,123
2020/2/20,62,85,113
2020/2/21,22,93,123
2020/2/22,306,19,42
2020/2/23,164,50,70
2020/2/24,17,78,131
2020/2/25,168,43,64
2020/2/26,174,44,62
2020/2/27,155,37,57
2020/2/28,37,59,80
2020/2/29,18,85,113
2020/3/1,29,61,83
2020/3/2,112,38,56
2020/3/3,155,35,50
2020/3/4,278,18,37
2020/3/5,64,35,68
2020/3/6,10,92,122
2020/3/7,12,105,138
2020/3/8,23,107,140
2020/3/9,61,63,85
2020/3/10,245,30,47
2020/3/11,50,52,82
2020/3/12,64,51,82
2020/3/13,237,22,46
2020/3/14,188,28,54
2020/3/15,240,26,57
2020/3/16,192,29,61
2020/3/17,84,48,74
2020/3/18,39,55,101
2020/3/19,286,14,42
2020/3/20,95,47,87
2020/3/21,63,35,89
2020/3/22,156,36,64
2020/3/23,95,49,74
2020/3/24,41,69,93
2020/3/25,76,65,88
2020/3/26,125,30,60
2020/3/27,184,12,41
2020/3/28,195,16,40
2020/3/29,87,29,60
2020/3/30,91,51,71
2020/3/31,79,56,77
2020/4/1,245,18,44
2020/4/2,164,26,55
2020/4/3,179,33,59
2020/4/4,14,27,110
2020/4/5,139,29,69
2020/4/6,14,79,114
2020/4/7,114,35,77
2020/4/8,204,28,66
2020/4/9,226,33,63
2020/4/10,210,36,61
2020/4/11,113,37,66
2020/4/12,104,36,74
2020/4/13,180,44,74
2020/4/14,41,81,114
2020/4/15,40,70,117
2020/4/16,152,63,85
2020/4/17,139,36,82
2020/4/18,96,56,79
2020/4/19,40,73,100
2020/4/20,274,14,45
2020/4/21,242,11,44
2020/4/22,238,12,45
2020/4/23,204,13,49
2020/4/24,171,17,64
2020/4/25,224,22,57
2020/4/26,235,26,58
2020/4/27,201,42,70
2020/4/28,18,48,129
2020/4/29,17,48,142
2020/4/30,1,100,203
2020/5/1,6,74,176
2020/5/2,59,48,119
2020/5/3,178,48,70
2020/5/4,128,30,73
2020/5/5,129,43,68
2020/5/6,18,69,111
2020/5/7,35,60,82
2020/5/8,180,34,50
2020/5/9,147,38,56
2020/5/10,130,32,74
2020/5/11,231,16,58
2020/5/12,244,17,57
2020/5/13,12,38,128
2020/5/14,91,39,84
2020/5/15,212,31,59
2020/5/16,149,51,70
2020/5/17,121,41,82
2020/5/18,69,28,80
2020/5/19,204,21,70
2020/5/20,51,51,127
2020/5/21,149,47,65
2020/5/22,120,34,75
2020/5/23,234,35,52
2020/5/24,136,23,71
2020/5/25,91,38,68
2020/5/26,89,34,75
2020/5/27,155,38,61
2020/5/28,20,47,136
2020/5/29,51,44,100
2020/5/30,18,44,117
2020/5/31,245,18,48
2020/6/1,43,21,117
2020/6/2,33,32,107
2020/6/3,55,50,116
2020/6/4,113,27,79
2020/6/5,131,21,75
2020/6/6,138,31,80
2020/6/7,7,60,203
2020/6/8,7,68,183
2020/6/9,83,40,74
2020/6/10,41,49,103
2020/6/11,47,68,92
2020/6/12,26,54,117
2020/6/13,3,52,179
2020/6/14,101,17,70
2020/6/15,24,23,119
2020/6/16,1,40,191
2020/6/17,25,23,100
2020/6/18,71,32,84
2020/6/19,6,42,158
2020/6/20,10,39,156
2020/6/21,5,55,170
2020/6/22,3,37,136
2020/6/23,128,38,59
2020/6/24,67,46,92
2020/6/25,129,33,72
2020/6/26,21,45,104
2020/6/27,14,62,154
2020/6/28,5,42,128
2020/6/29,69,42,84
2020/6/30,8,44,157
2020/7/1,5,54,167
2020/7/2,121,29,71
2020/7/3,89,47,74
2020/7/4,4,34,117
2020/7/5,33,40,102
2020/7/6,25,60,130
2020/7/7,63,33,100
2020/7/8,46,38,112
2020/7/9,79,39,80
2020/7/10,24,43,98
2020/7/11,5,59,123
2020/7/12,115,41,60
2020/7/13,78,29,71
2020/7/14,15,32,117
2020/7/15,11,40,132
2020/7/16,3,50,169
2020/7/17,30,63,98
2020/7/18,127,33,53
2020/7/19,47,30,75
2020/7/20,1,34,154
2020/7/21,11,40,147
2020/7/22,29,41,110
2020/7/23,21,37,121
2020/7/24,7,38,145
2020/7/25,5,47,163
2020/7/26,103,36,68
2020/7/27,18,43,104
2020/7/28,49,46,90
2020/7/29,10,56,120
2020/7/30,3,70,145
2020/7/31,74,34,68
2020/8/1,13,35,102
2020/8/2,3,25,124
2020/8/3,12,34,99
2020/8/4,2,50,130
2020/8/5,46,51,70
2020/8/6,65,34,60
2020/8/7,24,20,81
2020/8/8,85,23,65
2020/8/9,36,36,97
2020/8/10,30,20,104
2020/8/11,2,56,167
2020/8/12,49,42,66
2020/8/13,36,26,71
2020/8/14,10,34,117
2020/8/15,56,46,64
2020/8/16,73,46,64
2020/8/17,59,52,72
2020/8/18,127,38,60
2020/8/19,178,19,42
2020/8/20,120,14,48
2020/8/21,66,19,66
2020/8/22,8,30,124
2020/8/23,3,46,153
2020/8/24,110,22,63
2020/8/25,2,34,144
2020/8/26,50,70,94
2020/8/27,214,38,60
2020/8/28,110,17,91
2020/8/29,65,52,105
2020/8/30,124,36,82
2020/8/31,42,44,94
2020/9/1,166,14,62
2020/9/2,226,17,53
2020/9/3,278,14,40
2020/9/4,178,15,62
2020/9/5,14,40,137
2020/9/6,46,49,133
2020/9/7,72,48,115
2020/9/8,175,19,55
2020/9/9,160,13,53
2020/9/10,224,12,40
2020/9/11,259,12,35
2020/9/12,185,23,49
2020/9/13,143,34,57
2020/9/14,49,46,73
2020/9/15,140,34,50
2020/9/16,234,13,34
2020/9/17,216,11,39
2020/9/18,109,15,59
2020/9/19,67,28,82
2020/9/20,95,26,60
2020/9/21,82,20,64
2020/9/22,47,38,77
2020/9/23,72,24,65
2020/9/24,126,43,60
2020/9/25,15,74,99
2020/9/26,5,86,114
2020/9/27,81,55,75
2020/9/28,8,63,108
2020/9/29,97,33,56
2020/9/30,150,24,53
2020/10/1,179,34,55
2020/10/2,185,28,45
2020/10/3,45,25,63
2020/10/4,198,17,34
2020/10/5,105,14,49
2020/10/6,17,34,77
2020/10/7,21,50,80
2020/10/8,3,99,130
2020/10/9,10,86,114
2020/10/10,5,116,152
2020/10/11,70,72,97
2020/10/12,163,19,58
2020/10/13,72,27,72
2020/10/14,106,22,53
2020/10/15,15,67,90
2020/10/16,15,61,83
2020/10/17,49,26,70
2020/10/18,4,92,122
2020/10/19,1,125,165
2020/10/20,21,97,128
2020/10/21,73,49,100
2020/10/22,167,28,60
2020/10/23,205,18,59
2020/10/24,58,33,84
2020/10/25,34,71,103
2020/10/26,9,125,165
2020/10/27,191,38,60
2020/10/28,111,23,69
2020/10/29,31,45,94
2020/10/30,48,61,98
2020/10/31,11,77,139
2020/11/1,62,34,85
2020/11/2,205,20,52
2020/11/3,208,22,53
2020/11/4,20,51,92
2020/11/5,21,74,104
2020/11/6,52,59,94
2020/11/7,39,39,98
2020/11/8,244,22,54
2020/11/9,223,30,64
2020/11/10,41,69,103
2020/11/11,10,112,147
2020/11/12,8,126,166
2020/11/13,117,46,79
2020/11/14,96,45,87
2020/11/15,24,114,149
2020/11/16,101,75,100
2020/11/17,36,88,117
2020/11/18,58,44,62
2020/11/19,283,22,32
2020/11/20,33,31,67
2020/11/21,22,54,74
2020/11/22,182,25,38
2020/11/23,161,22,45
2020/11/24,89,40,69
2020/11/25,75,65,88
2020/11/26,162,30,57
2020/11/27,138,36,58
2020/11/28,232,21,42
2020/11/29,117,36,70
2020/11/30,202,27,55
2020/12/1,100,63,85
2020/12/2,122,47,73
2020/12/3,178,23,49
2020/12/4,163,25,57
2020/12/5,191,26,60
2020/12/6,114,59,88
2020/12/7,258,22,44
2020/12/8,153,31,65
2020/12/9,90,73,98
2020/12/10,91,81,108
2020/12/11,152,57,79
2020/12/12,79,96,127
2020/12/13,234,37,53
2020/12/14,89,25,52
2020/12/15,98,33,62
2020/12/16,104,40,68
2020/12/17,82,52,84
2020/12/18,189,29,53
2020/12/19,91,44,78
2020/12/20,163,46,75
2020/12/21,175,38,77
2020/12/22,14,126,166
2020/12/23,124,77,108
2020/12/24,195,28,66
2020/12/25,98,61,98
2020/12/26,163,64,93
2020/12/27,133,90,119
2020/12/28,193,59,86
2020/12/29,181,25,56
2020/12/30,324,19,30
2020/12/31,251,22,42
2021/1/1,101,43,68
2021/1/2,82,71,95
2021/1/3,224,42,64
2021/1/4,223,40,62
2021/1/5,277,21,45
2021/1/6,133,31,82
2021/1/7,323,18,30
2021/1/8,313,17,33
2021/1/9,218,24,51
2021/1/10,274,25,48
2021/1/11,185,33,66
2021/1/12,65,60,129
2021/1/13,66,52,127
2021/1/14,219,45,79
2021/1/15,121,58,113
2021/1/16,256,28,56
2021/1/17,240,24,58
2021/1/18,144,,
2021/1/19,215,38,67
2021/1/20,70,89,118
2021/1/21,89,106,139
2021/1/22,61,123,162
2021/1/23,180,67,90
2021/1/24,94,112,147
2021/1/25,47,140,186
2021/1/26,100,84,112
2021/1/27,104,83,110
2021/1/28,183,22,65
2021/1/29,114,51,86
2021/1/30,34,66,111
2021/1/31,39,89,118
2021/2/1,131,55,79
2021/2/2,233,27,53
2021/2/3,111,54,84
2021/2/4,141,46,79
2021/2/5,15,97,128
2021/2/6,26,78,118
2021/2/7,195,33,59
2021/2/8,50,61,83
2021/2/9,21,96,127
2021/2/10,7,134,178
2021/2/11,6,178,228
2021/2/12,29,158,208
2021/2/13,10,148,198
2021/2/14,78,56,77
2021/2/15,289,20,39
2021/2/16,281,17,40
2021/2/17,296,16,38
2021/2/18,127,38,57
2021/2/19,13,94,124
2021/2/20,14,95,125
2021/2/21,4,120,173
2021/2/22,183,39,67
2021/2/23,189,30,57
2021/2/24,116,45,63
2021/2/25,26,77,103
2021/2/26,38,103,135
2021/2/27,29,111,145
2021/2/28,27,77,103
2021/3/1,170,22,43
2021/3/2,39,58,79
2021/3/3,15,95,125
2021/3/4,8,110,144
2021/3/5,18,81,108
2021/3/6,165,24,51
2021/3/7,89,49,68
2021/3/8,45,85,113
2021/3/9,4,152,202
2021/3/10,10,139,185
2021/3/11,35,84,112
2021/3/12,17,105,138
2021/3/13,29,101,133
2021/3/14,14,142,189
2021/3/15,35,196,484
2021/3/16,120,31,106
2021/3/17,96,40,111
2021/3/18,114,47,71
2021/3/19,53,78,104
2021/3/20,199,42,61
2021/3/21,246,16,45
2021/3/22,9,37,152
2021/3/23,64,56,97
2021/3/24,43,59,105
2021/3/25,46,77,111
2021/3/26,5,136,180
2021/3/27,36,96,127
2021/3/28,22,133,500
2021/3/29,144,25,83
2021/3/30,107,54,129
2021/3/31,14,76,135
2021/4/1,6,81,130
2021/4/2,2,97,128
2021/4/3,84,33,56
2021/4/4,121,27,56
2021/4/5,35,50,73
2021/4/6,98,43,75
2021/4/7,59,43,79
2021/4/8,125,36,68
2021/4/9,108,52,76
2021/4/10,29,74,99
2021/4/11,76,54,75
2021/4/12,78,56,77
2021/4/13,234,17,47
2021/4/14,92,30,63
2021/4/15,66,58,117
2021/4/16,148,22,80
2021/4/17,275,15,46
2021/4/18,164,34,70
2021/4/19,49,53,95
2021/4/20,13,84,116
2021/4/21,10,104,137
2021/4/22,257,32,47
2021/4/23,227,21,53
2021/4/24,154,30,56
2021/4/25,92,29,58
2021/4/26,164,39,62
2021/4/27,81,41,81
2021/4/28,172,19,58
2021/4/29,151,27,70
2021/4/30,327,23,43
2021/5/1,294,28,52
2021/5/2,310,19,48
2021/5/3,165,32,65
2021/5/4,176,29,62
2021/5/5,183,23,68
2021/5/6,33,60,173
2021/5/7,25,118,388
2021/5/8,63,49,116
2021/5/9,188,29,64
2021/5/10,146,24,65
2021/5/11,100,29,72
2021/5/12,60,33,89
2021/5/13,73,54,74
2021/5/14,87,49,68
2021/5/15,58,33,57
2021/5/16,104,14,52
2021/5/17,65,18,76
2021/5/18,36,30,105
2021/5/19,13,36,126
2021/5/20,25,49,101
2021/5/21,13,74,130
2021/5/22,18,56,140
