指标名称,全国建筑钢材成交量:主流贸易商:合计(日)
2015/3/17,234809
2015/3/18,200479
2015/3/19,185989
2015/3/20,181230
2015/3/23,264250
2015/3/24,266450
2015/3/25,207277
2015/3/26,178157
2015/3/27,180015
2015/3/30,220125
2015/3/31,213717
2015/4/1,197931
2015/4/2,175183
2015/4/3,180385
2015/4/7,179343
2015/4/8,183934
2015/4/9,178055
2015/4/10,209595
2015/4/13,234032
2015/4/14,260281
2015/4/15,195997
2015/4/16,194950
2015/4/17,192200
2015/4/20,214090
2015/4/21,203054
2015/4/22,215820
2015/4/23,195668
2015/4/24,221320
2015/4/27,231937
2015/4/28,215982
2015/4/29,195431
2015/4/30,179820
2015/5/4,214398
2015/5/5,197808
2015/5/6,183163
2015/5/7,174730
2015/5/8,183145
2015/5/11,184903
2015/5/12,180792
2015/5/13,173332
2015/5/14,174439
2015/5/15,176580
2015/5/18,184417
2015/5/19,174346
2015/5/20,162764
2015/5/21,183195
2015/5/22,183222
2015/5/25,201964
2015/5/26,189477
2015/5/27,165458
2015/5/28,163706
2015/5/29,169348
2015/6/1,185992
2015/6/2,142850
2015/6/3,156610
2015/6/4,152931
2015/6/5,166128
2015/6/8,165037
2015/6/9,158114
2015/6/10,150362
2015/6/11,151660
2015/6/12,159298
2015/6/15,161136
2015/6/16,135095
2015/6/17,131557
2015/6/18,150026
2015/6/19,160001
2015/6/23,171239
2015/6/24,158099
2015/6/25,143495
2015/6/26,156884
2015/6/29,156276
2015/6/30,148992
2015/7/1,149950
2015/7/2,143166
2015/7/3,163419
2015/7/6,153885
2015/7/7,151826
2015/7/8,147312
2015/7/9,190787
2015/7/10,210881
2015/7/13,211102
2015/7/14,173772
2015/7/15,163849
2015/7/16,163396
2015/7/17,169526
2015/7/20,226740
2015/7/21,183709
2015/7/22,157794
2015/7/23,151710
2015/7/24,170188
2015/7/27,212010
2015/7/28,194032
2015/7/29,200880
2015/7/30,176986
2015/7/31,174451
2015/8/3,234311
2015/8/4,186502
2015/8/5,164309
2015/8/6,163070
2015/8/7,158422
2015/8/10,152705
2015/8/11,171446
2015/8/12,167992
2015/8/13,172000
2015/8/14,171740
2015/8/17,172362
2015/8/18,155475
2015/8/19,147878
2015/8/20,144840
2015/8/21,155663
2015/8/24,138877
2015/8/25,143503
2015/8/26,150550
2015/8/27,145240
2015/8/28,153772
2015/8/31,162082
2015/9/1,163823
2015/9/2,153057
2015/9/6,172186
2015/9/7,167238
2015/9/8,163770
2015/9/9,182300
2015/9/10,162097
2015/9/11,166654
2015/9/14,182898
2015/9/15,157542
2015/9/16,168927
2015/9/17,167049
2015/9/18,175529
2015/9/21,183064
2015/9/22,165539
2015/9/23,170710
2015/9/24,171937
2015/9/25,180363
2015/9/28,187520
2015/9/29,171827
2015/9/30,139820
2015/10/8,189050
2015/10/9,180260
2015/10/10,161143
2015/10/12,206001
2015/10/13,162030
2015/10/14,153576
2015/10/15,158133
2015/10/16,171211
2015/10/19,191980
2015/10/20,176155
2015/10/21,166983
2015/10/22,162340
2015/10/23,174960
2015/10/26,196895
2015/10/27,177220
2015/10/28,168880
2015/10/29,151100
2015/10/30,153728
2015/11/2,188170
2015/11/3,173270
2015/11/4,153245
2015/11/5,153001
2015/11/6,158520
2015/11/9,157196
2015/11/10,148966
2015/11/11,143050
2015/11/12,136043
2015/11/13,145715
2015/11/16,160522
2015/11/17,147181
2015/11/18,132757
2015/11/19,134900
2015/11/20,141837
2015/11/23,141537
2015/11/24,131000
2015/11/25,155722
2015/11/26,159818
2015/11/27,146302
2015/11/30,154461
2015/12/1,144490
2015/12/2,139533
2015/12/3,144537
2015/12/4,151287
2015/12/7,163069
2015/12/8,138010
2015/12/9,129610
2015/12/10,127447
2015/12/11,142610
2015/12/14,165170
2015/12/15,179850
2015/12/16,159629
2015/12/17,167420
2015/12/18,171660
2015/12/21,195728
2015/12/22,146667
2015/12/23,135271
2015/12/24,137545
2015/12/25,159975
2015/12/28,191540
2015/12/29,182630
2015/12/30,160746
2015/12/31,145620
2016/1/4,192232
2016/1/5,142809
2016/1/6,131586
2016/1/7,125686
2016/1/8,140051
2016/1/11,137972
2016/1/12,122130
2016/1/13,119773
2016/1/14,124613
2016/1/15,137846
2016/1/18,142249
2016/1/19,114130
2016/1/20,100219
2016/1/21,86028
2016/1/22,82595
2016/1/25,86820
2016/1/26,70600
2016/1/27,66163
2016/1/28,49855
2016/1/29,44660
2016/2/14,1970
2016/2/15,5480
2016/2/16,27166
2016/2/17,47836
2016/2/18,56474
2016/2/19,53626
2016/2/22,85735
2016/2/23,75468
2016/2/24,74310
2016/2/25,83959
2016/2/26,92873
2016/2/29,167945
2016/3/1,218163
2016/3/2,198710
2016/3/3,165810
2016/3/4,165684
2016/3/7,329950
2016/3/8,262170
2016/3/9,122284
2016/3/10,166956
2016/3/11,139307
2016/3/14,164983
2016/3/15,149332
2016/3/16,159269
2016/3/17,245644
2016/3/18,225119
2016/3/21,213096
2016/3/22,170681
2016/3/23,200853
2016/3/24,143715
2016/3/25,179030
2016/3/28,220541
2016/3/29,165431
2016/3/30,169028
2016/3/31,214388
2016/4/1,203388
2016/4/5,222031
2016/4/6,178687
2016/4/7,196462
2016/4/8,213267
2016/4/11,246119
2016/4/12,181688
2016/4/13,197496
2016/4/14,156870
2016/4/15,153243
2016/4/18,246128
2016/4/19,224516
2016/4/20,196903
2016/4/21,194947
2016/4/22,135306
2016/4/25,155815
2016/4/26,132664
2016/4/27,132864
2016/4/28,215606
2016/4/29,181469
2016/5/3,139698
2016/5/4,133858
2016/5/5,133988
2016/5/6,161228
2016/5/9,120049
2016/5/10,185015
2016/5/11,194218
2016/5/12,149773
2016/5/13,142579
2016/5/16,165987
2016/5/17,215110
2016/5/18,185982
2016/5/19,147344
2016/5/20,149153
2016/5/23,138227
2016/5/24,185924
2016/5/25,161699
2016/5/26,148689
2016/5/27,222823
2016/5/30,158653
2016/5/31,149336
2016/6/1,148817
2016/6/2,168551
2016/6/3,192469
2016/6/6,235710
2016/6/7,180280
2016/6/8,156932
2016/6/12,160075
2016/6/13,201171
2016/6/14,136745
2016/6/15,136482
2016/6/16,146920
2016/6/17,160873
2016/6/20,151948
2016/6/21,178717
2016/6/22,178490
2016/6/23,149187
2016/6/24,141889
2016/6/27,230299
2016/6/28,152237
2016/6/29,127541
2016/6/30,185090
2016/7/1,175694
2016/7/4,159268
2016/7/5,130745
2016/7/6,123546
2016/7/7,168439
2016/7/8,147887
2016/7/11,186033
2016/7/12,195296
2016/7/13,154521
2016/7/14,120342
2016/7/15,144406
2016/7/18,147045
2016/7/19,128101
2016/7/20,134279
2016/7/21,215713
2016/7/22,136892
2016/7/25,169283
2016/7/26,170859
2016/7/27,162386
2016/7/28,156542
2016/7/29,128123
2016/8/1,193512
2016/8/2,128967
2016/8/3,125283
2016/8/4,119663
2016/8/5,187171
2016/8/8,210190
2016/8/9,142634
2016/8/10,135345
2016/8/11,159674
2016/8/12,170074
2016/8/15,171443
2016/8/16,216581
2016/8/17,138583
2016/8/18,120297
2016/8/19,152567
2016/8/22,170689
2016/8/23,157960
2016/8/24,139325
2016/8/25,135838
2016/8/26,128699
2016/8/29,148300
2016/8/30,133162
2016/8/31,116131
2016/9/1,141599
2016/9/2,170032
2016/9/5,158045
2016/9/6,130514
2016/9/7,119517
2016/9/8,138685
2016/9/9,194206
2016/9/12,161544
2016/9/13,174115
2016/9/14,144927
2016/9/18,155647
2016/9/19,194002
2016/9/20,199446
2016/9/21,139044
2016/9/22,169668
2016/9/23,158273
2016/9/26,230295
2016/9/27,162019
2016/9/28,188568
2016/9/29,196374
2016/9/30,148826
2016/10/8,204674
2016/10/9,204133
2016/10/10,166169
2016/10/11,184764
2016/10/12,156123
2016/10/13,144067
2016/10/14,190869
2016/10/17,212590
2016/10/18,149301
2016/10/19,164229
2016/10/20,134888
2016/10/21,116561
2016/10/24,167726
2016/10/25,195036
2016/10/26,132374
2016/10/27,122144
2016/10/28,159506
2016/10/31,196004
2016/11/1,191496
2016/11/2,190742
2016/11/3,170747
2016/11/4,190536
2016/11/7,221235
2016/11/8,142945
2016/11/9,166694
2016/11/10,138426
2016/11/11,175718
2016/11/14,140268
2016/11/15,113025
2016/11/16,110565
2016/11/17,137993
2016/11/18,152394
2016/11/21,143946
2016/11/22,191368
2016/11/23,134022
2016/11/24,133673
2016/11/25,167796
2016/11/28,195303
2016/11/29,126874
2016/11/30,105770
2016/12/1,192366
2016/12/2,144259
2016/12/5,208312
2016/12/6,150555
2016/12/7,204499
2016/12/8,148192
2016/12/9,167752
2016/12/12,196483
2016/12/13,135574
2016/12/14,109942
2016/12/15,151247
2016/12/16,170918
2016/12/19,126735
2016/12/20,120942
2016/12/21,147802
2016/12/22,100794
2016/12/23,120879
2016/12/26,108401
2016/12/27,163446
2016/12/28,168388
2016/12/29,126207
2016/12/30,127813
2017/1/3,162899
2017/1/4,136389
2017/1/5,147262
2017/1/6,117175
2017/1/9,137248
2017/1/10,152196
2017/1/11,108777
2017/1/12,104460
2017/1/13,85147
2017/1/16,96981
2017/1/17,56982
2017/1/18,39682
2017/1/19,26350
2017/1/20,16438
2017/2/6,16880
2017/2/7,53714
2017/2/8,65111
2017/2/9,79308
2017/2/10,94885
2017/2/13,171014
2017/2/14,129321
2017/2/15,123890
2017/2/16,159930
2017/2/17,178695
2017/2/20,247791
2017/2/21,166880
2017/2/22,115630
2017/2/23,139396
2017/2/24,140984
2017/2/27,215669
2017/2/28,133106
2017/3/1,163757
2017/3/2,160482
2017/3/3,167450
2017/3/6,159629
2017/3/7,157771
2017/3/8,140024
2017/3/9,129445
2017/3/10,175998
2017/3/13,232077
2017/3/14,174172
2017/3/15,184284
2017/3/16,151684
2017/3/17,159321
2017/3/20,187823
2017/3/21,132254
2017/3/22,117874
2017/3/23,176516
2017/3/24,160334
2017/3/27,153908
2017/3/28,202216
2017/3/29,213215
2017/3/30,167412
2017/3/31,166325
2017/4/1,148331
2017/4/5,220602
2017/4/6,151148
2017/4/7,158962
2017/4/10,144269
2017/4/11,145349
2017/4/12,135462
2017/4/13,197773
2017/4/14,187368
2017/4/17,169445
2017/4/18,161340
2017/4/19,190676
2017/4/20,172353
2017/4/21,238150
2017/4/24,215784
2017/4/25,239638
2017/4/26,247401
2017/4/27,191897
2017/4/28,239603
2017/5/2,220069
2017/5/3,183568
2017/5/4,144756
2017/5/5,178135
2017/5/8,202744
2017/5/9,170278
2017/5/10,227436
2017/5/11,161124
2017/5/12,169107
2017/5/15,210050
2017/5/16,190472
2017/5/17,226417
2017/5/18,192119
2017/5/19,210299
2017/5/22,218842
2017/5/23,146111
2017/5/24,137621
2017/5/25,195660
2017/5/26,195215
2017/5/27,186270
2017/5/31,177551
2017/6/1,168419
2017/6/2,183880
2017/6/5,166373
2017/6/6,193344
2017/6/7,173436
2017/6/8,193381
2017/6/9,192489
2017/6/12,190263
2017/6/13,141048
2017/6/14,198386
2017/6/15,191310
2017/6/16,165495
2017/6/19,197793
2017/6/20,156048
2017/6/21,145681
2017/6/22,150236
2017/6/23,165856
2017/6/26,216889
2017/6/27,199260
2017/6/28,202646
2017/6/29,176126
2017/6/30,159467
2017/7/3,199234
2017/7/4,160652
2017/7/5,167341
2017/7/6,151321
2017/7/7,179411
2017/7/10,224380
2017/7/11,202421
2017/7/12,170784
2017/7/13,171950
2017/7/14,156027
2017/7/17,223358
2017/7/18,173455
2017/7/19,194285
2017/7/20,139826
2017/7/21,170493
2017/7/24,204979
2017/7/25,178612
2017/7/26,156457
2017/7/27,136236
2017/7/28,167541
2017/7/31,227760
2017/8/1,165974
2017/8/2,146184
2017/8/3,193175
2017/8/4,204136
2017/8/7,227590
2017/8/8,134827
2017/8/9,170023
2017/8/10,217386
2017/8/11,145193
2017/8/14,149618
2017/8/15,153136
2017/8/16,155838
2017/8/17,243016
2017/8/18,197758
2017/8/21,232689
2017/8/22,159371
2017/8/23,132241
2017/8/24,180509
2017/8/25,174596
2017/8/28,176613
2017/8/29,154603
2017/8/30,152566
2017/8/31,184925.64
2017/9/1,223030
2017/9/4,191773
2017/9/5,163566
2017/9/6,171206
2017/9/7,153698
2017/9/8,188779
2017/9/11,215023
2017/9/12,201950
2017/9/13,189318
2017/9/14,166236
2017/9/15,162481
2017/9/18,215207
2017/9/19,176270
2017/9/20,178221
2017/9/21,151792
2017/9/22,166511
2017/9/25,212290
2017/9/26,244317
2017/9/27,242420
2017/9/28,197228
2017/9/29,220832
2017/9/30,138133
2017/10/9,236870
2017/10/10,155673
2017/10/11,183670
2017/10/12,207143
2017/10/13,241946
2017/10/16,173552
2017/10/17,156924
2017/10/18,144016
2017/10/19,156585
2017/10/20,236641
2017/10/23,200723
2017/10/24,202664
2017/10/25,170602
2017/10/26,158778
2017/10/27,167824
2017/10/30,187691
2017/10/31,214684
2017/11/1,181864
2017/11/2,191073
2017/11/3,192863
2017/11/6,245498
2017/11/7,179147
2017/11/8,188208
2017/11/9,203888
2017/11/10,220296
2017/11/13,239188
2017/11/14,215637
2017/11/15,164057
2017/11/16,172139
2017/11/17,186197
2017/11/20,231117
2017/11/21,215585
2017/11/22,202727
2017/11/23,180422
2017/11/24,183725
2017/11/27,238843
2017/11/28,214998
2017/11/29,201592
2017/11/30,193670
2017/12/1,161191
2017/12/4,209670
2017/12/5,168801
2017/12/6,131927
2017/12/7,129497
2017/12/8,193362
2017/12/11,194596
2017/12/12,152037
2017/12/13,132390
2017/12/14,123951
2017/12/15,146220
2017/12/18,167801
2017/12/19,128947
2017/12/20,134299
2017/12/21,153954
2017/12/22,168540
2017/12/25,140755
2017/12/26,166389
2017/12/27,168262
2017/12/28,143036
2017/12/29,179955
2018/1/2,187995
2018/1/3,135487
2018/1/4,100929
2018/1/5,126492
2018/1/8,133058
2018/1/9,131708
2018/1/10,149468
2018/1/11,128067
2018/1/12,141615
2018/1/15,190878
2018/1/16,188953
2018/1/17,166961
2018/1/18,203753
2018/1/19,185990
2018/1/22,142012
2018/1/23,120734
2018/1/24,124420
2018/1/25,103156
2018/1/26,80883
2018/1/29,98746
2018/1/30,85229
2018/1/31,71461
2018/2/1,81449
2018/2/2,71634
2018/2/26,97805
2018/2/27,80911
2018/2/28,70917
2018/3/1,94593
2018/3/2,68878
2018/3/5,105628
2018/3/6,127401
2018/3/7,99610
2018/3/8,92403
2018/3/9,135941
2018/3/12,191544
2018/3/13,137417
2018/3/14,218437
2018/3/15,179894
2018/3/16,166851
2018/3/19,163705
2018/3/20,163644
2018/3/21,165353
2018/3/22,155747
2018/3/23,152435
2018/3/26,174587
2018/3/27,274944
2018/3/28,179772
2018/3/29,202988
2018/3/30,275404
2018/4/2,237949
2018/4/3,203364
2018/4/4,203371
2018/4/8,178954
2018/4/9,252014
2018/4/10,232657
2018/4/11,166336
2018/4/12,183342
2018/4/13,230972
2018/4/16,182084
2018/4/17,248529
2018/4/18,235353
2018/4/19,244951
2018/4/20,197645
2018/4/23,293765
2018/4/24,221331
2018/4/25,197943
2018/4/26,198446
2018/4/27,239437
2018/4/28,242970
2018/5/2,287389
2018/5/3,195298
2018/5/4,186454
2018/5/7,217116
2018/5/8,167419
2018/5/9,151481
2018/5/10,189204
2018/5/11,248803
2018/5/14,213044
2018/5/15,205312
2018/5/16,202898
2018/5/17,174454
2018/5/18,167155
2018/5/21,166311
2018/5/22,156579
2018/5/23,156290.787
2018/5/24,223686
2018/5/25,178163.954
2018/5/28,195921.159
2018/5/29,226528.933
2018/5/30,187307.759
2018/5/31,187141.995
2018/6/1,188540.487
2018/6/4,166592.698
2018/6/5,179823.214
2018/6/6,191908.999
2018/6/7,176796.108
2018/6/8,152463.151
2018/6/11,210149.598
2018/6/12,211100.851
2018/6/13,190298.773
2018/6/14,186638.441
2018/6/15,168190.453
2018/6/19,142556.748
2018/6/20,190002.685
2018/6/21,174972
2018/6/22,153126.007
2018/6/25,174560
2018/6/26,142867.069
2018/6/27,185201
2018/6/28,175176.169
2018/6/29,186105.461
2018/7/2,165945.2
2018/7/3,154478.465
2018/7/4,191688.156
2018/7/5,146417.128
2018/7/6,154111
2018/7/9,218369.87
2018/7/10,195433.516
2018/7/11,145875.348
2018/7/12,199035.488
2018/7/13,169718.834
2018/7/16,180274.002
2018/7/17,156723
2018/7/18,196482.727
2018/7/19,210025.332
2018/7/20,175345.414
2018/7/23,226315.381
2018/7/24,160448.848
2018/7/25,180098.671
2018/7/26,169980.585
2018/7/27,228197
2018/7/30,238265.868
2018/7/31,191352.945
2018/8/1,169318
2018/8/2,138355.372
2018/8/3,192536
2018/8/6,213648.734
2018/8/7,189689.274
2018/8/8,169090
2018/8/9,159495.575
2018/8/10,185810
2018/8/13,254832
2018/8/14,171208
2018/8/15,156435
2018/8/16,155111
2018/8/17,228117
2018/8/20,227592.627
2018/8/21,151097.769
2018/8/22,165609
2018/8/23,139763.178
2018/8/24,182411.231
2018/8/27,150566.224
2018/8/28,168763.41
2018/8/29,188678.395
2018/8/30,127887.56
2018/8/31,157469.508
2018/9/3,188253
2018/9/4,200011
2018/9/5,155037
2018/9/6,221410
2018/9/7,203030
2018/9/10,218758.625
2018/9/11,143743.213
2018/9/12,169294
2018/9/13,191550.555
2018/9/14,210482.046
2018/9/17,162563
2018/9/18,201873.527
2018/9/19,184753
2018/9/20,164703.264
2018/9/21,205682.504
2018/9/25,172331.812
2018/9/26,228156
2018/9/27,210014.426
2018/9/28,211862
2018/9/29,232349.03
2018/9/30,185557
2018/10/8,268031.803
2018/10/9,239466.184
2018/10/10,203154.907
2018/10/11,191484.447
2018/10/12,232436.213
2018/10/15,244101
2018/10/16,184186
2018/10/17,222564.192
2018/10/18,169615.812
2018/10/19,201799.69
2018/10/22,224796.675
2018/10/23,176924.074
2018/10/24,199767
2018/10/25,184760.13
2018/10/26,218381.881
2018/10/29,185451.471
2018/10/30,192645
2018/10/31,169610.551
2018/11/1,170174.104
2018/11/2,184853.221
2018/11/5,192609
2018/11/6,143356.83
2018/11/7,137984.151
2018/11/8,158691.376
2018/11/9,160584.483
2018/11/12,159279
2018/11/13,189284.661
2018/11/14,199378.187
2018/11/15,149444.442
2018/11/16,164514.004
2018/11/19,153559.257
2018/11/20,131610.017
2018/11/21,154776.078
2018/11/22,168721.429
2018/11/23,152608
2018/11/26,152096.672
2018/11/27,148659.888
2018/11/28,214825.58
2018/11/29,158740.072
2018/11/30,164416.25
2018/12/3,197270.527
2018/12/4,160680
2018/12/5,165584
2018/12/6,122553
2018/12/7,162290.123
2018/12/10,123607.649
2018/12/11,134720.8
2018/12/12,153362.6
2018/12/13,192946.56
2018/12/14,164752
2018/12/17,175494
2018/12/18,150598
2018/12/19,154895
2018/12/20,182445
2018/12/21,177994.52
2018/12/24,178038
2018/12/25,146858.29
2018/12/26,152278.5
2018/12/27,140210
2018/12/28,146234
2018/12/29,135477
2019/1/2,145008.162
2019/1/3,168674
2019/1/4,151595
2019/1/7,168301.345
2019/1/8,129848
2019/1/9,129321
2019/1/10,119975
2019/1/11,136060
2019/1/14,149410
2019/1/15,104730
2019/1/16,108727
2019/1/17,140700
2019/1/18,130668
2019/1/21,104123
2019/1/22,88326
2019/1/23,70623
2019/1/24,60201
2019/1/25,51725
2019/2/13,17158
2019/2/14,16115
2019/2/15,21565
2019/2/18,43863
2019/2/19,45541
2019/2/20,57701
2019/2/21,93597
2019/2/22,128288.174
2019/2/25,147714
2019/2/26,155884
2019/2/27,135143.876
2019/2/28,138911.65
2019/3/1,226350
2019/3/4,200980
2019/3/5,152267
2019/3/6,158461.105
2019/3/7,204726.505
2019/3/8,157379.735
2019/3/11,193957.028
2019/3/12,267551
2019/3/13,192139.401
2019/3/14,173506.625
2019/3/15,191989
2019/3/18,258019
2019/3/19,210860
2019/3/20,174589
2019/3/21,186661.683
2019/3/22,183252.015
2019/3/25,190373.48
2019/3/26,167714
2019/3/27,192825.908
2019/3/28,165820.375
2019/3/29,200153.88
2019/4/1,279196
2019/4/2,238525.271
2019/4/3,223540
2019/4/4,196351
2019/4/8,331627.953
2019/4/9,211154
2019/4/10,198989.815
2019/4/11,201230
2019/4/12,204460.757
2019/4/15,273644.256
2019/4/16,174788.869
2019/4/17,190961
2019/4/18,161874
2019/4/19,237866.531
2019/4/22,214997
2019/4/23,174642.085
2019/4/24,178115.279
2019/4/25,239708.825
2019/4/26,192632.855
2019/4/28,204255.842
2019/4/29,214597.974
2019/4/30,198925.642
2019/5/5,237652.903
2019/5/6,168100.235
2019/5/7,231560.123
2019/5/8,168411.293
2019/5/9,170652.196
2019/5/10,222977.23
2019/5/13,192065.695
2019/5/14,176764.026
2019/5/15,229553.411
2019/5/16,219931.627
2019/5/17,229158.066
2019/5/20,208270.49
2019/5/21,271377.535
2019/5/22,185191.588
2019/5/23,170504.711
2019/5/24,200882.914
2019/5/27,180722.992
2019/5/28,165891.185
2019/5/29,162981.729
2019/5/30,161739
2019/5/31,186823.219
2019/6/3,185864.619
2019/6/4,257687.422
2019/6/5,184947.518
2019/6/6,174583.398
2019/6/10,200005.032
2019/6/11,262640.84
2019/6/12,155997
2019/6/13,165183.824
2019/6/14,186579.384
2019/6/17,184710.384
2019/6/18,193447.582
2019/6/19,171800.279
2019/6/20,177744.84
2019/6/21,182171.54
2019/6/24,233549.35
2019/6/25,194674.587
2019/6/26,154512.677
2019/6/27,194850.197
2019/6/28,178480.16
2019/7/1,219038.977
2019/7/2,161654.301
2019/7/3,156989.264
2019/7/4,173179.022
2019/7/5,156576.51
2019/7/8,185879.958
2019/7/9,212138.296
2019/7/10,150823
2019/7/11,185968.51
2019/7/12,168503.209
2019/7/15,247491.224
2019/7/16,188321.116
2019/7/17,183498.31
2019/7/18,160195
2019/7/19,219059.71
2019/7/22,208049.333
2019/7/23,164008.067
2019/7/24,149477
2019/7/25,219191
2019/7/26,178038
2019/7/29,171611.495
2019/7/30,202932
2019/7/31,164324
2019/8/1,144843
2019/8/2,169167
2019/8/5,167432
2019/8/6,160244
2019/8/7,179138
2019/8/8,200709
2019/8/9,142246
2019/8/12,213799
2019/8/13,193610
2019/8/14,160718
2019/8/15,174300
2019/8/16,194797
2019/8/19,238281
2019/8/20,156210
2019/8/21,169851
2019/8/22,203583
2019/8/23,201247
2019/8/26,173459
2019/8/27,156601
2019/8/28,204400
2019/8/29,155155
2019/8/30,216126
2019/9/2,269875
2019/9/3,181571
2019/9/4,198961
2019/9/5,215163
2019/9/6,178706
2019/9/9,276614
2019/9/10,193132
2019/9/11,209890
2019/9/12,222876
2019/9/16,276225
2019/9/17,186518.51
2019/9/18,193006
2019/9/19,163870
2019/9/20,212841.933
2019/9/23,303060
2019/9/24,215201
2019/9/25,224358
2019/9/26,209898
2019/9/27,229127
2019/9/29,220808
2019/9/30,140216
2019/10/8,236373
2019/10/9,211601
2019/10/10,209217.53
2019/10/11,207011
2019/10/12,219487
2019/10/14,208844
2019/10/15,185768
2019/10/16,176965
2019/10/17,196906
2019/10/18,214506
2019/10/21,209226
2019/10/22,204971
2019/10/23,200522
2019/10/24,192574
2019/10/25,214850
2019/10/28,220074
2019/10/29,217487
2019/10/30,213998
2019/10/31,203900
2019/11/1,202546
2019/11/4,232833
2019/11/5,234818
2019/11/6,217442
2019/11/7,181323
2019/11/8,191056
2019/11/11,233945
2019/11/12,241485
2019/11/13,201250
2019/11/14,230306
2019/11/15,233752
2019/11/18,244763
2019/11/19,237649
2019/11/20,214755
2019/11/21,173155
2019/11/22,211338
2019/11/25,240888
2019/11/26,158784
2019/11/27,149685
2019/11/28,166891
2019/11/29,176065
2019/12/2,193126
2019/12/3,158964
2019/12/4,149335
2019/12/5,140875
2019/12/6,167127
2019/12/9,212535
2019/12/10,160826
2019/12/11,163811
2019/12/12,143048
2019/12/13,161943
2019/12/16,168310
2019/12/17,158172
2019/12/18,156019
2019/12/19,175500
2019/12/20,160455
2019/12/23,155154
2019/12/24,132252
2019/12/25,129245
2019/12/26,145418
2019/12/27,161138
2019/12/30,165508
2019/12/31,149910
2020/1/2,161485
2020/1/3,156129
2020/1/6,150041
2020/1/7,127661
2020/1/8,130966
2020/1/9,98439
2020/1/10,92655
2020/1/13,63566
2020/1/14,46990
2020/1/15,36901
2020/1/16,31141
2020/1/17,14181
2020/2/10,2278
2020/2/11,5034
2020/2/12,5560
2020/2/13,4976
2020/2/14,6835
2020/2/17,9538
2020/2/18,10219
2020/2/19,15656
2020/2/20,38712
2020/2/21,45928
2020/2/24,64470
2020/2/25,57570
2020/2/26,47142
2020/2/27,52067
2020/2/28,48350
2020/3/2,144501
2020/3/3,101581
2020/3/4,109069
2020/3/5,116295
2020/3/6,111318
2020/3/9,142354
2020/3/10,161909
2020/3/11,201068
2020/3/12,143254
2020/3/13,201464.526
2020/3/16,225603
2020/3/17,165304
2020/3/18,211665
2020/3/19,147187
2020/3/20,189795
2020/3/23,178488
2020/3/24,222179
2020/3/25,220210
2020/3/26,171379
2020/3/27,194652
2020/3/30,177493
2020/3/31,188124
2020/4/1,174588
2020/4/2,275406
2020/4/3,205268
2020/4/7,242740
2020/4/8,260590
2020/4/9,260047
2020/4/10,247891
2020/4/13,288953
2020/4/14,196145
2020/4/15,208577
2020/4/16,231737
2020/4/17,226064
2020/4/20,223406
2020/4/21,208052
2020/4/22,248782
2020/4/23,201406
2020/4/24,237426
2020/4/26,214955
2020/4/27,255098
2020/4/28,239700
2020/4/29,260013
2020/4/30,253742
2020/5/6,301752
2020/5/7,266159
2020/5/8,231511
2020/5/9,208660
2020/5/11,236964
2020/5/12,223609
2020/5/13,224909
2020/5/14,227889
2020/5/15,286423
2020/5/18,309344
2020/5/19,232261
2020/5/20,205615
2020/5/21,227629
2020/5/22,216909
2020/5/25,239907
2020/5/26,215370
2020/5/27,249661
2020/5/28,224169
2020/5/29,304314
2020/6/1,272121
2020/6/2,264725
2020/6/3,215405
2020/6/4,207783
2020/6/5,193895
2020/6/8,268472
2020/6/9,214962
2020/6/10,181491
2020/6/11,190900
2020/6/12,252109
2020/6/15,188010
2020/6/16,188966
2020/6/17,190715
2020/6/18,203947
2020/6/19,244688
2020/6/22,200635
2020/6/23,205508
2020/6/24,213482
2020/6/28,202148
2020/6/29,176094
2020/6/30,208876
2020/7/1,196294
2020/7/2,209965
2020/7/3,260081
2020/7/6,242354
2020/7/7,255134
2020/7/8,260507
2020/7/9,221537
2020/7/10,208595
2020/7/13,254351
2020/7/14,197027
2020/7/15,185830
2020/7/16,173484
2020/7/17,208034
2020/7/20,196479.985
2020/7/21,250944
2020/7/22,224155
2020/7/23,209140.523
2020/7/24,183352
2020/7/27,193030
2020/7/28,207504
2020/7/29,240201
2020/7/30,217832
2020/7/31,209447
2020/8/3,305432
2020/8/4,204161
2020/8/5,215243
2020/8/6,220354
2020/8/7,202524
2020/8/10,227600
2020/8/11,216729
2020/8/12,192078
2020/8/13,201378
2020/8/14,232198
2020/8/17,261801
2020/8/18,221992
2020/8/19,175150
2020/8/20,183182
2020/8/21,223043
2020/8/24,242130
2020/8/25,199142
2020/8/26,196661
2020/8/27,188609
2020/8/28,243850
2020/8/31,267903
2020/9/1,210634
2020/9/2,210828
2020/9/3,233131.006
2020/9/4,212924.687
2020/9/7,245474
2020/9/8,217823
2020/9/9,196256
2020/9/10,193856
2020/9/11,266295
2020/9/14,257236
2020/9/15,186694
2020/9/16,187194
2020/9/17,212218
2020/9/18,236952
2020/9/21,213102
2020/9/22,228569
2020/9/23,217998
2020/9/24,248484
2020/9/25,241896
2020/9/27,264137
2020/9/28,274309
2020/9/29,247345
2020/9/30,179735
2020/10/9,347683
2020/10/10,258244
2020/10/12,256564
2020/10/13,208671
2020/10/14,197931
2020/10/15,203398
2020/10/16,254983
2020/10/19,245718
2020/10/20,220825
2020/10/21,260707
2020/10/22,219670
2020/10/23,237415
2020/10/26,245053
2020/10/27,240789
2020/10/28,269721
2020/10/29,234037
2020/10/30,248644
2020/11/2,290308
2020/11/3,228195
2020/11/4,260719
2020/11/5,217471
2020/11/6,270925
2020/11/9,304896
2020/11/10,198682
2020/11/11,196262
2020/11/12,212063
2020/11/13,216126
2020/11/16,256277
2020/11/17,253780
2020/11/18,204864
2020/11/19,211455
2020/11/20,209330
2020/11/23,181373
2020/11/24,176602
2020/11/25,157308
2020/11/26,197108
2020/11/27,196881
2020/11/30,206891
2020/12/1,178113
2020/12/2,195549
2020/12/3,168650
2020/12/4,217343
2020/12/7,274890
2020/12/8,204126
2020/12/9,236692
2020/12/10,243419
2020/12/11,196454
2020/12/14,194367
2020/12/15,229933
2020/12/16,222272
2020/12/17,194983
2020/12/18,206851
2020/12/21,291635
2020/12/22,179922
2020/12/23,154408
2020/12/24,158858
2020/12/28,180303
2020/12/29,156157
2020/12/30,181214
2020/12/31,180874
2021/1/4,227437
2021/1/5,185625
2021/1/6,148070
2021/1/7,175332
2021/1/8,155217
2021/1/11,149023
2021/1/12,133357
2021/1/13,127765
2021/1/14,127382
2021/1/15,163003
2021/1/19,111295
2021/1/20,104476
2021/1/21,105053
2021/1/22,84335
2021/1/25,81532
2021/1/26,65772
2021/1/27,61128
2021/1/28,45630
2021/1/29,33890
2021/2/1,24185
2021/2/2,31351
2021/2/3,18345
2021/2/4,12414
2021/2/5,7502
2021/2/22,101029
2021/2/23,75899
2021/2/24,86225
2021/2/25,132342
2021/2/26,87982
2021/3/1,121448
2021/3/2,196876
2021/3/3,179875
2021/3/4,147499
2021/3/5,158605
2021/3/8,183858
2021/3/9,156586
2021/3/10,164316
2021/3/11,240984
2021/3/12,160804
2021/3/15,253387
2021/3/16,169534
2021/3/17,211348
2021/3/18,201454
2021/3/19,196543
2021/3/22,214585
2021/3/23,206128
2021/3/24,287639
2021/3/25,229750
2021/3/26,293231
2021/3/29,289660
2021/3/30,236431
2021/3/31,222700
2021/4/1,350676
2021/4/2,288508
2021/4/6,295484
2021/4/7,243413
2021/4/8,253123
2021/4/9,238015
2021/4/12,212429
2021/4/13,320508
2021/4/14,219217
2021/4/15,233370
2021/4/16,241148
2021/4/19,255202
2021/4/20,286756
2021/4/21,248862
2021/4/22,266652
2021/4/23,307636
2021/4/25,226074
2021/4/26,249779
2021/4/27,258437
2021/4/28,239344
2021/4/29,291620
2021/4/30,204119
2021/5/6,321562
2021/5/7,280522
2021/5/8,287509
2021/5/10,328575
2021/5/11,212533
2021/5/12,218511
2021/5/13,159681
2021/5/14,173080
2021/5/17,164630
2021/5/18,181026
2021/5/19,137738
2021/5/20,210556
2021/5/21,193998
2021/5/24,184026
,
,
,
